,title,contents
2,일본 고양이 가방 근황,개쩌 리얼리티 박제 의심 정도 일본 고양이 가방 오더메이드 가격 개쩐다 하나 백만원 유사품 피해자 속출중 연예인 트위터
4,가정파탄 코인충 기승전결,그와중 원금회복 더넣네 코인 잃은거 코인 강원랜드 카라 잃은거 카라 이유
6,남자가 필요하다는 여간호사,이거 이해 수두룩 진짜 유동많고 병원들 경찰 배치 필요 생각듬
8,모바일 게임 충격의 홍보 배우,역사 신화 캐릭터들 모바 게임 게임 캐릭터 가슴 모핑 확인 가능 게임 덕분 청소년 이용불가 판정 게임 최근 전속 홍보모델 홍보모델
10,인생을 한순간에 조져버린 방송,방송 이후 킹쁘지 이미지 플렉스님 풀소유 불교익 드립 소멸
11,코인으로,겨울 집값 신축 오피스텔 비트코 투자자 얼마 자산 청년 고급 오피스텔 자신 억원 만원 가상화폐 투자 시작 조씨 월말 수준 자산 로또 수준 자산 취재 제작진 현실성 안느껴진다 그자리 가상화폐 현금 천만원 통장 모습 시간 사이 비트코 시세 시작 시간만 자산 만원 시작 자산 당시 비트코 뺴고 최고급 오피스텔 구매 부모님 구매 현금자산 억쫌 있다했으 평범 직장 평생벌수 번듯
15,일본에 존재하는 한국산,큐슈 미야자키 명칭 한국 일반적 칸코쿠 카라쿠 명칭 한국 정도 실제론 안보 백제 마지막 왕족 죽기전 미야자키 큐슈 고대 한반도 왕래 그때 우호관계 붙힌 명칭 고대 일본 한반도 온나라 대부분 마한 정확 기록
21,현재 개빡친 캡콤 팬들 요약,캡콤 파트 한국 시간 오늘 오전 시작 캡콤 근데 발표한 바이오하자드 멀티 대전 게임 공개 예정 바이오하자드 만들거 몬헌 스토리즈 체험판 몬헌 라이즈 스토리즈랑 연동 장비 이벤트 추가할거 자신 억울 셔츠찢고
24,비웃음 받았던 게임,년대 수준 그래픽 놀림받았던 게임 제작진 대규모 그래픽 패치 준비 이젠 비웃음 모자르
27,중국의 신비한 전기차,비스무리한 근데 뭔가 뭔가 이상 주차장 어케 좌석 가능 근데 못믿어서 실제 진짜 중간 통짜 옵션 기본
31,유튜버 가슴골 논란 나온 육아 유튜버 근황,엄마 아빠 가슴골 대흉근 중요 딸내미 컨트롤 육아 유튜버 헬스 유튜버
35,미원의 년된 분노가 담긴 라면,무해 나트륨 섭취 팩트 위험론 대항
38,전세계 인구 성비 근황,빨강 여성 파랑 남성 인구 밸붕 중국 제외 여성 압도적
46,데뷔 년차 대배우의 인생 조언,데뷔 년차 다양한 작품 다양 캐릭터 인정 연관 검색어 손현주 거지
47,같이 밥먹는데 남편만 살이 자꾸 빠짐,여동생 남편 건강검진 진단 여동생 아무것 못먹 식사량 여동생 이야기 빵터졌다
48,코인을 게임처럼 즐긴다는 청년의 최후,전직 프로게이머 스윙스 어머니 만원 시작 그걸 자산가 본인 피셜 게임 코인 접근 가족들 때문 목숨걸 가족들 자기 많은거 거래스타일 승부사 스타 방법 저점 생각 전재산 몇십억 몇백억 무한반복
55,이상하게 미국에서 인기를 끄는 간식,쿠키 이전 형태 반죽 도우 상태 나름 찰기 적절 별미 이걸 판매 가게들 반죽 종류별 다양 이후 쿠키 도우 인기 자랑중이 미국 국가 추정중이
65,제로투 댄스 유행이 불러버린 참극,달링프 똥맛보 정신 못차리 인싸 아싸걸 업보받음 이래 댄스
70,대한민국이 핀란드에 수출,수출 이런거 진짜 핀란드 한국산 이유 러시아산 미국 눈치 않을거 실전용 예비군용 체험 거기 자기네들 제식소총 비슷해 동구권 한국밖
72,넥슨 근황,넨도로이드들 게임개발 프로젝트 개발자들 사내 대기발령상태 프로젝트 시작 그곳 이력서 사내 구직자 신세 대단 넥슨 이러니 맨날 똥겜들만 줄창내놓지
82,나라 일본반응 근황,똥겜만 일본 유튜버 일본에선 니노쿠니 크로스월드 발매
88,백종원 역대급 창렬가격에 분노,천원아니것슈 원짜리쥬 우삼겹 샐러드 파스타 저사람들 제정신이유 백종원 가격 분노
90,교수 실험기구는 여성을 다루듯이 다뤄주세요,교수 실험기구 여성 여성 교수 여성말 여성 실험기구 스택오버플로우 뇌수
91,딸로 위장하여 등교한 유부녀,미국 학교 담임교사 학생 얼굴 모르는거 수업듣 학생 얼굴 수준 학생들 총기 학생 무신경하니깐 그러는거지 학부모 시각 교시때 이전
96,게임 입문 일차 아버지에게 디시인,입문 일차 아버지 아버지 노량진 오락실 출신 정인 스파 세계 한국 빠요엔들 모이는곳 마지막
98,한국인의 대표적인 착각,콘소메 스위트콘 사람 광고 옥수수 오해 실제 콘소메 스프 고기국 옥수수 연관
100,뇌절의 선을 넘어버린 드라마,로건리 친형 등장 몰입도 한방 인출
115,인방 짜잔 까보니 덜렁덜렁이었습니다,댓글 예상 이외 구독자 본인 목소리 감사 여자 어필 여왕벌 의혹들 문제 이름 남자 넷카마 의혹 요약 유튜버들만 앉는자리 자신 루니오 남동생 소개 누나 잠시후 남동생 증발 소니오 못만났다 이야기 루니오 일러스트레이터 루니오 남동생 이야기 루니오 본인 이야기 여론 빼박남자 아니냐 이러 해명 런해버려서 분노 이야기 블랙말랑카우들 광기 현장
117,부산항에 들어오는 영국항모,중국견제 목적 아시아순방 영국국방부 영국 한국 오랜친구 한국 거문도사건 영일동맹 세계사악 근원 프렌드요
120,년간 실종된 여성이 다락방에서 갇힌 발견되었던 사건,부유 귀족 집안 성장 블랑쉬 실종 발견 당시 귀족가 여인 실종 발견 사건 당시 프랑스 귀족사회 부모 사람 결혼 관습 블랑쉬 부르주아 계층이아닌 파산 변호사 사실상 하층민 취급 남성 사랑 집안 실종 실종 당시 가정 불화로 가출 결론짖고 용의 파산 변호사 주변 조사 최종적 해외 도피 실종 어영부영 조사 법무장관 뮤슈 서명 편지 익명 심각 사건 여성 쓰레기 오물 다락방 부인 그녀 실종 블랑쉬 모니입니다 조사 발견 자기 가족들 다락방 어머니 자기 사람 결혼 다락방 감금생활 발견 당시 몸무게 운신 주변 대변 분변독 욕창때문 온몸 중이 그녀 어머니 변호사 사랑 다락 자백 감옥 사망 친언니도 사실 방치 페이크 진짜 비참한 반대 사랑 이유 인생 그녀 사망 자신 선택 후회 였다 블로그 감금 정신 정신병동 윗말 루머
122,연개소문이 위엄이 쩔었다는 증거,중국 황제 그것 중국사 최고 명군 반열 이세민 상대 고구 실권자 신하 불과 연개소문 황제 선물 쌩까 황제 개소리 황제 소리 기록 한국 중국 사서
127,갓오브워 호불호 거르고 단점인 부분,트롤 트롤 트롤 트롤 트롤 이름 그렌델 트롤 망자 다리 파수꾼 마투그르 헬손 트롤 트롤 트롤 또롤 또로로롤롤 오브 부정 명작 불구 돌려먹기 우려먹기 재탕 이유 갓오브워 산타 모니카 스튜디오 게임 때문 성공 회사 안정 후속작에서 확실 개선 부분
134,강남스타일 영상 근황,레딧 서버 레딧 사람들 강남스타 영상 댓글창 레딧 대신해서
136,다소 괴이한 고전,고전 발견 쌈마 액션물 마스오 쇼이치 작업 액션작화 볼만하다는거 괴작취급받아 물건 문장 뭔가 하나하나 생각 사람 중국 지배하 대왕 모택동 자금성 지하 슈퍼컴퓨터 남녀 하나 초능력 때려잡 반공 액션 활극 옛날 한국의 반공교육 프로파간다물 일제라
142,일본 한국 라면 표절 역전 시대,동남아 불닭볶음면 짝퉁 일본 닛신라면 판매중 비슷 제품 포장 한글
144,백신을 맞았는데 이상하다,머릿속 군단 단어 저그 충성 부딫히
148,수천년동안 사용되었다가 사라진 물건,주판 기원전 메소포타미아 수메르 문명 사용 년대 이후 계산기 컴퓨터 등장 발전 큐브 장난감 지능 개발 유희용 도구 전락 탑승감 하나 만큼
161,우리집 현재 근황,철거 건물 붕괴 학동 퇴근 경찰들이 소방관 잔해 고생
176,한국영화 역사상 가장 충격적인 오프닝,거사 준비 안중근 운명 하얼빈 야수 심정 이토 히로부미 안중근 적절 이토에 권총 암살 대비 일본군 거사 실패 안중근 재판 현장 사살 암살 미수 사건 조선 초대총독 이토 히로부미 파고다공원 불법집회 무산 이토 총독 이노우에 훙커우 공원 윤봉길 현장 사살 연합군 참전 일본군 만주국 점령 일본 베를린 최초 원폭 세계대전 종료 일본 상임이사국 가입 사쿠라 인공위성 발사 대한민국 서울 일본 올림픽 개최 일본 월드컵 개최 이동국 일본 월드컵 참가 가슴 일장기 경성 경성 서울 일본 풍경 모습 표지판 일본어 조선총독부 건물 건재 상황 경성 광장 한복판 도요토미 히데요시 동상 조선 총독부 등지 모습 영화 오프닝 세계관 대한민국 국가 독립 일본 종속 역사 장동건 나카무라 토오루 주연 한일합작 영화 년작 로스트메모리즈 참신 소재 영화적 완성도 영화 가량 충격적 도입부 회자
179,거주 이전의 자유가 없다는 베트남의 문화,베트남 거주 이전 자유 하나 특정 대도시 특정 이사 불가능 도시 베트남 사람 도시 경우 대다수 만약 도시 이사 경우 자신 도시 공안 허가 공안 허가 어려움 공안 이사할 허가 받느냐 고등학생 자녀 베트남 부모들 자녀 우수 성적 고등학교 졸업 하노 대학교 입학 허가 학생 가족 하노이 이사할 합법적 열리 공안 하노이로 거주지 이전 허락 베트남 정부 하노 대학교 입학 학생들 자국 고급 인력 때문 혜택 북한 거주 이전 자유 베트남 공통점 노동당원 경우 평양 거주 허락 차이점 하노 대학교 사람들 지방 도시 고등학교 졸업 사람 차이점 무엇이냐 하노 대학교 졸업 사람 결혼 상대 후반 결혼 경우 지방 고등학교 졸업 사람 초반 결혼 경우 대부분 베트남에서 결혼 부분 차이점
180,일본의 개당 만원짜리 계란,왼쪽 만원 계란 생산 달걀 일반슈퍼 달걀 만원 노른자 오렌지색 노른자색상 사료 연관 달걀 달걀푸딩 광대한 토지 마리정도 달걀 생산 방목 때문 스트레스 옥수수 베이스 가지 재료 섞어넣은 사료 고인물 계란자체 냄새 단맛 농후 난다고함 실제 계란이긴하 만원 가치 있는가 개인 선택 문제라 맛있다
183,날강두가 쏘아올린 코카콜라 주식,공식 기자회견장 콜라 저런말 참고 공식스폰서 코카콜라
185,인간이 난교 하도록 진화했다는 증거,남성 성기 모양 난소 정자 인간 보노보만 성교 얼굴 마주본다 짐승 성교 후배위 신선
187,서양 인종차별이 패션이 되어버린 근황,이것때문 유튜브 비판 영상 댓글들 동양인 인종차별 일반적이되 우리 그것 조용히하라고하 눈찢는건 제스쳐일뿐이야 뻐큐 제스쳐일뿐이야 동양 아프리카 입술 몸매 사회 입술 여성 찬양 모습 사람들 괴롭힙당하 놀림당함 민족적 특징 그걸 가지 수술까지하는것들 같애 민족적 특징 사람들 이런것 일종 하나 과거 인종차별 용도 자기들 문화 차용
189,어떤 캐릭터의 전후,변태 엉뚱 악동 과거 혼돈 성향 순수 광기
190,물컹한 식감을 싫어하지 않는다면 먹어봐도 좋을 대전의 명물 음식,대전 유성구 구즉동 도토리 도토리 유명한데 이걸 도토리 묵밥 도토리 식감 음식 시원 식감 자랑 음식 때문 여름 별미 음식
193,일본 에이펙스 사건 존나 웃기네,일본인 유저 총맞고 지렁이됨 아군 근데 주변 있는걸 아군 지렁이 유저 아군 채팅 일어 니게로 인종차별 정지먹었는데 항의해
196,공포의 요즘 테슬라 불량 수준,모델 신형 안들어옴 인수거부 수리 수리 한달 모댈 옆구리 문제 당영히 인수거부 볼트 조립 심각 불량 브레이크 심각 불량 방전 비상탈출 장치 비상탈출 장치 불량 의식
198,한국 장인이 만드는 억짜리 시계,옻칠 자개 명인 디자인 제작 세이코 보석 가격 만엔 만엔 천만원 시계들 발매 완판 됬으 중고시장 옥션 한번 자개장 전용복 일본 국보급 호텔 메구로가조엔 호텔 사방팔방 옻칠 자개 년대 후반 복원공사 장인 지휘 일본 명장대우 참고 당시 공사규모 엘리베이터 수준 꾸준 작품활동 한국에선 협업 안들어오 일본 유럽 럭셔리 브랜드 협업하심 세이코 크레도르 최고 럭셔리라인 가격 발매 순간 완판됨
200,요즘 꼰대라 불리는 아저씨들의 년대 평가,꼰대 생각 대분들 기성세대 직장생활 일정한 인스턴트 게임 만화 하신분들
210,내고 광고 시청하는,영화관 상영 시작 내외 광고 영화관 전체 수입 정도 상영 직전 광고 수익 짭짤 차례 손해보상 소송 대기업 영화관 승리 법안 차례 영화관 측이 교묘 공론화
216,드래곤볼 가성비 최악의 기술들,자폭 자세한 설정 풀린건 자폭뎀 자기 전투력 비례 자폭써봤자 애초 자폭 필요가없다
218,연예계 구라같은 진실,이상우 출근길 코끼리 사건 박세준 멱살 사건 이덕화 이경규 낚시썰 대결
220,넷마블 최신겜 의나라 정리,월정액 만원 오토 각종 과금상품 제작진 리니지 레볼루션 제작진
224,충격적인 이름의 돈까스 가게,돈까스 충격적 이름 화제 가게 한발 이름만 메뉴 굉장 규카츠
226,사과했지만 의외로 근본이었던 광고,킹오브 파이터즈 올스타즈 북미광고 사과문 삭제 아랑전설 애니메이션 테리 무직 백수한량이었다 애니메이션 배틀 파이터즈 아랑전설 멀쩡 캐릭 다른기술 원작 시리즈 관통 비전 마이 섹시노선 플레이어 승리 심통 단순 와페니즈 소악당 기스 카리스마 묘사 대부분 캐릭터성 여기
227,나라 제작진이 노골적으로 노리고 만든 캐릭터,외모 하울 성우 하울 하울아님 소드맨
229,미성년자와 촬영이 즐겁다는 남자 연예인 논란,유명 방송 도시 어부 거절한다는 이모씨
231,살아나는 방법,행사 과문 필요 이거 공수해다 정가
246,타입 비밀,진실 배열 앞뒤 존재 하는건 구멍 대칭 때문 상관 정상 그것 접촉불량
252,집이 재건축 됐지만 쫒겨나지 않은 세입자,나무 전봇대 콘크리트 나무 전봇대 왕부리새
256,열도에서보는 몰락한이유,일본 오리콘차트 판매 집계방식 악수회 시디끼워팔기등 해먹었는데 빌보드차트방식 판매 스트리밍등 복합적 바뀌다보니까 발비비데 시대 계속 고집
259,서양인들이 한국와서 의외로 싫어했던 음식,싱글몰트 중국 고량주 일본 사케 화장품맛 시체안치소 향나 짜리인데 양주 한잔 도데체 의심가게 소주
267,일본에서 유행했던 여자력을 뽐내는 방법,사스 시라나캇타 단해요 스고 센스 센스 소난다 여자 회화 사시스세소 사갓테이 시니타 야츠카 카캇테코 빈틈 투성이 스키다라케다 전장 자비따윈 무용 센조니나사케와무요 정도 소노테도카
268,년간 아내를 믿은 기러기아빠,아내 조기유학 미국 출국 남편 한국 태권도 도장 운영 기러기아빠 생활 시작 생활비 교육비 송금 년후 건강 경제적 어려움 아내 귀국 요구 아내 거절 기러기 생활 년뒤 남편 이혼 요구 아내 천만원 이혼 답신 이혼 천만원 송금 아내 핑계 귀국 이혼 거부 출국이후 한번 귀국 아내 상대 한국 소송 돈벌어주 기계 남편 이혼소송 청구 당황 아내 남편 외도 이혼 청구 한거뿐이라 이혼반대반론 법원 남편 이혼청구 정당 아내 판결 판사 판결문쓰다
269,세상에서 제일 억울한 복상사,폰상사 시신 포장 뜯었으되 사용 콘돔 남아
274,차이 부부 모임,프랑스 마크롱 부인 연상 보리스 존슨 부인 연하
275,남의 잔치에 가서 깽판친 한국인,일본 국제 야구대회 프리미어 노골적 일본 밀어준걸 유명한데 경기 일정 일본팀 일본 경기 일본인 심판 배정 비율 반면 한국팀 일정 때문 일본 도착 훈련 누구 일본 준비한 일본 잔치상이 한국 우승 꺼억 여기 일본인들 멘탈 전설 빠던
276,만화 업계의 살아있는 괴물,레이브 페어 히로 기본적 화요일 금요일까진 작화 작업 하루 페이지 원고 토요일 일요일 월요일 협의 루틴 페이지 이상 하루 시간 거기 게임 시간 얼마전까진 주간연재 주일 원고 페이지 페이지 게임 취침 시간 여러분 생각 것보단 힘들진 실제
279,일본에 있었던 무존재 사건,관심종자 가게 이쑤시개 식료품 구멍내 물건 유투브등 인터넷 자랑질 미성년자 술먹었다 전국적 쫒기 인생 사형당해 상관 체포 주변 중학교 동창들 얼굴 학교 조차 반응들
280,얼마나 박아댄거야 짤의 진실,자기 정부기관 과거 좌표 무인도 표류 나중 중국 고생 정부기관 소속 상사놈 업무
290,변호사가 하면 불법인,변호사 법정 사람들 양쪽 판단하는건 판사
296,공무원이 별점 줬다고 협박한 사장,공무원 순댓국 배달원 순댓국 사장 환불해주 직장 동료 전화 항의 사장 당신들 세금 월급 공무원 당신들 이름 주소 개소리 먹금하 공무원 해당 음식점 리뷰 사장 해당 부서 전화 해당 공무원 리뷰 항의 해당 공무원 사과문 올림
301,일본 여대생 근황,호텔 친구들이 한국음식 사먹고 한국어 대화 한드보고하 한국여행놀이 유행중
307,도시인데 뭔가 부족한 인천,인천 백화점 신세계백화점 자리 롯데백화점 인천터미널점 근데 안좋 지역 안그런데 인천만 마계 양아치 실제 통계 이미지 곱창 내놔가 인천 시민 뭔가 홀대 기분 본문 비슷 사건 다른지역 인천 지역 써놨더 댓글 인천 마계네 개판 양아치 대단
309,어떤 중국겜에서 영미권 성우들 단체 하차함,유머 샤이닝 니키 한복사건 환불안해주 섭종해버린 회사
313,임요환한테 대들 있는 유일한 선수,다들 임요환 한국 프로게이머 시장 개척자 마찬가지 프로게이머들 임요환 콩진호 예외 몇년 게임 방송 사대천왕 임요환 홍진호 이윤열 박정석 도뱅리쌍 도재욱 송병구 이제동 이영호 합방 임요환 박정석 정산 부탁 여기 홍진호 도재욱 홍진호 정산해서 말싸움 나머지 끼어들지 임요환 필살기 결론 대들긴 이기진
315,우리 오빠 의대 자퇴때문에 우리집 뒤집어짐,의대갈 머리 진학 공무원 공부 의사 진짜 적성
339,임진왜란 레전드 다큐,축소판 거북선 모형 용두 주술적 의미 귀두 설명 해사 박물관 제공 실제 거북선 거북선 내부 병사들 장군들 회의 함장실 화장실 구현 아래층 병사들 휴식 내무반 구성 내무반 왜선 발견 전투준비 위풍당당 자체 임진왜란 초창기 거북선 거북선 처음 데뷔 사천해 경우 출전해 선봉 왜놈들 대가리 깨부 임진왜란 다큐 당시 해군사관학교 적극적 협찬
342,대한민국 건덕을 배신한 실물건담 사건,애니 만화 문화 생소 시절 취미 공유 덕후들에 소식 그것 그것 한국 최초 건담 월드 행사 반다 공식 건담 대형 이벤트 한국 소식 건덕들 흥분 열광 항목 오퍼레이션 항목 실물 건담 건덕들은 소식 존재 이것 이런걸 상상 흥분 일본 실물크기 건담 한국 당시 만원 입장료 건덕들 실물크기 건담 일념하 행사장 쇼핑백 미터 실물크기 건담 문구 건덕들 가슴 충분 운명 맞이한 실물크기 포스터
347,국제시장 인도 리메이크판,가족들 파키스탄 이슬람 탈출 설정 체력 테스트 해외 중동 파견 설정 동생 설정 마지막
349,인방 닌텐도 코딩게임 근황,닌텐독스 소닉 이터널 이니셜 일주일 왠만한 게임들
350,스폰서 이미지를 통째로 먹튀했던 기업,한일월드컵 악마 광고 월드컵 공식 스폰서 광고 월드컵 공식 인증 마크 부착되서 광고됨 당시 월드컵 공식 스폰서 옛날 월드컵 스폰 공식 파트너 자격 광고 저화질 미안 자료 악마 광고 지금 악마 필승 코리아 기억 머리 정도 성공 광고 광고 월드컵 공식 스폰서 자격 마크 파트너 자격 마크 원칙적 광고 월드컵 광고 스폰서만 가능 광고 월드컵 단어 자체 광고 승리 대한민국 필승 코리아 처럼 월드컵 언급 자체 당시 수십억 단위 후원 스폰서쉽 자격 월드컵 후원 실패 사례 교육 정도 광고 하나 한테 먹튀
351,백수일때 가장 무서운,이라 직장 잼민이때 대중후반 지금 비교 또래 맞나싶기도함 학생때 다를
352,일본 만화계 최고 인생 승리자,세일러문 금수저 집안 공부 약대감 외모 만화 대히트 사랑 사람 결혼해서 알콩달콩 요즘 남편 권유 만화 안그리 등등 진짜 인생
355,일본의 여자 오타쿠 근황,최근 여자 덕후 이름 로드바이크 농구 규칙 이해 야구 규칙 이해 배구 규칙 이해 피겨스케이트 규칙 기술 이해 테니스 규칙 이해불능 여기
356,미국 임산부들이 한국 임산부들과 달리 출산하자마자 일하러 나가는 이유,처방 미국 산후조리원 이유 코카인 약성 진통제 덕분 파산
365,속도위반 딱지에 조수석을 가려주는 이유,보다싶 조수석 흰박스 이유 예전 아저씨 속도위반을해서 통지서 아저씨 조수석 불륜중 여자 사진이 통지서 아내 법정 불륜아재쪽 도로교통법 조수석 요약 불륜아재때문 불륜
375,동인인물인걸 알고서 충격받은 배우,조커 호아킨 피닉스 호아킨 피닉스 성향 영화 배우 연기 스팩트럼 대단
390,게임사로부터 헌정 영상을 받은 게이머 근황,배필 장면 게임사 신작 공개 트레일러 리메이크 행복사 직전 해당 게이머 마음 게임사의 공식 댓글 행복사 장례식 부분
392,살까지 가난하면 그건 당신 책임이다,평탄 배우 한국 판소리연극 부부 아들 문화 대혁명 옛것 중국 정책 평탄 부모 직장 돈은없지 영어 흥미 마윈 영어 배우기위해 외국 호텔가서 영어 독학 독학 영어실력 고등학교때 원어민 수준 누구 가를칠 수준 영어특기 호텔 종업원 할려 외모 작은키 실패 삼수끝 대학 영어강사 미국 인터넷 인터넷 사업 시작해서 지금 알리바가 탄생 며칠전 근황 공안 지낸다
394,조금씩 변하는 남녀화장실 근황,근데 화장실 표시 영어권 사람 한국어 사람 차별 픽토그램 이유
396,숨겨진 하얀 글씨를 업로드한 직원,현대차증권 공시 분기보고 공시업무 현대차증권 화이팅 작성 공시 업무 담당자 공적 서류 정정신고 박제 정정신고 대표 결재 대표 누구 아잇 싯팔
397,동안 기술의 발전 체감,핵무기 시뮬레이션하 연산력 바스트 모핑 시뮬레이션중
400,몸값 가치를 지닌 어느 일본인의 인품,세리 수비수 활약 도미야스 다케히 한국 이동준으로부터 고의적 얼굴 공격 양국 비판 이동준 걱정 도미야스 본인 축구하다보 대인배 모습 한국 축구팬들 미안 경기 매너 정도 한국 축구팬들 우리나라 축구 흑역사 기록됨
402,세계에서 최초로 양식 성공한 황금광어,한국의 서종표 수산업체 사장님 연구해서 황금 광어 양식 세계 최초 성공 발견 돌연변이 개체 광어 양식장 사람들 황금광어 발견 연락해달라 사정사정 우리나라 광어 억마리 이상 양식 마리 발견 안됬다 기증 황금 광어 정부 고부가가치 종자 확보 사업 지원 황금광어 양식 성공 황금광어 어렸을땐 일반 광어 색깔 똑같다가자라 색깔 금색 문제 황금광어 교배 성공 새끼 색깔 이걸 개선 새끼 성공했지만이번엔 광어 성체 색깔 황금광어 새끼 황금광어 아니였던거 광어 색깔 유전 생각 복잡 요인 있던거 이것때문 황금광어 양식 개발 사장님 한동안 사기꾼 소리 국립수산원 기술지원 조금씩 개선 황금광어 비율 세대 황금색 유전자 순수 지금 정도 황금광어 일반 광어 해외 수출중임
403,펀쿨섹좌를 만만하게 보면 되는 이유,이거 소름 전통 중시해 비효율 극치 일본 공무원 특성 하나 과정 잡음 해결 소리 펀쿨섹 자체적 능력 본인 그걸 승인 판단력 자체 생각 펀쿨섹 연기
404,혼란스러운 미국 내부 상황,무장상태 스파르탄 목격정보 미국 지구 졷된거 의견
407,노벨 화학상 받았는데 멘붕 왔던 일본 화학계,다나카 고이치 도호쿠 대학 전기공학 학사 정밀 기계 시마즈 제작소 연구원 승진 기회 연구 승진 마다 회사 연구소 연성 레이저 이탈 기법 발견 회사 특허 연성 레이저 이탈 기법 거대분자 질량 측정 노벨상 수상 당시 노벨화학상 고분자 질량분석법 업적 인정 노벨상 수상 다나카 고이치 본인 후보 물론 학회 수상 확정 전화 순간 노벨상 누구 장난 생각 수상 전화 회사 전화 참고 일본 화학계 다나카 고이치 누구 대학 교수 해외 활동 교수 해외 연구소 일하나 다나카 고이치 누군지 누구 동기 사람 정체 불명 수상자 멘붕 노벨과학상 분야 지금 유일무이 학사 출신 수상자 만큼 학사 출신 그것 전기공학 학사 화학상 수상 생각 일본 화학계 다나카 고이치 멘붕
408,주년 맞이하는 이탈리아 회사의 사옥,일명 베레타 베레타 유명한 회사 베네치아 공화국 시절 머스킷 총열 제작 시작 장사 시작 업종 변경 영업중 파산 이상 주년 중임
410,비빔면 년차 무적의,비빔면 나오질 않고잇음 참고 야쿠르트 유산균 음료 회사주제 여름 시장 짱먹는중
416,선정 최고의 운동선수,펠레 아이러니하 선정 국제올림픽위원회 였는데 펠레 한번 올림픽 메달 커녕
418,최근 해외 웹상을 떠도는 음모론,비둘기 정부 국민 감시하기위한 드론 음모론 전선 비둘기 충전중 배설물 추적 장치 소문들
424,약속이 존나 칼같았던 미국드라마,트윈 픽스 시즌 마지막화 대사 진짜 종영하 시즌 스토리
426,년전에 비트코인 사라고 유튜버 근황,칠레 자영업 오래전 유튜브 투자관련 정보 제레미씨 평소 투자 관심 시장 디지털금 개념 비트코인 비트코인 확신 유튜브 비트코 영상 하나 영상 비트코인 이런이런거다 비트코 당신들 년뒤 감사 그거 인생 바꿀거다 비트코 이후 비트코인 천정부지 억만장자 엔딩 여러분들 거지 있읍니
428,젊은이의 고독사,년생 고독사가 루리웹 누나들 오랫동안 연락안 친구 소소한 관심 주는건 어떨까요
437,넥슨의 이상한 관행,프로젝트 진행 정직원 프로 젝트 투입 이력서 제출 분명 정직원 구직자 신세
446,닌텐도 코딩게임 근황,어제 발매 닌텐도 신작 게임 코딩 코딩 개념 간단 이해 소프트 코딩 놀이 취지 하루만 당연 코딩됨
449,미국 드라마 최악의 어머니,빅뱅이론 베벌리 호프스태터 주인공 레너드 호프스태터 어머니 신경과학자 심리학자 아들 심리학 모르모트 사용 정도냐 레너드 클래식 성장 영향 연구 수상식 자기 형거 표절한 거예요 공개적 면박 레너드 로큰롤 성장 영향 연구 레너드 이것 베벌리 이걸 레너드 수상식 이전 얼마 레너드에 베벌리 수상식 레너드 공개적 망신주 때문 레너드 이불 오줌 시작 레너드 어른 시점 레너드 반응 기록 연구자료 기질 레너드 쉘든 레너드 계속 가스라이팅까지 미국 드라마 어머니 캐릭터 최악 베벌리 호프스태터 요약 아들 심리학 모르모트 일말 죄책감 아들 심리학 모르모트 최악 미국드라마 어머니 캐릭터
454,이거 개세끼네 약혐,미국 전화 피해자 눈꺼풀이요 미국 여성 자신 생일날 자신 개세끼 눈꺼풀 개세끼 종이 치와 이거 진짜 개세끼
457,호불호 갈리는 간판 규제,일본 관광 문화 수도 유명 교토 차분한 도시 경관 유지하기 차원 도시 간판들 저시인성 저채 간판 엄격 규제 건물들 색상 소방서 특수 경우 제외 저채도
461,중국에서 무단횡단하면 받게 되는 흔한 처벌,신호 무시 사람 이름 얼굴 신분증 번호 공개처형 사회신용점수 반영
462,헬스장에서 게이를 구별하는 방법,핑크덤벨 게이아님 백익스텐션 게이아님 딥스 게이아님 랫풀다운 게이아님 루마니안 데드리프트 게이아님 탈의실 씹게이
479,옛날에는 여성 혐오 진짜 심했다,여백사도 여포 서주 여씨성 여씨 원한
484,유튜버가 쏘아올린 인터넷 속도 논란 결과,이통사 기준 최대속도 정상 정부권고 약관개선안 정상 기업 최저임금 최저임금 절대다수 부터 정상 뿅뿅들아 근데 와중 이통사 관계자들 이것 불만
494,동정 주제에 성인만화를 어떻게 그려,동정 주제 성인만화 따위 사람 원피스 해적 드래곤볼 사이어인입니까 블리치 사신 죠죠 파문 스탠드 아라키 선생 에이자 적석 어딨는지 아무 모른다는 아라키 증거여
496,현역 안가려고 고의로 굶어서 유죄,신검 체형 공익 기준 현역병 대상 한달 극단적 체중조절 감량 성공 신검때 체중 기준 미달 불시재검 대상 등급보류 이후 체중 증가 기준 현역병 대상 불시재검 통보 나흘간 감량 최종 판정 전후기록 현역 체중조절 목적 유죄 판결났고 현역병 입영 대상 참고 예전 판례 찌워 공익 판정 피고인 피고인 초등학교때 비만 무죄판결
499,혐주의 충격적인 대륙 교통사고,수위 심장약한 사람 뒤로가 누르는거 추천
500,약혐주의 현재 해외에서 유행중인,인빈시블 스포 아래 다양한 패러디짤들 이외
503,인도 사람들이 한국에 오면 가장 경탄하는 대한민국의 선진 문화,화장실 문화 나라 선진국 가늠 지표 하나 평가 화장실 문화 개발도상국 한국 사람 여기 대한민국 선진적 문화 생각 위생 깨끗 화장실 문화 인도 한국 부분 여기 부분 부분 인도 위생 화장실 문화 생각 한국의 화장실 문화 년대 후반 대대적 개선 시작 지금
504,이케야 강화유리 장식장 폭발,새벽 두시반 파열 소리 잠결 냉장고 얼음 생각 아래 데톨프 장식장 옆면 강화유리 터진상태 이케아 수납장 강화유리 폭발 우리 피규 유리장 폭발 피규 이야기 샤워실 강화유리 폭파 사례 황당 검색 제품 데톨프 발생 해외 유튭보니 조립 정황컨데 에어컨 앞쪽 이케야 장식장 옮긴건 에어컨 동작한 어제 실내 폭파 시간 에어컨 강화유리 데미 취미때 잘쓰다 에어컨 한방 이해가안가 어째튼 시간 마눌님 생각 비산거리 기사보 이케야 측에서 강화유리 파손 조각 안다친다 처음 장갑 안끼 유리 부스레 고생 장식장 내린다음 구청 폐기물 스티커 인터넷 발급 폐기처분 예정 이케야 당연 보상 문제 뭔가 압박 이케야 측은 강화유리 불량 발생 수준 소보원 보상 아니다보 어디 이케야 안전성 문제 가능 팁좀 어째튼 가족 다친사람 다행 너절 장난감 공간 한숨 고민좀해야할듯 새벽 두시반 한시간 쓰레기 장식장 개고생한 내꼬라지 유머 하나 빨리자야지 저렴해서 루리웹에서 각종 장식장 피규 많이들 쓰는거 다들 조심
510,분만에 돼지 원산지 확인하기,국내 돼지 열병 백신 돼지고기 항체 검사 국산 확인 방법 결과 때문 현장 가능해서 증거 인멸 가능성 대폭 감소 정확도 기존 방법 이상 근데 돼지 열병 백신 안맞아서 외국산
518,뚜르 프랑스 근황,구경꾼 방송좀 간판들 지랄 대형사 발생
519,연간 이용료 만원짜리 범죄용 암호메신저 근황,암호메신저 일반적 설치방법 설치 자체 불가능 설치 스마트폰 암시장 구매 초대코드 가입 사용 반년간 만원 연간 만원 지불 사용 특별 암호메신저 암시장 설치 스마트폰 구매 실행 계산기 처럼 작동 특수암호 입력 비밀메신저 실행 작동 시간 전세계 범죄조직 광범위 사용 지도 한국에서 사용자 자체 주도 유럽 호주 연합 경찰 함정 암호화 채팅 내역들 복호화 설치 특수 스마트폰 만건 메신저 조사해 범죄단체 적발 구속 고급 자동차 총기 한화 억원 현금 가상자산 압수함
524,집에 콜라 리터를 보관하면 좋은,소화 경우 콜라 비상시 소화 대용 사용 탄산수 맥주 가능
528,인공 배양육 기술의 발전속도,패티 한장 달러 천만원 천만원 만원 만원 곤충 인간들 사투
531,악당들이 술집에서 우유를 시키는 이유,미러마스터 친구들 험난 시대 지난번 생계 스포츠카 트랙터 캡틴콜드 그것 정말 너한텐 최소한 은행 정도 캡틴콜드 다음 납부액 마련 못했다간 아내 동네 슈퍼 일자리 각오 바가지 캡틴부메랑 자네 아내 동장군 같았잖 캡틴콜드 트릭스터 캡틴부메랑 왈라비 녀석 캡틴부메랑 미러마스터 캡틴콜드 트릭스터 얼굴들 다시보 캡틴콜드 예정 감옥 전해들었는데 캡틴부메랑 모범수 누군가 거래 제안 약속 지킨대가 형량 캡틴부메랑 어엿한 교화 시민 미러마스터 차량강도질 플래쉬 캡틴부메랑 최소한 누구 플래쉬 자리 만화경 강제 먹진 미러마스터 그것 루머 과장 미러마스터 만화경 레이저 포인터 미러마스터 동네 터프 남자들 에헴 주문 할거 친구들 캡틴부메랑 레몬에이드 아이스티 미러마스터 카페 트릭스터 체리 콜라 캡틴 콜드 우유 캡틴콜드 위궤양 다른거
535,어제 그알에서 나온 한강 사건 음모론자 심리 분석,자신 경제적 빈곤 국가 사회 정의 투사 심리 어제 설명 유튜버들 증거 영상들 편집 영상 음모 조장 유튜버들 대부분 제작진 거절 유튜버들 난리 쳤는가 그알 유튜버 조회 수익
536,아이폰 고급화 인식에 가장 역할을 했던 주범,추노 마크 디자인 감성 시궁창 통신사 추노 마크 통신사 기본앱 사람 비교적 사람 왜냐 저것들 삭제 삭제 백그라운드 오지 빡침 주범 근데 당시 아이폰은 추모 마크 불필요 기본 아이폰 고급 대중 각인 기여
537,역대급 대규모 정모,손정민 친구 변호인측이 수만명 고소 예정 역대급 정모 예정 방구석 살아남기위한 추리중
544,자동차 실내 패널 튜닝 장인,카센터 사람 실내 계기판 패널 참신 섬세 예술적 작업 기술자 소개 달라 아들 소개 알바비 지불 해달라 기분 오늘 케이크 사들고
553,게임 스크린샷 찍는게 직업인 사람,스크린샷 아티스트 누구 게임 스크린샷 직업 중요한 저걸 게임 제공 기능 사용 포토샵 후보정 광고 게임내 엔진 표시 스크린샷 결과물 사람 후보정 넣은거 질문 리터칭 본인 확인 모드 순수 게임 기본 스크린샷 기능만 스크린샷 직업
554,네이버 웹툰 해외연재 근황,덴마 연재중 아무것 순수 외국 극대노
557,롯데리아 백신 할인 후기,이거 롯데리 롯데리아 대상 지점 문정동 로데오거리 롯데리아 확인 내자신 한심 유머
559,수상할 정도로 한국을 좋아하는 나라,외교적 남한 전통 우방국이긴 현대 한국 영국에 도움준건 없긴함 영국 한국에게 우호적 외교적 군사적 도움 많이줌 무기개발 합작 시도 이스라엘 북한 개짓거리할때마다 공개적 비방때 독도표 꼬박꼬박해주 한국 우호적인나라 하나 하는짓땜 부담 우방국
561,국내에서 가장 끔찍한 성차별을 받는 직업,광부 군대 여자 여자 광부 금지됨 여성계 시대 안맞 이슈화 철폐
562,의외로 존나 강했던 철학자,병약 체질이긴 병약한데 짱쎈 무림고수 실사판이
566,전쟁사를 알수록 정체를 모르겠는 인간,적진 황금투구 군주 병사들이 최전선 위험한 쐐기 돌격대형 뛰어댕기 진짜 상대 대빵 죽여주셈 정말 맨날 그걸 알렉산드로스 라노벨 주인공
577,성장한 딸이 점점 아내와 닮아가는걸 느낀 숫사자의 반응,안기기만하 딸내미 반년만 마누라 폭주기관차 모습
580,전설의 망작 드래곤볼 실사판의 충격적인 비밀,엔딩 크레딧 사이 후속편 예고쿠키영상 보통 극장 중간 티비 엔딩스크롤 보기전 불법 다운로드 망작 아무 엄두 떄문 아무 반전
585,여자가 진심으로 어이없어하는 이유,우리나라 국가 순신이형 도와달라 순신이형 다들
587,일본인들은 먹지않는 과일,참외 일본어 마쿠와우리 멜론 변종 참외 변종명 여기 참외 일본 재배 소수 먹는사람 참외 방법 모르는사람 대다수 참외 파는곳 참외먹는법 적어두는곳 일본 년대 참외 년대 멜론 참외 교배 프린스멜론 이전 재배 멜론 싼값 참외 찬밥 신세 이후 참외 재배 농가 멜론 재배 전환 참외 자취 고전문학 시집등 자주나오 개구리참외 우리 년대 일본 은천 품종 이전 수박 비슷 개구리 참외 한국 주력 수출및 소비 참외 일본품종 마트직원에 참외 차메 한국 수입 과일 설명 참고 일본 참외 천원 천원 과일 멜론 만원 정도인걸 안먹 이유
590,심슨 각본팀 사진,가운데 유명 토크쇼 진행자 커튼 오브라이언
592,프랑스의 천재 과학자가 사형당한 이유,별건 양반 도시 외곽 통행세 통행료 수준
594,철권 한일전 무릎 콤보 해외 반응,대회중 초동안 벽꽝 콤보박 무릎 할말
605,매드맥스가 신기한 영화인 이유,평론가 대박 일반관객 대박 모두 평가 대박 영화 사방 입소문 유행어 수두룩 극장 수익 손익 분기점
608,미쳐버린 니어 디렉터 인터뷰,디렉터 요코 이번 레플리칸트 제목 숫자 그것 의미 단서 하나 스퀘어에닉스 엿먹이려 유저들 게임 제목 기억 못할가봐 걱정 상관 게임 제목 기억 어머니 생일 중요 것들 기억 사람 될테 도발적 디자인 토론 있는걸 사람들 해줄말 꼬추 사람 캐릭터 얘기 얼굴 이러길 세상 사람 안그래 라구요 원작 레플리칸트 옛날 출시 성공적 현재 오토마타 영향 이번 작품 사람 생각 아무것 니어 인기 후속작 새로운걸 무엇 원작 출시 본인 흰머리 개발 추억 기본적 인간 존엄성 조차 때문 부하들 사직 이번 니어 오토마타 개발 생각 오토마타 플래티넘 게임즈 이번 레플리칸트 버전업 토이로직 만들어졌습니다만 뒷자리 때문 예전 당신 마스크 설명하긴 근데 맨날 에밀 마스크 가난 여유 당신 인간 본성 부분들 탐구 유명한데 이유 반대 단순 행복 스토리 생각 당신 간단 행복 스토리 음란 외설적 스토리 당신 무엇 이젠 시리즈 인기 때문 당신 부담감 부담감 게임 스퀘어에닉스에겐 문제
611,세종이 즐겨드신 조선식 프라이드 치킨,조선시대 치킨 사람들 감동 대체역사소설 그때 닭요리 해먹고
614,안녕하세요 역대급 게스트,근데 제보자분 김수현 진짜 김수현 해당장면 드라마 프로듀사 장면임
616,한국에 있는 위대한 항로 실사판,백두산 압록강 두만강 송화강 백두산같 레드라인 황해 동해 오호츠크해
617,배틀필드 이번에나오는 한국맵의 실제 지리는 어떨까,이번 배틀필드 신작 신맵 칼레이 스코프 위치 인천 송도 센트럴파크 모티브 실제 센트럴파크 전경 현실 센트럴파크 한가운데 타워 동그라미친 인겜 오브젝트 모티브가된 건물 위치상 송도 랜드마크중 하나 포스코 타워 추정 목표 인터넷 허브 터미널 센터 여기있 확률 매우높음 상하 기믹이될수 참고 사이즈라
625,악플러들 때문에 빡친 박지성 와이프 김민지,박지성 부부 런던 거주 유상철 조문 못가는데 그거 악플러들 와이프 김민지 유튜브 악플 논란때문 이걸 해명
627,강력한 마검을 주운 주인공의 만행,인생 실전 천방지축 모험왕 현재 애니메이션 주인공 막장 인성
628,미국에서 파는 나초용 딥소스,과카몰리 토마토 살사 사워크림 치즈 녹인거 층층 소스 찍어먹으 칼로리
642,세트에 멘탈터진 맥날 알바들,일평균 대비 너겟 판매량 급증 멘탈 알바들 이번주 맥도날드 어플 쿠폰 핫하
648,논란중인 파워퍼프걸 대본 유출,버블 한번 걸레 처럼 실제 대사 버터컵 레즈비언 자매들 장면 존재 버블 유토니옴 교수 당신 카툰 네트워크 노예상 우린그걸 원작 애니 화이트 워싱 이아 제작사 각본 파일럿 에피소드 제작중단 선언 배우진 각본진 제작 유출 대본 기존 파일럿 에피 대본 부정적 반응 대다수 익무
650,영국 총리가 인기 많은 이유,군대 원사 관저 총리 부랑자 핵인싸
653,우리 동네에 삼성 상회 건물 생김,회사 이름 삼성 할꺼 오성 정도 몇년 못가 그방
654,교육부가 꼬꼬마들한테 보급하려는,현질 그런거 생각 시간 문제 하나
656,일본 전자기기 매장의 액정 태블릿 판촉 문구,학생 여러분 액정 태블릿 연습 직장 여러분 어른 재력 발휘 판태블릿 여러분 액정 태블릿이라 그림실력 환상
659,공무원 진화,저러다 퇴직하는거 직렬별 케바케 직종 야근 경우 있다함
660,거의 한반도에서만 사람들이 가공을 해서 먹는 것으로 유명한 작물,도토리 미국 유럽 비롯 서구권 국가들 도토리 식용 쥐엄 열매 돼지 사료 한국 유명 음식 하나 도토리 가공 정도 도토리 사람 음식 한국 미국 유럽 서구권 국가들 도토리 돼지들 사료 일본 예전 도토리 식용
665,요리계의 어벤져스들,파기름 양파 마늘 소스 치킨스톡 요리 가지 못먹 정도 단점 요리 일정
667,추억의 인하대 유도부 대자보 사진들,제작 과정 옛날 짤방들엔 허접들 느낌 활동 자체 진짜 진지 유도
671,경기 시작도 전에 상대방의 의지를 꺾어버리는 라커룸,전미 최고 미식축구 명문 앨라배마 대학교 경기장 실패 시설 앨라배마 경기 원정팀 원정팀 라커룸 이름 이름 앨라배마 대학교 동문 금융인 제임스 제임스 페일 원정팀 라커룸말고 생각 오랫동안
672,더럽게 무능했지만 옳은일을 했던 일본군인,도미나 교지 군인 최악 무능 보신주의 무책 일본군 자행 민간 학살 참여 점령지 대민지원 일본군 민간 학살 적극적 목숨 구함
674,년이나 앞서간 인방의 시초,년도 음악방송 실시간 통신 채팅 접목
677,케냐 빈민가 출신 격투게임 프로게이머 근황,올해 브라이언 케냐 빈민 출신 격투 프로게이머이다 케냐 키베라 전세계 거대 빈민 브라이언 시간 당연 아버지 극심한 알코올중독 가정폭력 일상 여명 소꿉친구 범죄 범죄 있는건 여명 브라이언 범죄피해 세번 세번 마음 위안 게임 세계 시간당 온라인 세계 타인 교류 휴식 브라이언 시작 격투게임 모탈컴뱃 처음 빠요엔들에 패배만 거듭 선수들 영상 공략 실력 지역대회 상금 실력 닉네임 비스트 사용 브라이언씨 전쟁용병 군인 프로게이머 프로필 프로게이머 상금 본격적 시작 브라이언 자신 케냐 빈민가 상금 후원 스포츠 선수들 육성 모탈컴뱃 상대 안죽 모탈컴뱃 게임 잘하는거지 진짜 모탈컴뱃 하는거 있는거지 총칼 사람
682,사람들이 수도권에 만명이 산다고해서 착각하는거,사람 수도권 지역 서울 인천 경기도 만명 한국 인구 절반 전체 한국면적 정도 생각 경기 인구밀도 지역 전체 면적 절반 불과 한국인구 절반 전체 한국면적 정도
691,일본이 도장 문화를 사랑해서 못버리는 이유,요시히데 재래적 비즈니스 폐습 타파 개혁 도장 선포 회사 기업문화 개선 전자결재 보급 기업 유연 시바 시간 취지 일본 도장 문화 이해 안될정도 상사들 매너 결재서류 도장 시국 자택근무 명령내 직장 도장 회사 진풍경 문제 우리나라 고노 사실상 일본 정도 인간 행정개혁담당장관 도장 인간 도장 선봉장 정책담당 장관 타케모토 나오카즈 도장지키기협회 회장 더웃긴건 일본 관공서등 도장 전자화 추진 다들 찬성 반대파 반대 극심 도장 없애는걸 기를쓸까 일본 도장 시장 규모 조원 추산 전일본인장업력회 도장 단체 로비 뿌리 때문
692,레스토랑 알바생의 실수,엄마 호텔 레스토랑 사람 만석인걸 깜빡 손님 레스토랑 한바퀴 만석
694,킹오파 유저들이 안타까운 이유,철권유저 철권 스트리트파이터 유저 스파 킹오파 유저 년대 게임함
695,약혐 기네스북에 올라온 고무인간,억명 한명꼴 발생 희귀 유전병 콜라겐 이상 엘러스 단로스 증후군 환자 터너씨 피부 특징 복부쪽 피부 기네스 등재 자신 서커스 공연자 사람들 즐거움 보람
703,길고양이 늘면서 같이 늘어나는 중인 동물,담비 노란목도리담비 늑대 마리 협동 사냥 사슴 담비한텐 잡아먹힌다 외모 현재 한국에선 최상위 포식자 하나 멧돼지 오소리까지 담비 집단급습구타 육식동물 곤충 특이 곤충 안잡수시 말벌 근래치 됬지만 유해외래종 등검은말벌 등검은말벌 나무 웬걸 담비 나무 잘탄다 이거 덕택 치킨너겟 경우 제목 길고양이 언급됬는데 걔들때매 늘어나느냐하 영상 제목 협동 고양이 사냥 길고양이들 담비 입장 먹을 자연적 개체 담비 자체 고양이 덩치 때문 고양이들 상대 최근 기사도 도시 위험한거 육식동물 최상위 포식자 근데 족제비 특성상 성격 까탈스러워서 사람한텐 접근 우매우 긍정적 이유 한국 최상위 포식자 멸종위기 천연기념물 최상위 포식자 부엉이 검독수리 천연기념물 부분 실수 북한 담비 거기 천연기념물 지정되있고 한국 분포 노란목도리담비 천연기념물 국가보호종 멸종위기 길고양이 잡아먹는거 때문 댓글 카더라인지 뭔지 환경청 담비 유해조수 등록해달라 캣맘 민원 민원 담비 천연기념물 국가보호종 멸종위기 한국서 담비 천연기념물 국가보호종 부분 잘못알 모두 미안 신분 민원 접수되긴 유저 개체 담비 보호종이 유해조수 자리 어느정도 가능성 수리부엉이 양계장 무료시식 사례 상황 발생 천연기념물 생각 담비 사례 족제비 특유 까탈스런 성격 때문 도심지 영역 사람 피해 경우 아직까진 없다시피한것 양봉하 벌꿀 핥짝핥짝 애도 마지막 외모 때문 애완용 이유 천연기념물 국가보호종 멸종위기 생기긴했어 족제비과 이거 무시 족제비 저력 상상 초월 자매품 패럿이라는 녀석 유일 가축화 성공 족제비과 요약 요인 담비 입장 거리 길고양이 자연적 있다는거시다 수정 천연기념물 기재한 부분 파악 기입된거 북한 서식 검은담비 북한 천연기념물 등록 남한 서식 담비 천연기념물 멸종위기 국가보호종 지정되서 관리되는건 미안
708,일간 서로 손목에 체인을 감았던 우크라이나 커플 근황,발렌타인데이 올해 우크라이나 커플 서로 쇠사슬 도전함 서로 사랑 확인 사생활 포기 도전 첫날 공중화장실 어느쪽 문제 씻는건 다양한 문제 마주 약속 도전 일만 쇠사슬 장소 절단기 체인 도전 시작 결혼할거 생각 사람 도전
709,싸이코패스 살인마도 지리게 만든 공포의 친년,미국 살인범 인간쓰레기 찰스 맨슨 교도소 있는동안 자신 범행 반성 척도 밑바닥 밑바닥 쓰레기 어느날 구애 시작 여자 애프턴 일레 버튼 옛날 열정적 찰스맨슨 추종자 사랑해서 결백 증명 수단 교도소 결혼 자신 애정 모두 과시 이것 제정신 여자 여자 상상 이상 제정신 여자 그녀 찰스 맨슨 사랑 돈벌이수단 당시 맨슨은 지긋 노인 결혼 맨슨 시체 아내 버튼 버튼 시체 방부처리한 전시해서 생각 맨슨에 접근 이유 돈벌이 행동 멀쩡 여자 저런놈 결혼 사람 사람 조사 일레인 돈벌이 계획 세상 찰스 맨슨도 사실 충격 사실 맨슨 파혼 선언 자신 영생 천명 얼마 사망 허가기간 만료 허가 결혼 맨슨 시체 계획 수포
712,년만에 영화가 상영된 나라,사우디 아라비아 영화 상영 이란 이슬람 혁명 이슬람 보수파 바람 사우디 종교적 이유 영화 사우디 아라비아 영화 상영 해제 영화 상영 마음 타자 영화 이거 대형 스튜디오 픽쳐스 애니메이션 제작 제작 최악 희대 괴작 다행 이모티 영화 상영 취소 영화 상영 타이틀 블랙팬 차지
713,일본서 만나면 누구나 당황하게 된다는 자동차,도요타 전기차 미래지향적 컨셉트카 발표 컨셉카 디자인 출시할거 자동차 도로 굴러다님 가을 일반판매 계획 정식출시 현재 계속해서 테스트 주행 일본 여기저기 발견
714,한국어의 세계화,인도네시아사람 한국어 정확 형태 대학 생활 훌륭 학생 되길 이것 표음문자
715,의외로 일본에서 인기있는 한국문화,보자기 조각보 한국식 모시 원단 패치워크 홈질 감침질 쌈솔 한국어 용어 사용함
719,에서 까지 남성의 다이어트 과정,살처짐 수술 없는거 그걸 감안 진짜 인간 승리 다시태어난게
721,애들이 점심시간에 선생님 몰래 틀었던 영화들,슬래 호러물 학교 시간 점심 시간 선생님 몰래보 영화들
722,성추행 당한 유명 헐리우드 배우,지난해 아내 헐리우드 행사 참여 헐리우드 중역 중요 부위 아내 우리 남자 친놈보듯 머저리 박살내버릴려 사람 생각 남자 헐리우드 최고 책임자 헤드라인 왜냐 감옥 자리 다음날 전화 사과 설명 왜냐 배척 가해자 영향력 때문
724,펜싱 찾다가 튀어나올 뻔한 사람,일반적 생각 펜싱 스타워즈 이거요 프랑스에서 펜싱 정식종목 채택 현재 올림픽 정식종목
726,머라이어 캐리 내한 당시 팬이 선물을,당시 머라 캐리 임신중이었던건 머라 캐리 아이 노력 언급 근데 나중 당시 머라 캐리 유산 이후 쌍둥이 선물한지 남편 인스타 아이 티셔츠
730,중국 공학자가 빡쳐서 만든 넘어지지 않는 자전거,중국 공학자 비오는날 자전거 얼굴 부상 계기 자전거 준비함 일단 모델 부품들 프린터 기판 프로그래밍 완료 설계도 자율주행 자전거 두발 자전거 바퀴 안넘어짐 물건 무게 안넘어짐 카메라 레이다 센서 차선 자율주행 센서 덕분 장애물 회전 깃헙 소스코드 공개함
731,미국 디즈니 월드에 새로 오픈한 구역 근황,디즈니 개발 인간형 스턴트로봇 스턴트로닉 스파이더맨처럼 웹액션
732,생각보다 규모가 너무 작은 귀멸의 칼날 세계관,피안화 발견 상현 귀신 체질 태양 극복 체질 사람들 병행 수색 피안화 사용 의사 장소 도쿄였으므 주변 혈안 발견 피안화 기후 여건 동안 십분 사이 피안화 뱀밥 쇠뜨기 처럼 현대 존재 장대한 대서사시 부산 정도 면적
740,스타 시절 과도한 세레모니로 먹었던 선수,세레모니 시전하 이성 승리후 상대방 주위 춤을췄는데 와중 의자 상대선수 건들여서 바닥 떨구는건 고의 스포츠 선배 싸이월드 테러당 비호감 이미지 몇년후 이성 관종 열사 추앙 이유 상대선수 마읍읍
741,당시의 였기에 가능했던 섹드립,이후 지금 단체 명칭 변경 시절 무렵 시절 당시 등급 애티튜드 과도 해당 수위 섹드립 가능 서로 성기 얘기 시청 등급 등급 전환 떄문 이상 수위 섹드립이지 부연 설명 당시 선역 트리플 악역 스테파니 이혼 각본 충공깽 수위 섹드립 관중들 환호 지금 관대 시절
747,일본서 검거된 중국인 포주에 네티즌들이 반응한 이유,일본 도쿄 이케부쿠로 중국인 포주 검거 이름 유춘리 우리 불법 성매매 업소 운영 억원 가량 매출 추적중
748,비싼 돈주고 전문 쓰는 이유,감질나 말빨 시간 매꿀수 떄문이지 대본보고 표정
750,조울증 유발 원인 순위,이번 이닝 활약 아이 내새끼 다음 이닝 실수 아이 새끼
752,저작권이 무서웠던 애니메이션,다이빙 주제 청춘드라마 그랑블루 원작 방영당시 에반게리온 플러그슈트 저작권 함부 방송 모자이크 처리 넷플릭스판 넷플릭스 에반게리온 서비스 안노 어쩔수없짘 소문
753,교수님 짱좋음 수업 재밌어,학기초 교수님 수업 재밌다 학점나 조커되버
759,스포츠 근황,마이크로소프트 공식 스폰서 세계 액셀 각국 현직 재무직원들 동안 액셀 문제 계산 대결 해당 문제 풀이과정 원드라이브 공개 예정
766,프랑스 월드컵 당시 콧수염 악마 통하던 거스 히딩크 감독,스코어 한국 축구 대표팀 한국 국민들 절망 악몽 선사 악마 네덜란드 스쿼드 역대 최강급 우승 후보 정도
770,번역자가 일감받고 개쌍욕했다는 만화,엑스트라들 스킬 배경 진짜 니시오 뿅뿅
772,고양이가 가출해서 급히 찾아나섬,남편 고양이 바깥 도망간거야 한시간 남짓 바깥 찾아돌아다니다 땀벅벅 풍경
775,한국의 나이 문화,본인 공적 동생들 반말써 오빠 호칭 위화감
779,최초의 말하는 여성형 로봇,피아노 건반 입술 관절 풀무 후두 역할 수행 작업자 나사 튜브 이용 악센트 조절 개발자 발음 조정 독일놈들 디자인
780,디즈니 여캐 따라하는 여자,유게이들 한번 사람 디즈니 여자 디즈니 그녀 만화 모브사이코 레이겐 따라하는거 암만봐 디즈니
781,영화 샤크네이도 자꾸 과학계가 떡밥을 던져주네,상어 허리케인 육지 인간 습격 병맛 영화 시리즈 샤크 미국 패러디 급영화 제작사 어사일럼 오리지널 작품 제작비 대비 수익률 시리즈 이번 과학자들 연구 결과 페름기 대멸종 백악기 대멸종 신생대 지구 풍부 관측 상어 화석 만년전 기점 대규모 확인 고대 상어들 타임머신 폭풍 현대 지구 인간 습격 영화 스토리 샤크 신작 딱대 근데 상어 종류 멕시코 동북부 발견 고대 상어 화석 지느러미 발달 형태 형태 꼬리 지느러미 상어 특유 형태 샤크 시리즈 애당초 상어 만큼 이젠 자력 고대 플라잉 상어 타임머신 폭풍 현대 지구 인간 비디오방
785,마영전의 역대급 컨셉 유저,마영전 복귀 유저 넥슨 광고 유저 소문
794,인방 스트리머에 시청자인 이유,핑프 핑거프린세스 원하는거 안찾 손가락 침투부 부산맛집 아무것
797,요리대회 페미 논란 결과,도용인거 피카츄 사람 수상자 본인 올린거 사과문 피카츄 사람 현명 생각 실존인물 선넘지 진실 궁금 사람 많을거같아
804,미국에서 교통사고로 튕겨나간 브로콜리 믹스견 근황,미국 아이다호 인근 반려견 린다 오스왈드씨 교통사고 안전벨트 경미한 사고 다치진 뒷좌석 반려견 틸리 정신 근처 모습 틸리 발견 병원 이송 업로드 이틀 지역 목장 테일러 포터씨 자신 목장 뭔가 수상 모양 이름 어제 수색협조 틸리였다 보더콜리 믹스견 틸리 교통사고 직후 당황해 인근 목장 보더콜리 본능떄문 양치 구출 틸리 병원진단 결과 약간 증상 건강 문제
815,크루즈선 휴가의 상상과 현실,승선 상상 현실 수영장 상상 현실 온천 상상 현실 객실 상상 현실 라이브쇼 상상 현실 카지노 상상 현실 상상 현실 연령대 상상 현실 실버타운 식당 상상 현실 날씨 상상 현실 승선중 여가활동 상상 현실 해양생물 유게이 상상 예시 돌고래 현실 해수욕 상상 현실 뱃멀미 상상 현실 타이타닉 상상 현실 혼자 머리 승무원 상상 현실 해적 상상 현실 화장실 목욕탕 상상 현실 목적지 상상 현실 상상 현실 상상 현실
822,라스베가스에서 호텔 현금 결제가 카드보다 비싼 이유,라스베가스 싸구려 호텔 뒷처리 비용 생각 참고 미국 신용카드 발전 나라 현금 계산 한다는건 신용 개박살 소리 장소 장소
823,일론 머스크 진짜 최신 근황,아침 머스크 비트코인 손절한다 트윗 비트코인 하락세 그걸 머스크 트윗 비트코 사람들 진짜 학교 왕따
824,가족에게 끝까지 직업을 비밀로 하고 떠난 아버지의 유언,아버지 가족 사실 장례식 무렵 오열 어머니 충격 여동생 대리인 남자 침통 표정 자식 유서 제정신 마법소녀
825,어느 게임의 악순환,레인보우식스 핵쟁 사람들 랭크 일반 게임 무계급 하러가니까 핵쟁 상대 핵쟁 일반 유저들 쫒아서 일반겜
831,유출된 윈도 근황,유출 설치해 영상 빌드 넘버 이분 시디키 먹히는걸 무료 업글 지원 독바 향기 설정 고전스타일 탐색기 옵션 부터 암튼 인터넷 익스플로러 완전 삭제 유출 링크 확인 완전 안전 보장 가상화 환경 돌려보는걸 추천
836,천원 한식뷔페,자기 건물 뷔페 운영 재료대주 정육점 운영 장구치
843,감도 배의 세계,구글링 농약 희석방법 페이지 상위 만큼 결과 이상
849,불법주차 사이다,입주민 기어들어와서 주차한거 정의구현 근데 민사각
851,골드쉽 은퇴하는 장면,비장감 은퇴 이후 농장 종마 잘뛰어다니는걸 은퇴 빌빌대던거
852,마당에 구멍을 파기 시작한 남자 근황,스페인 안드레스씨 놀땐 옷차림좀 엄마 잔소리 사춘기 특유 반항적 기질 발동 옷차림 집안 생각 곡괭이 앞마당 시작 안드레스 기행 시작 안드레스 사춘기 반항 취미 영역 돌입 아얘 전기설비 본격적 지하실 시작 도르레 지상층 시작한지 최근 친구들 맥주파티 정도 지하실
853,입사 만에 해고된 신입사원,이거 짤렸는데 신입사원 사장 여자친구 회사 청첩장
855,일본의 월급도둑 피규어,우리들 월급도둑 사보리맨 이름 가챠 종류 월급도둑 우산골프 체크 사실 폰겜중 비둘기 이리오 생각 실제론 공원 벤치 편의점 도시락 상품 근데 벤치 다리 나무 의자 부분 가챠 중복포함 결과물 뽑았던거
857,취업계의 평행우주,경력 있으신지요 여기 경력 입사 축하드
864,노력은 쓰레기다 라는걸 증명해버린 캐릭터,노력 찬가 캐릭터 작품 진행 노력 재능 발악이란것만
866,흑인문화 중에서 논란이 있는 문화 하나,호미 문화 원랜 고향동문 의미 흑인커뮤니티 한사람 성공 주변 부양 의미 우리 생소 이해 문화 존재여부 논란 센트 호미 파산 루머 문화 주장 있긴 찰스바클리 오프라윈프리쇼 호미문화 존재 인정함 오프라윈프리 그걸 부정 호미문화 진짜
868,대한민국에서 지금도 나오기 힘든 소재의 멜로 드라마,사실 드라마 소재 드라마 방영 당시 년도 신선 다가왔느냐 남녀 신분 차이 극복 사랑 결국 사랑 결실 결혼 천편일률적 일반적 멜로 드라마 소재 자체 때문 드라마 애초 주안점 부분 신분 차이 남녀 신분 차이 사랑 집안 수준 비슷 집안간 종교 차이 때문 남녀 어려움 시련 고난 이겨나간다는게 주요 스토리 플롯 여자 집안 됵실한 개신교 집안 남자 집안 독실한 불교 집안 개신교 집안 여자 불교 집안 남자 결혼 불쾌 여기 극심 반대 신분 차이 종교 드라마 소재 천편일률적 남녀간 신분 차이 사랑 이야기 드라마 남녀간 사랑 종교간 차이 어려움 시련 고난 당시 희귀 신선한 소재 드라마 방영 당시 화제 문제 드라마 이후 남녀간 사랑 집안 종교 어려움 소재 드라마 멜로 드라마 희소성 드라마 개신교 비중 전면적 등장 드라마 이전 이후 대한민국 방송 공중파 드라마 개신교 색채 뚜렷 드라마 드라마 유일함
877,일제강점기때 왜놈들이 환장하던 음식,설렁탕 조상님 왜놈할꺼없 불티나 요리 잘나갔냐 미개 왜놈쉑들마저 설렁탕 호평했을정
881,잘생겼다고 유명했던 일본 최고령 검독수리,아키타시 오모리야마 동물원 일본 최고령 수컷 검독수리 초카이 발표 인간 아키타현 보호 사육되 동물원 아침 호흡곤란 응급조치 오후 사인 노쇠 즈음 상태 안좋아져 자력 상태
882,초딩때 했던 소금물 실험,초딩때 뭔가 녹는건 한계 실험 소금 이걸 반복해서 안녹을때 성공 소금 방울 한계 방울 소금물 보고서 제출
886,추리물에 나오면 안되는 가지 법칙,소설 녹스 집필 녹스 법칙 소설 미스터리 소설 가지 계명 소개 기본적 독자 추리물 주인공과 페어플레이 강조 측면 독자 탐정 추리 기회 범인 이야기 초반 언급 인물 독자 생각 인물 뜬금포로 막판 인물 범인 독자 추리할 범인 독백 인물 범인 그것 서술 트릭 반칙 독자 사기치 의미 초자연적 불가사의 수단 마법 추리 근간 우리 상식 초자연 치트키 사용 비밀 비밀 이상 밀실살인사건 성립 비밀통로 지금 발견 마지막 과학적 설명 장치 사용 트릭 가능한지 설명 니만 얘기 싸이언스 어거지 가능 중국인 등장 인종차별주의자 동양 차별적 의도 포함 인종 장르 자유 출현 권리 녹스 인종차별적 의미 내포 가정해 글쓴이 의견 무방 여기 중국인 신비 이국 마술사 의미 시진핑 신비 사람 비슷 맥락 법칙 탐정 우연 추론 증거 설명 직감 사용 수수께끼 과정 납득가게 막판 탐정 소리 탐정 본인 범인 독자들 서술 트릭 탐정 선역이어야지 탐정 독자 판단 증거 집중 의미 나중 떡밥 뿌리 독자 추리하 왓슨처럼 탐정 멍청 친구 자신 머릿속 생각 지능 일반적 독자 부족해 독자들 일반적 추론 대변 일반 파트너 캐릭터 한명 독자들 충분한 암시 상태 쌍둥이 대역 등장 복선 얼굴 인물 치트키 추리물 사람 법칙 미스터리물 하나 하나 법칙 해당 작품 치트키 재미 치트키 법칙 사람 법칙 변화 시도 지금 시각 구닥다리 법칙 여럿 애초 장르 발전 다양성 법칙 누구 말했잖은 규칙 장르적 어법 지킬건 장르 세분화 발전 당신 미스터리 명작 작품 녹스 법칙 세보자
888,진짜 굉장했던 영화 라인업,포드 페라리 아이리시맨 조조래빗 조커 원스 어폰 할리우드 아씨들 결혼 이야기 기생충 아카데미 작품상 후보 리스트 이전 영화계 불꽃
889,전설의 게임광고,지들 게임 유저 생각 광고이기도함 논란 겜회사
901,이번에 일본에서 체포된 남성 성폭행범,소년 조미료 게임 이랍시 해물 덮밥 수면제 소년 성폭행한 혐의 용의자 체포 본인 범행 부인 미수 실제 피해 피해자 발생 조사중
902,옛날 전쟁에서 전염병이 많이 돌았다는 얘기가 유독 많았던 이유,구글링 구덩이 대변 옛날 병사 모습 대체함 대변 문제 때문 군량 보급 원활 병사들 대변 어찌 자연 생리적 현상 어찌 이걸 이상 병사들 전쟁터 대변 문제 후술하자 옛날 병사들 대변 처리 방식 구덩이 어느정도 깊이 다음 대변 푸세식 화장실 조차 마련 경우 허다 조차 전쟁터 사치 문제 대변 다음 용변 처리 대변 성분 병사들 사이 콜레라 이질 콜레라 이질 전염병 일종 때문 치명적 떄문 옛날 전쟁 병사들 전염병 콜레라 이질 침략 나라 기후 적응 풍토병 문제 콜레라 이질 전염병 문제 심각 거지 여름 콜레라 이질 급속도 최적 환경 때문 콜레라 이질 문제 여름 여름 콜레라 이질 병사들 사이 필요도 전쟁 유리한 국면 맞이 대변 콜레라 이질 전염병 허무 경우 때문 전쟁 지휘 사람들 입장 전염병 골칫거리
906,볶음밥 사천왕,통김치 볶음밥 영수증 볶음밥 볶음밥 셀프 볶음밥
917,비건 갈비가 맜있을 밖에 없는 이유,초식동물 맜있음 초식동물 육식동물 기생충 초식동물 맜있 진화했다
924,귀여운 뚜루루뚜루 아기,아기 거북 아기 아기 코알라 아기 카짓 아기 부엉 아기 토끼 아기 늑대 아기 아기 호랑 아기 펭귄
937,근황,빌보드 연속 달성 스트리밍 다운로드 횟수 차이 라디오 강세 영국 오피셜 차트 기록 참고 차트 데뷔 연속 수성한 빌보드 역대 기록
948,테슬라 차량결함으로 공개사과,중국 테슬라 모델 차량 전기 공급 운전자 고온 환경 의식 주변 구출 사건 발생 야외 충전소 충전 모델 차량 전원 공급 중단 전기 공급 차량 원씨 날씨 사고이유 차량 내부 장착 소형 배터리 축전 능력 저하 파악 비상탈출레버 작동 해당 사건 테슬라 측은 공개적 사과함 주식떡락 뿅뿅들 전기 문이안열리 만들면어떻게해
954,한국 애니 하청 신인데 맡겨도,치히로 제작 당시 지브리 스튜디오 개봉일 일정 미야자키 하청업체 한국밖 이전 미래소년 한국 외주 좋은꼴 동네 나디아 옛날 필름들 배껴쓰 한국 외주 상황 무비 걱정 언제적 이야기 하냐 우리 실적 잘해드릴테니까 외주 지브리측 불안 직원 네명 파견 전설 결과 우려 만족 결과물 미야자키 무야호 이때 우리 미야자키 무야호 감독 여튼 미야자키 감독 입장 인상깊었던 치히 행방불명 개봉직후 방한 한국 토토로 개봉 홍보차 일본 치히 개봉직후 방한 여튼 재밌었는지 무비스튜디오 탐방 이야기 블로그 이야깃거리 지브리 스튜디오 이후 무비 하청 작품 제작 개꼴아박고 죷망했다
972,헤르미온느가 사기캐인 이유,헤르미온느 머글 태생 평생 마법 세계 존재 헤르미온느 본인 마법사 호그와트 입학 한달 남짓 시간 불구 입학 시점 신입생 누구 마법 해박한 지식 자랑 호그와트 역사 마법세계 문화 통달 스네이프 엿먹이려 질문 정답 한달 습득 저걸 공포
978,의외로 알바들이 싫어하는 손님,아침 커피 알바하 여자분 이상 불쾌 결제하려 건냈 번호 물어볼껄 그랬나봐
979,생각해보면 노빠구였던 고대요리사들,막말 요리 먹는부위 찾아냈다는게 신기 사형수들 오늘 이부위 찾아낸거 생각 들정도
985,외국인이 일본어 배울때 가장 힘든 진입장벽,라트비아인 독음 생쌀 생활 일생 쇼우 공교 아이 생업 아소 인명 소우 잔디 수조 이케 야요 인명 하뉴 인명 뉴우 일본인들 이걸 이해 거지 닌자
994,자식이 찐따라면 강남 학군에 보내야 한다,제목 어그로 심하긴 강남 수준까진 학군 중요하긴
996,배필 신작 공개 고통받는 게임사,레인보우식스 갤이다 배필 운영 유비 신작
1002,유튜브에 김치만드는 것이 결과,해외 아미들 김치만들기 시작 김치 아미들 먹는거 인증 시작 백날
1011,야겜출신 세탁 레전드,꼴마초 야겜 주인공 온가족 요리사까지 성공 신화
1016,생각보다 엄청난 김치의 천국 북한,북한 당국 지원 주요 거점 공장 종류 김치 생산 약용 수십개 종류 김치 지역 김치 개최 종류 김치 레시피 채소 김치 가능 중요
1017,중고거래의 필사적인 회피기동,전주 대구 칠곡 대전 정도 축지법 강호 이름
1018,아프리카 사기사건 레전드,개쩌 브랜드 발표 마케팅 열심히함 당시 스타리그 예토전생 프로팀 후원 아이유도 젊은층 인지도 프라다 신발 카드 신발공장 카피품 로고 판거 사장 신발공장들 물건대금 못받아서 줄도산 재고 대리점 지하철 땡처리 상표권 등록 횡령 문제 회사 경영 사기사건 초유 사태
1022,우리나라 역사상 가장 비극적인 왕권다툼 사건,수양대군 계유정난 수양대군 친형 문종 고명대신 김종서 황보 등등 중신들 한밤중 살해한 정권 장악 사건 수양대군 친동생 안평대군 이때 유배보 사사 세종대왕 둘째 아들 영화 관상 이정재 수양대군 유명 인물 애초 수양대군 운명 이유 문종 조선왕조 처음 탄생 적장자 출신 정실부인 첫째 부인 첫째아들 적장자 원칙 할아버지 이방원 기틀 아버지 세종 완벽 터전 상황 적장자 원칙 처음 계승 문종 김종서 황보 등등 고명대 단종 대신해 국정 운영 수양대군 고명대 국정농단 명분 중신들 살해 정권 장악하 결국 단종 압박 왕위 찬탈 문종 아들 세조 조카 단종 단종 나이 왕위 반강제 왕위 찬탈 어린나이 폐서인 유배지 숙부 사약 죽음 명분 수양대군 한명 욕심 때문 찬탈극 비극적 왕권다툼 사건 욕심 할아버지 태종 이방원 공신들 외척들 숙청 견제 권력 집중 조선초기 나라 기틀 성군 태종 세조 친형제 세조 태종 반대 공신들 때문 정난 공신들 득세 이때 세조 수양대군 책사 한명회 세조 의경세자 덕종 추존왕 사돈관계 외척 성종까지 해먹음 한명회 세조 정난공신 대부분 성종때까지 해먹다 죽음 이때 득세 사람들 훈구파 마지막 세조 아버지 세종 총애 집현전 학자들 성삼문 박팽년 등등 단종 복위운동 명분 끔찍 아버지 세종 싱크탱크 집현전 세조 수양대군 친동생 안평대군 금성대 세종 후궁 혜빈양씨 세조 몇몇 이복동생들 결론 자기 욕심 하나 때문 세종 적장자 문종 문종 적장자 단종 정통성
1025,이번에 한강 대학생 사건으로 고소당한 시즌 유튜버,친구 선임 변호사 로펌 대표 이름 이름 비슷 의형제 거짓 대화 영상 유튜버 상대 로펌 시즌 고소 시전함 유튜버 업로드 영상 전부 한강대학생 사건 수십개 영상 전부 악위적 악성 루머 고소 진행 발표함
1030,교통사고 마동석,마동석 예고편 여고생 장면 친구 거리 조절 공중 정도 촬영 중단 학생 병원 미안 어깨빵 정도
1031,일본 다리의 기울어짐을 느낀 주민의 신고,교각하나 기울어진걸 주민 감각 발견 차량통행 통제 선동렬 저리가라 할정 인간 각도기아니냐 저거
1037,한국인의 밥상 고래 고기,저거 촬영 당시 합법 현재 혼획 고래 유통 불법 애초 진짜 혼획 증명 방법 마땅치 일본 어민 아닌이상 고래고 먹는건 불가능
1039,아마도 전세계에서 가장 유명한 성우,찰스 마티네 마리 성우 특이한점 이탈리아계 미국인 프랑스계 미국인임
1044,김치를 중요시 하는 북한 근황,대규모 김치공장 설치 공장 하나 종류 김치 생산 선전매체 김치 민족음식 강조 세계 건강식 홍보 북한 자체적 김치 유산균 연구 착수
1048,어시장에서 실수로 복어를 팔아버렸던 사건,설명하자 생선파시는분 도매업자 자기가봣을때 곰치 생선 판매 근데 판매 남은걸보 아무리봐 뭔가 복어 혹시나해서 도매업자 연락 오늘산 곰치 도매업자왈 복어사신건데요 답변 기겁 경찰 도움 판매 복어 흑밀복 곰치랑 유사 착오 생선장수 개업한지 한달 안됬었다 복어사신분 처음 자기 복어샀다는걸 안믿었다 마을이장 경찰 생선달라 엉겹결 환불 참고 착각 곰치 물메 복어 착각 유게이들 복어 오해 주의 하자
1053,김택용도 코인 게이트 연루,이영호 염보성 창현 케이 오메킴 김봉준 코인게이트 사건 공지 오늘 공지 스타판 한명
1060,전당포에 들어온 미심쩍은 자루,남자 건케이스 뭔진 할아버지 경매 아련 탈주엔딩
1062,모텔에 가거든 그림을 확인해야 하는 이유,그림액자 카메라 제품 유화 다음 사이 카메라 제품 설명 보안 필요 악용 여지
1064,최신 초소형 암살드론 시연,그램 불과 초소형 드론 안면 대상 이마 폭약구멍
1066,미국도 한국이나 다름없구나,임금 센트 동전 욕설 쪽지 지불 우리나라 갑질하는데 쓸법한일 미국에서 일어나는구믄
1069,일본의 어린이 생존왕,초여름 아이 홋카이 산속 실종 발견 경위 놀라움 야마토군 능력 모습 실종 사흘 폭우 뇌우 일동안 티셔츠 한장 산기슭 횡단 동안 경찰 소방관 자위대 탐색 실종 장소 자위대 주둔지까지 다리 고갯길 정반대 자위대 주둔지 출현 경찰견 후각 열쇠 자위대 주둔지 창고 출현 스네이크
1075,서울애들이 광역시조차 시골취급하는 이유,서북방 모든걸 올인하 기업 내려보내는 광역시 거점 아우토반 서울 근교 시간 단축 기업 대학 내려보내서 일자리 상권 확보 대기업 수도권 정도 년제 대학 서울 있는걸
1077,세계에서 가장 버섯,미국 오리건 버섯 모형 리얼 버섯
1079,유저들의 커마에 개빡쳤던 게임사,게임 마스코트 중요 캐릭터 게임 유무 유저들 애정 인기 확고 때문 검은사막 신규 직업 하나 펄어비스 마스코트 캐릭이 생각 엘린 순수 컨셉 캐릭터 은근슬쩍 속옷 스킨 샤이 아기 천사 상황 펄어비스 마스코트 매출 쟁여둔다 정도 총애 자신 게임 유저들 노답 파악 유저 참피 공개 동네방네 샤이 이미지 타격 입은 일가실각 자신들 세레브한 마스코트 똥분충 사실 격노 운영진 커마 공지 이후 몇몇 커마 유저들 소문 진실 너머
1082,비쥬얼이 사기인 배우,누가봐 고블린 자체 고흐 영화 고흐 비쥬얼 고흐 자체임
1087,일본 발행근황,센치 센치 동전 사람 대가리 오타난거 일본 진짜 동전 못버리네 발행 주체 동전 지폐 발행 정부 고액동전 동전 안나올텐데
1096,어떤 직장인이 생각하는 회사 최고의 복지,반려견 동반 출근 근데 진짜 사람 최고이긴 한번씩 힐링
1098,표절 의혹 국내영화 감독들의 해명,광해 미공개 엔딩 데이브 엔딩 빼박
1101,본격 저격용 리볼버,진짜 물건 제식 리볼버 마뉘랭 배율 스코프 양각대 저격화 경우 자체 명중률 가능
1104,직원이 싸다구 갈겼어도 무죄줘야됨,벌금 처음 만원 그담 만원 그이후론 만원 저러 인간들
1107,한강사건 근황,방구석 추리하다 고소먹 변호인단 합의금 지불의사 하니깐 협박 청원올림 한줄요약
1108,해외에 있는데 약탈문화재는 아닌 국산 문화재,유게이들 국사 시간 왕오천축국전 혜초 스님 당나라 유학길 이후 인도 페르시아 티베트 튀르크 중앙아시아 각지 기록 여행기 문학적 가치 당시 지역 생활상 문화 기록 사료적 가치 수준 물건 프랑스 국립도서관 보관 이것 병인양요때 약탈 지레짐작 발견 중국 둔황 막고굴 그것 프랑스 동양학자 펠리오 당시 막고굴 장경동 보수공사 와중 대량 고서적 기록 발견 당시 중국 정부 가치 당시 군벌들 내전 정신 서양 학자들 직지 펠리오 처음 고서적 생각 동료 동양학자들 중국하 일본 학자들 조사한 결과 정체 일제시대 우리나라 사학자들 신라시대 스님 기록 중국 황당 나중 혜초 스님 행적 다들 납득하긴
1119,너무 피곤했던 다이소 알바 실수담,엔샵 알바할 무렵 퇴근 편의점 점원 어서오세요라 인사 반응 어서오세요 상품 큰소리 정신
1120,지구상 먹이사슬의 최정점 사마귀,곤충 애초 곤충 사마귀 비교하는건 어류 사마귀 있는건 양서류 개구리 존맛 파충류 너그롭고 자애로운 사마귀님 선빵 패널티 파충류 조류 벌새 당랑권 포유류 람쥐썬더님
1122,슈퍼카 부가티 근황,검은사막하 콜라보함 부가티 검은사막 쿠폰 건가
1130,일본애들이 괜찮다고 하는 의외의 한국 매운양념,초고추장 매운거 일본애들이다만 그걸 감안해 괜찮은가봄 음식 초고추장 참치회 평가함
1136,내가 꿈꿨던 직장 여상사와 현실,이상적 여상사 이성적 일처리 반할정도 대화방식 친절 업무 능력 현실 여상사
1137,의외로 허세 자체인 음식,샥스핀 샥스핀은 식감때문 음식 젤라틴 인공 샥스핀 백목이버섯 사실상 완벽 대체 가능 젤라틴 완벽 가격 천연 샥스핀보단 백목이버섯 버섯 만큼 식감 완벽 저렴함 상어 생태계 최상위 포식자 때문 먹이사슬 축적 중금속 오염 문제 심각 가성비 완벽 대체제 허세때문 오늘 상어들
1141,아름다운 유부녀를 죽이는 조조,동승 헌제 계획 암살시도 동승 동귀인 조조 헌제 동귀인 임신 살려달라 애걸복걸 근데 조조 허저 내시 궁녀 베어죽 끌고올때보 충격 하혈하던대 동귀인만 뿅뿅하 헌제 헌제 면전 뽑아드 조조 헌제 헌제 조비 헌제 옆에있 조창 언월도부여잡 꼽줌 헌제 헌제 면전 모욕 조조 헌제 무시 허저에 비단끈 동귀인 명령 조조 광경 격분 한나라 충신들 동귀 조창 명령 한나라 충신들 병사들 아들 별명 조조 똥씹 표정 순욱 관우 형님 유씨 조씨였소
1148,나가토로에서 선배에게 계속 여자들이 꼬이는 이유,현실 대입 이정 와꾸 떄문 얼굴 미술전공 여자 쑥맥 여자 안꼬이는 이상한 수준
1149,앤트맨과 와스프 영화의 깨알 디테일,영화 등장 박사 연구실 휴대용 내부 전력 듀라셀 건전지 공급함
1152,전설의 모바일 게임 번역,궁수 방패 검사 검사 고유명사화 실드치 사람 일리오스 도끼 교회 사물 되버린 눈물 캐릭터 현재 안고쳐짐 얘네들 고차원적 생각 번역
1153,어제 일본 짱구는 못말려 팬들이 환호했던 이유,호주 해외출장 철수 아빠 짱구 기준 귀국함 마지막 방송 해당 에피소드 재방송
1157,코스트코에 취업하고 싶었던 미국 아버지 근황,미국 미시간주 남성 제프씨 지난해 코로나사태 직장 해고 신문배달 식료품점 자동차 공장 감독 건물관리 지역 병원 납품 담당 다양한 코로나 긴축재정 해고 제프씨 자신 일할 충분한 재취업 희망 이력서 제출 때문 레베카 도움 자신 아버지 구직 희망 업로드 아빠 어디 코스트코 레베카씨 아빠 코스트코 아빠 무엇 이력서 작성 코스트코 채용 이메일 사연 트위터 작성 트윗들은 미국 인기 코스트코 공식 트위터 해당 트윗 인기 전해듣고 코스트코 제프씨 채용 제프씨 코스트코 이유 샌님 대학 학위 필요로하 건강보험 제공 휴일 직장 이유 대답 제프 레베카 언론사 사람들 우리 가족 친절 우리 사랑 사람 전염병 혼돈 시간 기묘 선물 우리 아빠 생겼다는 사랑 소감
1160,한강사건을 보니 떠오르는 사건,엘리베이터 귀신 대화 행동 유명 엘리사 그녀 호텔옥상 물탱크 알몸 발견 탐정 사람 출동 용의자 특정 헛발질 탐정들 용의자 그녀 사망원인 무었일까 그녀 우울증 편집증 정신성장애 여행중 처방 허무 정도 진실 간단 탐정 인터넷 렉카들 발광 인간들 사실 인간들 사람 사과한마디
1161,한국역사 최고의 꿀잼 시기,몽골 제국 존망 몽골 손절 실행 공민왕 친위대 자제위 살해 남쪽 일본군 수만명 집단 상륙 고려 존망시키는중 일본 변방 귀족가문들 동맹맺고 대규모 침략온거라함 북쪽 홍건적 약탈박아댐 왜구 홍건적 때려잡던 고려 영웅 이성계 군사쿠데타 이성계 쿠데타 고려 영웅 최영 이성계 일파 처형 이성계 정몽주가 이방원 참살당함 조선 건국 이방원 정도전 숙청 이복동생들 참살한 왕자 이방간 왕자 제압 빡친 이성계 마누라 집안친척 조사의 꼬드겨 이방원 조질려 제압 조선 최고 군주 세종 아버지 세종 문종 사망 어린아들 단종 즉위 세종 아들 수양대군 쿠데타 아버지 세종 애지중지 신하들 도륙 조카 단종 폐위 왕위 연산군띠 시대 사극들
1165,최근 천조국에서 돌고 있는 음모론,미국 비둘기 정부 국민 감시하기위한 드론 음모론 전선 비둘기 충전중 배설물 추적 장치 황당 소문들
1167,한국 트위터 인기 게임,프로젝트 세카 저거 이거라고오오오 세카 프로젝트 스팀 네코파라같 미연시 정보수집 어케했길래 실수
1168,센과 치히로에서 아빠가 먹던게 뭐였나요,육즙 소룡포랑 비슷 사람 음식 지브리 작가 레이아웃 말랑한 외피 가득 건더기 새끼양 위장 발견 음식 나중 지브리 답장 음식 세계 거주 사람 재료 음식 세계 인간들 유혹 함정 한마디 실존 음식
1170,캥거루가 물속에 있으면 조심하세요,호주 사실 캥거루 자신 추격 사람들 익사 캥거루들 그걸 존나 캥거루 여기 것들 획기적 다양한 방법
1175,프린세스 메이커 초고수,레미제라블 주인공 발장 교육 신학 가사교육 플레이했는데 귀족 결혼 엔딩 달성 본인 엔딩 만족 퇴장함
1176,한화팬들은 이해못할 승부조작 정황,한화팬 뭐요 한이닝 한투수 볼넷 이상해
1177,새아들이 집을 나가버렸습니다,이전 재혼 아내 새아들 새아들 최근 아내 아내 묻어주기위해 고향 아내 직전 새아들 아내 유골함 그동안 서운 있던거였을까요 기분풀려 게살만두 안대 아들 게살만두 요리사 가족 사과 새아들 마음
1178,현대 체인메일 중세 체인메일,체인메 사람 관통 실험 체인메일 방어력 철사두께 상어보호용 머신웰디드 체인메일 생각 실험 하나 주문해 사각링 체인메일 반면 상어보호용 체인메일 이빨 하나 안나가 멀쩡해서 충격받음 체인메 저거 이유보 큰이유 통짜 이음세 없냐 일단 현대기술자체 넘사벽
1180,일본인들이 인터넷뱅킹을 안쓰는 이유,인터넷뱅킹 사용료 맡겨놔 우리 이유 보관료 우리나라 은행들 고객 이해
1183,코에이 삼국지 표지 그림 일러스트레이터의 그림,나가노 츠요시 고대 동양 인물들 서양인 비난 서양풍 일러스트 잘그
1188,동양인 진상 손님때문에 시무룩해진 버터상인,위짤 또또 부분 백인아조씨 표정 안좋음
1195,강제로 웃음 쥐어 짜던 개콘,뭔가 등장 김병만 뭔가 등장 사기캐 피지컬 웃음 쥐어짜 시절
1201,엑스맨 불닭복동 기차씬의 충격적인 사실,엑스맨 불닭복동 유일 기차 촬영분 장면 기차 대신 우주 붕쯔붕쯔하 최종 비쥬얼 이거 하위호환 영화 재촬영 배우들 스케쥴 배우 촬영 합성 정도
1207,경상도인이 서울말을 듣고 충격먹은 이유,충격 꽈자라 저런건 애기들 단어 아녓어 까까라던 혀짧 사람들 발음 저런건줄 알앗는데 사투리엿다
1214,근본중의 근본기업,휴렛 패커드 실리콘밸리 세대 기업 세대냐 실리콘밸리 단어 한참전 캘리포니아 남부 회사 위치 당시 대학생이 휼릿 패커드 창고 주파수 측정장비 회사 창립 이때 창립비용 지도교수 달러 현재 창고 캘리포니아시 실리콘밸리 탄생지로 명명 유적지 등록 회사명 동전던지기 여기 패커드 이름 앞에넣어 패커드 휴렛 결정함 패커드 휴렛 앞에오는 제안 현재 회사명 휴렛 패커드 결정됨 미국인들 자신 이름 회사명 앞에오 이름 중요 생각하는걸 감안 우정 어느정도 일화 생각 세계대전 발발 휴렛 군대 입대 데이비드 패커드 회사 경영 군대 납품 신호기 종전이후 일본 산업조사 년대 휴렛 잼민 전화 주파수 측정기 요구하길레 대가 잼민이한테 자기 회사 제안 잼민이 이름 스티브 잡스 여기 인연 잡스 엔지니어 워즈니악 사과회사 회사 한국이랑 인연 한국 시장 진출 삼성 협력관계를하게되 상호 삼성 자기 회사명 뒤로가는 삼성휴렛패커드 상호명 제안 수락 삼성휴렛패커드 이후 삼성 자체적 프린터 판매사업 시작 계약 파기 서로 지분 자사 지분 프리미엄 삼성 구매를해줌 금융위기때 한국 천만달러 외환위기때 신한은행 천만달러 당시 원달러 시세 저렴 조달 당시 였던 휘트먼 캘리포니아 주지사 출마 흥보영상 주소 글자수 제한 끝부분 몇글자 한국인 기타리스트 유투브 영상 다이렉트되어버리 참사 발생하기
1219,무시무시한 기술의 발전,핵무기 시뮬레이션하 연산력 바스트 모핑 계산
1224,무한도전 해본 정형돈 소감,나중 평창가서 한번 이번 유재석 답답
1226,자주포의 치명적인 단점,그것 에어컨 왜일까 국가 노예 분충들에 에어컨 따위 필요없는데스 우마우마한 정신력 버티는데스
1231,운전시험장에서 가장 어이없는 사건,음주운전 면허 취소 재시험 차끌고 시험장 짤이랑 별개 사람
1234,아프리카에서 코끼리를 집중적으로 사냥하는 특이한 사자 무리,아프리카 지역 사자들 코끼리 사냥 보츠와나 사부티 지역 서식 사자들 지역 근방 먹이 초식 동물들 부족 코끼리 서식 비중 때문 코끼리 사냥 사냥법 터득 지역 서식 사자들 지역 무리지 서식 사자들 코끼리 사냥 성공률 코끼리 코끼리 미만 성체 코끼리들 집중적 사냥 이것 거지 이상 코끼리 육체적 성체 때문 무리 수십마리
1239,쿠팡 물류센터 화재 초진 성공 소식,시간만 초진 성공 남은건 내부 적재물 불씨 하는거 실종 소방관 건물 안전진단 하는건 아침 예정 그와중 쿠팡 시간 사과문
1245,드디어 치트키를 꺼내 유비소프트,파크라 악당들 스토리 진행 골든패스 쓰레기들
1248,죽창이 약하다고 생각해,당신 필요한 사이클론 스피어 스텐리스 한번
1258,년만에 출산하고 박사학위를 받은 대학원생,조지 애틀란타 대학 동안 후성 유전학 논문 임신 이번 출산 박사학위 감동 대학원생 자신 논문 출산 인증
1259,이번에 공개된 국가별 가상화폐 수익 근황,이번 해외 가상자산 시장 조사기관 각국 가상자산 거래흐름 비교 국가 거래소 가상자산 수익 비트코 단위 비교 결과 미국 거래량 만큼 수익률 한국 비트코 거래량 수익률 단타 사실상 수익률 거래소 배불렸다 평가
1264,미국 중고나라에 올라온 웨딩드레스 근황,미군 복무 전역한 맥레오드씨 얼마 약혼 여자친구 약혼 사이 그녀 웨딩드레스 물품들 처리 달러 웨딩드레스 달러 중고시장 구매희망자 웨딩드레스 구매 드레스 마음 드레스 모건씨 여자친구 때문 웨딩드레스 사람 솔직 사연 근육질 온몸 문신투성이 한번 허락 드레스 마음 구매 희망자 드레스 않았다
1270,여기는 케리건 구조를 요청한다,반복 프로토스 무력 저그 구조 요청 요청 무시 준비해 전함대 신호 타소니스 퇴각 아크튜러스 나쁜자식 본부 구조요청 취소해 될거같아요
1284,속보 배틀필드 한국맵 등장,한국어 등장 한국맵 등장 루머 한국인 병사 한명 등장 아무 이맵 예측 우리 군대 미사 사거리 우리
1286,슈퍼맨과 호각으로 겨룬 한국 빌런,정체 건물 슈퍼맨 여기 슈퍼맨 민간 정체 들킨뒤 직업 신세 수천개 태양 무적 해모수 소개 메타휴먼들 판돈 경기 투기장 상대 해모수 처형식 세레모니 살인 생각 클라크 해모수 가아암히 외계인쉑 천제 아들 해모수에 알게구 이후 프로레슬링 엔터테인먼트 세계 존재감 신화 전설속 반신 영웅들 투기장 인기 벌어먹고 갈곳 슈퍼맨 오늘 부상입 해모수 대신해 한국신화 재현 경기 오늘 가야징 해모수 슈퍼맨 오늘 못다한 결판 슈퍼맨 사람들 전부 해모수 옛날옛적 출신들이 슈퍼맨 한국 해모수 대한민국 슈퍼맨 해모수 에탄올 해모수 건배 슈퍼맨 재밌었는데 해모수 뭔소리 천제 아들 주량 무시
1288,일본 네오지온 협회 발촉식,편의점 회사 대표 편의점 안전거점 발표
1291,년전에 단종된 교통수단의 부활,전동킥보드 오토패드란 이름 가솔린엔진 탑재형 나온뒤 전동킥보드 제품 후속 관광지 관공서 등지 이동수단 주목 가격 위험성 대중화 일부 청소년 위험운전 비난 단종됨
1292,퇴물 메시 스탯 근황,시즌 경기 도움 시즌 경기 도움 시즌 경기 도움 레전드라도
1293,농담이지만 맞는 했던 사람,귀멸 담당자 담당 각종 설정 스토리 뼈대
1303,코인 떨어지게한 공신,최고점 풀프라이스 컴퓨터 아이 싯팔 한달
1304,도박중독 쾌락이 다음이란 말이 실감나는 장면,자식 도박 전념 정도 도박 중독성 어마어마함
1306,절대 타지 않는 나무판 불꽃을 뿜는 버너,참고 이후 확인 나무 자체 이음새 사이 불길 메모
1320,시속 운전하면서 숙면한 운전자,작년 사건 테슬라 운전자 자율주행 숙면 상태 난폭운전 경찰 추격 시작 거기 가속 도주
1324,시대를 잘못 타고난 로봇애니메이션,나가 마징 원작자 변신 로봇만화 이시카와 나가 변신 로봇만화 이시카와 겟타로보 탄생 이시카와 겟타로보 원작자 근데 이거 변신 합체 방식 어거지 나가 나가 어쨋거 겟타로보 성공 변신 합체 로봇 시대 아시 프로덕션 로봇애니메이션 변신 합체 어거지 인기 하압 깅가이저 방영 아시 프로덕션 이걸 우리 회사 대박 토미노 요시유키 아시 프로덕션 토미노 요시유키 훗날 기동전사 건담 감독 로보트 합체씬 뭔지 아시 프로덕션 이새끼 토미노 요시유키 용자 라이딘 초반부 감독 다다 콤바트라 감독 초전자 볼테스 방영 토미노 요시유키 볼테스 합체씬 연출 새끼들아 합체씬 아시 프로덕션 시발 다다 볼테스 감독 동생 방영 초합체마술로보 깅가이저 원근법 무시 충격 합체씬 시청자들 이목 합체로봇물 교과서 거대로봇물 필살기 원조격 천공검 초전자 볼테스 인기
1331,오늘 와이프 친정간다는 글에 네이트판 반응,다들 이해 훈훈 분위기 남녀 혼자만 시간 기혼자 이해
1334,원주민들이 외국인들에게 애벌레 주는 이유를 알겠다,원주민들 애벌레 그넘들 외국애 쩔쩔 주는거 거절 우리 예의 모욕 먹드
1338,영웅쥐 마가와 년만에 은퇴,캄보디아 지뢰 기타 발견 혼자 만평방미터
1345,학폭 피해자라 미화된 캐릭터 레전드,해리포터 시리즈 스네이프 릴리 일편단심 사랑 사랑 여자 자식 삼중첩자 등등 세탁 캐릭터 애초 첩자질 죽먹자 동조 가입 활동 볼드모트 릴리 부부 덤블도 한테 학생들 한테 거지 네빌 경우 보가트 자신 존재 마법생물 스네이프 변신 정도 학생들 편애 기본 옵션 지랄 주인공 아빠 학폭 가해자 피해자 스네이프 릴리 사랑 때문 이미 스네이프 요약 유태 여자 사랑한 순정나치
1356,세계의 부채를 한큐에 해결하는 방법,전세계 부채 한명 몰빵시키 그거 기독교
1357,목숨 걸어야 하는 일본 백신 접종,주사 주사했대 백신 접종 사용 주사 사람 주사
1359,길에서 우연히 만난 전여친 시간 무차별 폭행한 남자,여친 두들겨패서 징역갔는데 여친이랑 감옥간 빡쳐서
1360,감독이 자신의 사심을 아낌없이 넣었던 영화,기예르모 감독 헬보 감독 원작 만화 애정 자신 취향 스팀펑크 기괴 크리처 디자인 영화 반영 원작 오컬트 판타지 만화 스팀펑크 크리처 디자인 위화감 반면 마샬 감독 리부트판 원작 애정 촬영 현장 개판 영화 장르 오컬트 판타지 고어 만들어놨다
1364,놀라운 인간의 기능,인간 우리 시간 시험 사랑 기능 정지
1366,지구는 둥글다고 빡대가리들아,미국 지구 평면설 빡대가리들 과학시민단체 반박 실험 시작 실험내용 초등학생 실험 천년 아리스토텔레스 실험 수평선 너머 깃발 지구 둥굴다는 입증 지랄 복사 때문 추락해서 죽은거 반박해 음모 치부
1369,취업이 어려운 이유,취업활동 시작 대학직원 이력서 자신 가족 연인 당신 표정 연인 조언 연인 취업활동 출발선 그때 처음
1379,서울대생을 알바로 썻더니,이거 편돌이알바할때 카이스트생이 알바생 불편한점 개선한 메뉴얼 점장한테 전부배포한 잘돌아가니깐 할거다한듯
1382,설계도만 보여주면 조수들이 전부 도망갔다는 조각상,우리 조각상 한번 만드실건데요 생각 대리석 한덩어리 통채 조각 개쩔 놈아 디테일
1383,곡성 감독 신작 예고편,원안 각본 제작 나홍진 감독 반종 피산다나쿤 셔터 시놉시스 태국 마을 가족 여신 신내 그것 생각 여신
1395,카톡 현재 카톡 이모티콘 인기순위 근황,오버액션토끼 하츠네 미쿠 콜라보한 이모티콘 미쿠 오버액션토끼 세번
1397,칼로 아닌 말로 설득하겠다는 답답한 아들을 아버지,우리아들 우리 아들 가능 것들 아빠
1400,렌탈여친 작가의 하루,마스크 안쓴다 기상 가족 아내 아이 작업 집중할려 쉴려 산곳 진짜 간단 작업실 도착 어시 곳이다보 한번 청소 시작 작업실 모습 서재 만화책 소품 보관함 어시들 도착 마감 점심땐 애완견 산책 작업 이후 편집자 회의 콘티 마지막 어시들 회식 마무리 사람 만화 흥미 지금 여친 이거
1401,프로게이머 노업 풀업 차이,노업 풀업 리즈시절 움짤 다음 스타리그 기억 프로게이머 박정석
1408,자취생 공짜로 치킨 피자 먹는법,초반때 친구들이 족발집 테이블 남긴거 슬쩍가져온적 저건좀 당사자 부모님 맴찢
1411,달러 충실한 친구 만명,충실 친구들 달라 후원 부탁 개이득
1415,포악한 동물을 방에 얌전하게 만들었다는 사람,레오나르 디카프리오 백조 촬영 촬영 행패 반항 스태프들 촬영 생각 레오 백조 얌전 자기 포옥
1416,은근히 사람들이 잘모르는 생분해성플라스틱을 가장 많이쓰는 분야,프린터 프린터 사용 옥수수 사탕수수 생분해성 플라스틱
1417,동유럽 선수단이 태국선수들에게 눈찢기 퍼포먼스 논란,세르비 배구 연맹 세르비아 태국 득점 실패 조롱하기 눈찢기 시전하 태국 사과 세르비 배구 연맹 그녀 몸짓 무례 의미 사과문 행동 인종차별 뿌리 인정 행동 묘사 우리 태국 태국 사람들 피해 여러분 모두 진심 사과 사과 이하 세르비아 연맹 추가적 발언 과장 해당 자신 실수 태국 사과 그녀 동료들 그들 수비 시작 무례 의미 해명 태국 당사자들 용서 선수단들 저딴 사과 항의함
1428,게임할때 인벤에 자리 모자르는 사람들,쓰레기 가득 쓰레기 생길까봐 못버리 그리고대부분 쓸모없는템 미련 못버리 창고 박아둠
1432,이상 불법윈도우 설치 부품빼먹기 안먹히는 수리기사들 근황,이번 검거 전국규모 컴퓨터 수리업체 소규모 사업장들 유지보수 계약 채결하 유지보수 해당 업체들 백도 프로그램 설치 랜섬웨어 자료 암호화 업체들 기사들 사용자 잘못 해커들 자기네들 나눠먹음
1438,코스트코 양재점이 전세계 위라는건 옛말이긴,지금 중국 매장 상하 지점 매출 오픈 물건 빼앗을려 난투극 시간만 영업종료
1445,한국에서 가장 맛있는 가장 한국적인 음식이라고 평가받는 지역의 음식,호남 지역 음식들 한반도 호남 평야 곡창 지대 지역 식재료 풍부 때문에가장 한국적 지역 음식 호남 음식 특징 양념 특징 때문 한국적 음식 이유 한국적 때문
1450,우리민촉 최초의 배달음식이라고 알려진 효종갱,양반들 전날 과음 아침 해장국 근데 그시절 옹기 광주서 사대문 아침 배달할려 배달부 피지컬
1452,코믹스 여자가슴이 삶의 목표인 빌런,블랙게이트 교도소 메타휴먼 격리구역 오늘 빌런 최고 몸상태 유지하기 운동 대부분 범죄자 빌런들 수용소 목표 방향성 곡물 채소 식단 최상 컨디션 유지해서 지성 명료 각종 퍼즐 두뇌 단련 무장강도 범죄 년형 선고 세월 왜냐 한심한 범죄자들 목표 구체적 집착 시작 부탁 선생 파워걸 그녀 답장 파워걸 한번 대화 없다는거 눈길 그녀 기자회견 장소 그것 눈길 살갖 콘브래드 눈길 파워걸 매력 그녀 싸움꾼 솔직해 풍만 그녀 당신 확신 세상 초능력 자기들 상남자 생각 씹상남자 고아들 자선행사 홍보 파워걸 파워걸 듣보빌런 포스 행사 개떡 처맞게되 다들 진정 자기 미안 누군지 백마탄 왕자님 베이비 기억해 자선경기 관중석 운명적 장담하건대 우웅 왜그래 자기 그때 감정 루시우스 엄마 허락안하 거지 자기 허락 우리 키스 에이 왜그래 츄베릅 츕츕 쬬옵쬬옵 저기요 와장창 블랙게이트 교도소 메타휴먼 격리구역 범죄자 빌런들 이곳 집중력 금새 형량 수술 한손 푸쉬업 이곳 범죄자들 누구 비밀 그것 사랑 그녀 씹상남자 씹상여자다 그녀 파워 피치 목표 파워걸 가슴
1458,윤일병 가혹행위 사건을 최초로 세상에 알린 장본인,예비역 김재량씨 윤일병 상병 자기 동생 군대 동생 윤일병 피해 못참고 세상 현실 내부고발 죄목 강제 전출 우울증 불면증 부대 후임들 하극상 김재량씨 포기않고 윤일병 사망 사건 진실 윤일병 사건 세상 가혹행위 심각성
1459,운적 요소를 완전히 배제한 순수 실력제 스포츠 근황,지난밤 마이크로소프트 공식 스폰서 개최 제한시간 엑셀 문제 전세계 기업 재무직원들 실시간 문제 예선 승리자 토너먼트 본선 진출 결승전 진행 해당 문제 풀이과정 원드라이브 공개 예정 요소 따위 초국적 기업 후원 순수 실력제 스포츠
1460,인방주의 인간승리,머리 사고 목뼈 머리 아래 감각 상태 무기력 친형 소개 장애인용 조종 컨트롤러 게임 입문 포트나이트 기네스 기록 정도 빠요엔
1464,형돈이와 대준이 팀명이 그렇게 이유,도니코 동콩 유느님 말씀하시길 형돈이 대준
1465,러시아에서 홍보중인 한국 문화 포스터 수준,주러시아 한국문화원 한국관광공사 모스크바 지사 공동 월간 한국문화제 개최 포스터
1467,인종 논란에서 너무나도 자유로운 헐리우드 배우,드웨 존슨 다들 흑인 남방계 황인종 폴리네시아인 혼혈 근데 피부색 백인 영화 안드레아스에선 백인 결혼해서 외모 영화 스카이스크래퍼에선 흑인 결혼 자녀들 외모 분노 질주 폴리네시아 외모 아빠 뉴질랜드 폴리네시아인 마오리족 풍습 하카
1479,스포 미스트 영화판 스티븐킹이 만족한 이유,소설 영화판 스티븐킹 안개 어떤건지 표현 때문 스티븐킹 만족 영화 미스트 사실 영화 뭥미 엔딩 사람 전개 도중 안개 정확 뭔지 주인공들 부연설명 때문 관객 입장 안개속 괴물 사람 마구잡이 죽이는걸 때문 생각 영화 이걸 표현 정체불명 안개속 두려움 사람 마트 와중 아이 그녀 이분 이야기 비교적 초반 마트 거대 촉수 직원 직원 무서운거 사실 허세 과장 동작 다리 동네방네 울릴정도 목소리 안개속 무언가 촉수 사망 사람 상황속 마트안 사람 광기 광기 사람 충격적 정보 미군 무언가 이등병 불과 아무것 군인 잘못 모두 칼찌 한방 놔주 고통 두려움 마트밖 안개 모두 익숙 사람 성경 종말 광신도 여자 정말 성경 종말 사람들 호도했고 사람 안개속 계시록 예언 황충 괴물들 습격 산제물 소리 주인공 일행 머리 정의로운 총알 광기 가득찬곳 안개 아무것 상황 안개속 거대한 괴수 소리 어디선 상황 주인공일행 비참 절망적 상황 인간답 차례차례 주인공 차례가되 총알 주인공 절망적 상황속 안개속 소음 주인공 절망적 상황 주인공 괴물 안개 화염방사 처리 미군 아이들 그녀 엔딩 사람 뭥미 사실 사람 떡밥 안개속 무언가 누군가 두려움에의헤 첫번 모습 거미 괴물 성경속 재앙 두려움 믿음속 베헤모스 황충 안개 그대로 자신 안위 아이 생각만 가득 그녀 아이 안개 묵시록 재앙 생각 묵시록 재앙 과학 이성 미군 고작해 안개 차원 생물종 불과 청소 주인공 일행 죽인건 안개 괴물 그들 스스로 광기 두려움이
1484,약혐 인공보존료를 사용하지않는걸 강조하는 버거킹 광고 근황,식빵 한조각 곰팡이 핀거 냅두 궁금 냅둿다 엄마 등짝스매시 기억
1490,결국 악플러들 선처없이 고소 진행한 박지성,유상철 조문 조의 표현 박지성 아내 김민지 유튜브 평소 박지성 악감정 악플 모욕글 유상철 월드컵 멤버 사이 안좋다 악성 루머 박지성 가족들 영국 박지성 아버지 조문갔고 본인 유가족 통화 조의함 박지성 평소 모습 안냈 고소 예정 선처 오늘 입장문
1496,왕따를 당하던 초등학생의 생일 파티,초딩시절 와이프 아이들 씌발 찍은거 초대장 생일
1505,일본 영화팬 선정 실사화에 성공한 영화 순위,공동 사이키 쿠스오 원작 감성 애니메이션 실사배우 배우 공동 약속 네버랜드 설정 였지만 연기력 원작 마음 하우스 탈출 카케구루 전원 연기 실사화 오리지널 전개 원작 막나가 세계관 배우 오버하 연기 잘어울렸다 치하야후루 작품 자체 현실 소재 사이타 과장 연기 코믹해 오늘 우리 배우 열연 만화 만화 이제 실사화 생각 성공적 생각 킹덤 원작 흡입력 스토리 재현 액션 훌륭 만화 애니메이션 재밌었다 실사영화 시리즈 타츠야 연기력 원작 충실 현실성 스토리 매력적 은혼 배우진 모두 캐릭터 자체 원작 사랑 진지 비주얼 스토리 전개 원작 충실 영화 바람 검심 지금 실사영화 유일 성공 작품 박력만점 애니메이션 실사화 중요시하 요소 스토리 충실도 캐릭터 비주얼 연출 실사화 용서 원작 내용전개 캐릭터 비주얼 오리지널 캐릭터 난입 원작 감동 라스트신
1517,한국 나오자마자 타락한 외국인들,우리 미군 페리스 상병 일베츙 전직 자네 부모 사람인가 유명 라비 욤비 성매매 사람 폭행 협박해서 만원 혐의 교도소 복역
1519,평당 만원으로 지어져 개월만에 붕괴한 아파트,서울시 도시정화계획 건설 시민아파트 하나 와우아파트 하청 하청 하청 하청 하청 평당 건설가격 현재가치 만원 무허가 건축가 현대 아파트 건설단 평당 만원 산중턱 지반공사 철근 기둥 설계 자체 평당 하중 설계 입주민 평균 하중 평당 당시 대학원생들 건물 붕괴원인 논문 건물 무너진건 조사할 필요 기겁 귀국
1522,수상할 정도로 내한을 좋아하는 가수,오아시스 리더 노엘 갤러거 활동 노엘 갤러거 한국 특유 떼창 호응 한동안 라이브 위트 근데 내한하 이유 예전 자켓
1527,무도에서 유재석이 있어야하는 이유를 보여준 프로그램,수상 몰래카메라 조작단 명절 파일럿 프로그램 무한도전 멤버들 섭외해서 몰카찍 프로그램 나름 김구라 장악력 하나이긴 멤버들 우리 할꺼야 프리더어엄 고삐풀린 고루시 산만 진행방식 노잼 폭망해버렸다 후일담 김구라씨 라스멤버들 하소연
1530,북한보다 언론 자유도가 낮은 나라,언론 자유 조사대상 개국 조사 대다수 사람 북한 꼴찌 생각 북한 북한 자유도 나라 나라 이름 동아프리카 홍해 연안 위치한 에리트레아 나라 별칭 아프리카 북한 나라 대통령 아프리카 독립전쟁 영웅 이사이아스 아페웨르키 독립 이후 잔혹 독재자 통치 나라 인구 만명 군인 만명 남녀 구분 이상 군생활 민영 언론 한개 아페웨르키 찬양 관영 언론 존재 국민 절반 이상 영양실조 통계 만큼 상황 막장 오래 정치범 잔혹 고문 처형 에리트레아 출신 난민 유럽 등지 망명 아프리카 난민 상당수
1536,너무 리얼해서 트라우마 건드린 장면,사람 전쟁터 실감 연출 대전 참전 용사들 이걸 재발
1546,교통사고 당해 실려가면서 구급대원에게 받은 질문,자전거 승용차 구급차 구급대원 오늘 몇월 며칠 질문 날짜 의식 생활 질문 반복 상식상 날짜 즉답할 생각
1551,우리 동네에 있는 가까이 비어있는 건물,종합병원 병원 동생 맹장 유명 가수 누군가 응급실 사망
1554,년에 중세시대 성에 사는 가족의 이야기,이탈리아 루도비카 산나자로 산나자 가문 카스텔 산나자로 가족들 침실 루도비카 산나자로 디즈니 영화 뛰어노 것들 당연 생각 특별 공개 가족교회 얼음 저장고 비밀통로 와인저장고 지하감옥 장소들 공개 다들 사는걸 그런건 사용인 가족 사는건 와이파이 특정 장소 겨울 난방 가족들 어딨는지 정원관리 잔디깍기 주일 사용인 진짜 성생활
1556,연봉으로 억원 받으면서 엄마 카드로 게임 결제하는 사람,볼티모 레이븐스 소속 미식축구 마일스 보이킨 엑스박스 게임 결제 엄마 카드 해왔다는걸 깨달음 엑스박스 도움 엄마 커스텀한 미식축구 게임 엑스박스 엄마 선물함
1558,스카이림 직업별 빡센 순간,근딜 빡센 순간 마법 마법사 시발 분명 에어컨 바람 궁수 빡셀 얼음망령 십색기 새끼 근딜 파괴법사 빡셀 순간
1561,너무 배가아파서 풀숲으로 들어가 볼일을 봤는데,구라아니냐 싸우지마 저번 누구 대형견 똥사진 올렸단말
1566,최종보스는 오래 사니까 주인공 일행 죽고 나면 정복하면 되는 아님,마징 시리즈 흑막 최종 보스 어둠 제왕 강력한 모습 아군들 아군일행 자신 영생 때문 한번 맹세 인과 현세 강림 여미 뒤지겟습니다 수고하십쇼
1568,영화를 관람한 사람들의 여러가지 해석이 굉장히 많이 나온 한국 영화,한국 공포 영화 역사상 흥행 영화 포인트 영화 관람 사람 해석 영화 특이점 영화 한국 영화 역사상 저만한 다양한 해석 영화 정도 여러가지 해석 영화 이유 포인트 영화 촬영 중간중간 대본 열악 환경 촬영 영화 때문 중간 감독 차례 교체 우여곡절 영화 영화 뭔가 자연스럽 부분들 영화 초반부 시나리오 최태 중위 장영수 병장 중심 오규태 병장 중심 시나리오 짜여져 주연 배우 감우성 몇몇 배우들 귀신 모습 직접적 등장 의견 않았다 촬영 기간 중간 시나리오 시시 감독 중간 우여곡절 영화 다양한 해석 떡밥거리 아이러니한 포인트 탄생 영화
1570,학생들의 놀라운 어휘 실력,단어 문제 단어 교과서 이해 능력 저하 일선 교사들 이자겸 이전 장인 수준 때문 어휘 부족 학습력 저하
1571,기네스 맥주마시는,맥주 입가심 달달한 알사탕 이거 사람
1573,알렉산더가 가장 두려워 했다고 전해지는 인물,영화 알렉산더 안젤리 올림피아스 알렉산더 어머니 올림피아스 올림피아스 당시 야망 강단 여성 등장 대표적 다음 필리포스 파우사니아스 그녀 남편 필리포스 암살 암살 후보 이름 사람 올림피아스였다 필리포스 에우리디케 자식 장성 타민족 왕녀 자신 알렉산더 권력 이야기 근거 의혹 당시 그녀 취급 별개 올림피아스 남편 커녕 왕녀 에우리디케 아기 그녀 욕망 알렉산더 원정 권력 명예 모습 당시 국정 안티파트로스 사이 알렉산더 원정 최대 골칫거리 엄마 부탁 해결 알렉산더 사후 그녀 평화 왕녀 여자 당시 아테네 여자 군정 참가 이유 투표권 만큼 여성 가혹 시대 그녀 자신 최대 장점 무엇 자신 클레오파트라 왕가 마지막 여인 여기 등장 클레오파트라 우리 이집트 최후 여왕 알렉산더 동생 필리포스 올림피아스 의미 그때 그녀 임신 전쟁 참가 모녀 페르디카스 낙점했다 페르디카스 뻘짓 디아도코 전쟁 최단기 퇴물 올림피아스에 이상 그녀 반항 역량 차이 안티파트로스 아들 카산드로스에 카산드로스 병사들 죽여 올림피아스 먹긴 커녕 누군지 병사들 읍박했다 카산드로스 그녀 파란만장한 인생 올림피아스 당시 여성 만큼 강단 야심 능력 인물 역사가들 그녀 정말 남자 에피로스 마케도니아에 위협 베스트
1582,베지터가 묘하게 친절해졌던 부분,평소 거만함 까칠 사이즈 진지 표정 설명 질문 복장 정장 생각 양반 나름 자부심 애정
1589,오늘자 관종력 발한 머스크 근황,어제 오전 비트코 결제 어그 발언 하락세 비트코인 반등하 상승세 증권가 트위터 작작 경고 오늘 오전 이번 트윗 금융위 엿머겅 하루만 태세 전환해서 코인 결별 늬앙스 동시간 비트코 순식간 이상 수직 하락 오후 전날 행복회 태세 전환해서 코인 개미들 조롱 만화 트윗함 과거 학창시절 불운 괴짜 천재 성공 왕따 새끼 담당 일진
1592,성우 경력 년차 성우의 야스쿠니 참배 인증 사건,당시 야스쿠 신사 참배 사건 웹라디오 유튜브에서 비공개 트윗 삭제 이후 트윗창 대전 발발 공식적 없던일 트윗 담당자 할려 넘어갈려고함 반응들 사과 문제 파악 피랍자 전원 구출 납북자 전원 탈환 우익충 우루사 데수웅 일본 정부 생각 중국계 중국 진출 아니메 가챠겜 하나 연기한 내용들 삭제
1594,범죄에 사용된 흉기들로만 만들어진 작품,죽음 천사상 경찰 수집가 범죄 피해자들 범죄자들 기증 흉기 만개 칼날 유가족 요청 피해자 이름 칼날
1596,세계에서 최초로 양식 성공한 황금광어,한국의 서종표 수산업체 사장님 연구해서 황금 광어 양식 세계 최초 성공 발견 돌연변이 개체 광어 양식장 사람들 황금광어 발견 연락해달라 사정사정 우리나라 광어 억마리 이상 양식 마리 발견 안됬다 기증 황금 광어 정부 고부가가치 종자 확보 사업 지원 황금광어 양식 성공 황금광어 어렸을땐 일반 광어 색깔 똑같다가자라 색깔 금색 문제 황금광어 교배 성공 새끼 색깔 이걸 개선 새끼 성공했지만이번엔 광어 성체 색깔 황금광어 새끼 황금광어 아니였던거 광어 색깔 유전 생각 복잡 요인 있던거 이것때문 황금광어 양식 개발 사장님 한동안 사기꾼 소리 국립수산원 기술지원 조금씩 개선 황금광어 비율 세대 황금색 유전자 순수 지금 정도 황금광어 일반 광어 해외 수출 사장님 피셜 중국사람들 황금 중국에다
1599,의외로 약물검사도 하는 스포츠,스포츠 도핑 검사 도입 커피 이정 수준 기존 스포츠 도핑검사 도입 이유 두가지 아시안게임 올림픽등 스포츠 기성스포츠 수준 스포츠 도핑테스트 이뤄진다는점 아시안게임 바둑 경우 기준 도핑 테스트 덕분 아시안게임때 이슬아 감기약 못먹고 금지약물 머리 침맞고 경기 진행 정도 두번 관계 종목 선수중 한명 우리 약빨고 했는뎅 처음 문제 안됬지 다들 레드불좀 카페인좀 하는갑다 게임용 각성제 같은건 상품화 카페인 애데럴 약물 애데럴 뭐냐 치료제 신경안정 집중력 향상 약성 금지약물 이후 사무국 식겁하 도핑테스트 실시 국내 롤판에서 도입 가능성
1606,직원이 말하는 베스트샵에서 아이폰을 파는 이유,지금 아이폰 베스트샵 모바 직원 심정
1608,원펀맨 아아 이것은 상성 이란 것이다,전신 액체 이블천연수 액체 사람 천적 다이아몬드 절단 강력한 물대포 괴물 특성탓 특화 아토믹 사무라이 천적 자체 헬스 샤워 쿠로비카리 이몸 고압 세척 수고염 계속해 분열 말도않되 인해전술 정자 절단 분열 특화 아토믹 사무라이 천적 천적 정자 최대치 분열 정자 쓰나미 생각 분열해도 근육덩어리 쿠로비카리에게 데미 않들어가
1609,가난할수록 오히려 살이 찌는 이유,왼쪽 음식 후반 각종 효과 발휘함
1612,코난 작가가 찢어버리고 싶었던 대사,참고 대사 원작 만화 년대 후반
1617,아싸의 극에 달한,남자 여자 갑분싸 택시 공항 폴란드 시작
1628,보기만해도 숨막히는 굉장한 영화 라인업들,하반기 족족 수준 미달 표절 똥영화 범벅 흥행 손익분기점 수준 나머지 흥행참패함
1630,게임역사상 가장 어이없는 오프닝중 하나,바이오하자드 우리들 엄브렐러와 최종결전 오프닝 엄브렐러 상폐됐슴다 스토리 대통령 딸내미 근데 갓겜
1638,야구천재 오타니가 일본에서 점수를 내줬던 이유,구종 표정 습관 하나하나 만화 같긴하
1639,일본 도쿄공업대학 종이비행기 대회 근황,일본 사람 도쿄 공업대회 커리큘럼 종이비행기 대회 상장 주목 왜냐 사람 종이비행기 비행기 형태 존재 종이 때문 대로 비행기 참가자들 시험운행 참가자들 비행기들 시원치 나가는거 생각 해당 화제 해당 참가자 리플 종이 달성 종이비행기 종이투포환 대회 것들 사이 달성 비행기 의견 권위 기록 대회 창의력 인정 결과 생각 대답함
1641,미국 길거리 묻지마 폭행 근황,미국 미주리주 소년 흑인 묻지마 폭행 검거후 년형
1642,병원도 환자도 억울한 케이스,세가와병 발병률 정도 극단적 희귀병 증상 뇌성마비 파킨슨 동일 매커니즘 뇌성마비 경우 미숙 뇌교 손실 신경명령 문제 반면 세가와병 경우 신경전달물질 합성 효소 문제 치료제 존재하기 도파민 복용 근육 긴장도라 이것저것 다른모양이긴한데 뇌성마비 다리 이상 뇌성마비 진단 일반적 뇌성마비 구분되는점 진행 오전 오후 증상 차이 그걸 최초진단 캐치 사실 물리치료사 세가와병 근육 소아마비 뇌성마비 다른걸 캐치했을거 무엇 세가와병 자체 이전 극단적 희귀증상 년대 케이스 소개 시작한 이후 정식명칭 도파 반응성 근긴장이상 예전 세가와병 뭔지 해당 환자 조차 서울 대학병원 해외 유명 병원등 조직검사 확인 안됬을정 병원 잘못 방송 이후 마음 비슷 증상 뇌성마비 환자들 세가와병 진단 시작 뇌성마비 못고치 세가와병 도파민 복용만 치료 가능 일반적 뇌성마비 파킨슨 정상적 모습 도파민 복용 세가와병 확진함 프로세스 정착 년대 이후 정황상 환자 부모님 뇌성마비 다르다는걸 시대 한계 병원 환자 억울 케이스
1652,한국과 일본이 서로 어원이 상대국가라고 주장하는 단어,한국어 사전 구두 일본어 단어 일본어 사전 구두 어원 여러가지 조선 일본어 문화 유입 조선어 구두 유력 친구 코멘트 한국어 구두 서양 양복구두만 일본어 구두 신발 조선 일본 신발 구두 조선 구두 일제강점기 일본어 구두 그때 신발 대부분 양복구두 구두 양복구두 남게된거
1653,저작권 문제로 이름을 바꿔서 쓰는 판타지 용어,비홀더 비홀더 자체 온전 창작물 일본업계 비홀더 고소미 이후 눈깔 광선나 괴물 이름 게이저 이름 발록 표절 도용 톨킨 창작 악마 발록 유명 만큼 여러군데서 도용 혼돈 악성향 최상위 데몬 발록 저작권 분쟁 문제 발러 명칭 변경 미스 미스 톨킨 창작물 저작권 톨킨재단 도용 상황 저작권 신경 진은 미스릴 철자 한두개 사용 미스랄 호빗 톨킨 창작물 키작고 맨발 돋거소질 종족 호빗 도용 경우 저작권 분쟁 하플링 리치 시체 영어 단어 언데드 정도 문제 성물함 영혼 강대 언데드 마법사 리치 고유 창작물 이것 도용 저작권 분쟁 이름 설정 이름 경우 엘더리치 노라이프 킹등 설정 경우 일리시드 두족류 머리모양 초능력 정신지배 사용 이종족 일리시드 고유 창작물 도용 보통 일리시드 명칭 종족 별명 마인드 플레이어 사용 직접적 표절 우회하 모습 표절 표절인거
1654,인방 가짜 경력자들을 귀신같이 걸러내는 기안,기안 미술학원 강사한적 포폴같은거 선생들 손대주는거
1655,촉수주의 이번에 경남 바다에서 잡힌 다리 개짜리 문어,문어 금어 문어 뭔가 이상 다리 다리 문어 다리 상처 회복 분열 과잉재생현상
1663,한때 불탔던 불법 웹툰 사이트 논쟁,이전 불법 웹툰 스캔 유명 웹툰계 작가들 기념 작품 근데 이것 사이트 독자들 공짜 웹툰 인지 불법 사이트들 우후죽순 경우 오바해 홍보 헛소리 논쟁
1664,극과 극인 원나블 주인공들의 성장,스토리 진행 빌런 스토리 진행 히어로 스토리 진행 주인공 맨날
1667,소년만화에서 최종장 이란 말의 의미,나루토 최종장 닌자대전 진행 블리치 최종장 천년혈전 진행 오브 하이스쿨 최종장 연재 끝나가긴 최종장 얼마 최종장 마지막 이야기 복선 정리 관계 마무리 스토리 이야기
1670,농협에 대한 신뢰를 땅에 쳐박아놓은 사건,해킹 중국 경찰 보상 농협 구멍난 계좌 거액 농협 피해자 보상
1674,인류에게 있어서 가장 거만한,지구 우라늄 핵폭탄 지구 데미 안간다
1683,일본 아저씨가 평가하는 일본의 코미케,자신 취미 사회적지위 환영 좋게말하 자기실현 철저 바보 일년 바보 되기위해
1684,김치공정에 대항한 보여주는 김치만들기의 근본,한복 김장 한보오옥 이전 흰옷 김장 외교관 김치 김치 투명통 제이홉 근본 자세 눈치 어께 엄마 무호흡 잔소리 암튼 고무장갑 근본 다라 절인거 시장표 소쿠리 일상복 일상복 안입고 김장매트 기본 마무리 갈색통 티비보다 김치냉장고 수십개 있긴해서 김치 지꺼
1691,최수종이 대하 사극 대조영을 찍으면서 유독 볼이 홀쭉했던 이유,본인 피셜 대조영 촬영 동안 탄수화물 섭취 대조영 촬영 기간 동안 대조영 개고생 때문 배역 몰입 대조영 촬영 기간 사극 대조영 출연 최수종 떄문이었음 오죽 대조영 담당 연출 김종선 주연 배우 최수종 걱정되 주먹밥 정도
1701,북한군 정신력 드립의 실상,대부분 현역병 농사 둔전병 신세 건설 노동자들 투잡 북한 남성들 입대기간 동안 농삿일 투입 건설 현장 투입 경우 대다수 후방 부대 총기 실탄 보급 경우 부지기수 한번 제대 경우 고난 행군 이후 군대 군량 배급 경우 소속 군부대 근처 논밭 굶주림 훈련 농삿일 입대 세월 경우 대다수 민가 생필품 민가 농삿일 우유 용도 돼지 염소들 약탈 경우 부지기수 정리하자 북한군 굶주림 군인 실질적 논밭 농사꾼 공사장 인부 총기 탄약 보급 최전방 국경 지대 북한 평양 보위부 소속 전부 기강 북한군 남한군 당연 소리들
1707,코로나가 죽으면 부활각 노리는 것들,이후 패턴 재택 근무 회사 회식 부활
1714,푸키먼 소드 실드 유출자 고소 근황,포켓몬 소드 실드 발매 거다이맥스 비롯 게임 정보 유출 고소 범인 포켓몬 공식 가이드북 인쇄 인쇄소 직원 형사고소 합의 대가 합의금 달러 한화 천만원 지불
1718,폴매카트니경 근황,그래미 어워드 시상식 애프터 파티 입장 매카트니 경비원 매카트니 우리 유명 사람 출입 히트곡 황당 표정 여기 사전지식 유게식 근황 히트곡 쓰기위해 작곡공부 근황
1721,사육사들이 왠만하면 숫사자와 새끼를 분리시켜놓는 이유,새끼들 자기 아빠 자는꼴 방해 뛰어오기때문이다 사람 동물 낮잠자 아빠
1726,존윅 제일 어이없는 부분,최정상급 킬러들 시노비 암살자 존윅 한번
1727,출산 트라우마 논쟁,트라우마 교통사고 운전 사람 운전 사람
1728,혐주의 요즘 애들이 년대 사극 보면 놀라는,임꺽정 용의 눈물 사람 모가지 장대 리얼 사극 효수씬 나오긴 처리 리얼 근접샷 경우
1733,남편과 친구의 암호같은 대화 무슨 뜻이예요,본래 당구 동네 놀던형님들 한량들 이미지 용어 비슷한느낌
1738,사회생활을 하려면 돌려말하는 법을 배워야한다,사람 마음씨 사람 긴장 사람 감수성 풍부 조급 사람 시간 사람 매사 열중 사람 실패 질투 사람 사랑 사람 운동 안하
1744,제우스를 속인 여자,여느날 처럼 제우스 헌팅 시찰 아소포스 님프 시노페 레이더 제우스 초럭키한 기분 만끽 시노페 쫒아다녔고 시노페 소원 스틱스강 맹세 까짓거 순결 데뎃 스틱스강 맹세 였고 성욕 폭발 나머지 능지 떡락한 제우스 시노페 이야기
1755,게임 자막 극혐 유형,폰트 사이즈 게임 자막 개발자 입장 청각장애인 언어권 이용자 사람 자막 순위 게임 독창성 가독성 게임 자막 폰트 독특함 추구 모두 폰트 사용 자막 본래 목적 부합 종류 배경 뚜렷 분리 자막 자막 테두리 반투명 배경 문장 좌우 자막 좌우 자막 가독성 적절 타이밍 문장 가운데 플레이어 상황 스포일러 자막 화면 자막 현상 브루스 윌리스 귀신 우리 영화 자막 대화 예측 중단 예상 이럴 경우 적절한 타이밍 자막 문장 완성 이상 자막 자막 문장 경우 방심 소리 시각장애인용 자막 폐쇄 자막 소리 정보 포착 청각장애인 소리 종류 소리 소리 방향 자막 글쓴이 게시글 게임 어벤져스 자막 불가능 정보 제공 자막 시각적 설명 문제 글쓴이 자막 누구 도움 몰입 글쓴이 여름이
1758,토끼 당근 이미지가 퍼진 이유,토끼 야채 당근 토끼 상징 야채 당근 당분 토끼 주식 건강 그것 토끼 토끼 벅스 때문 작품 당근 장면 당근 모습 토끼 당근 이미지 대중매체 참고 당시 야채 당근 이유 클라크 게이블 영화 어느날 당근 아작아작 히치하이킹 방법 장면 패러디한 당시 영화 패러디 개그 때문 역사적 고정관념 참고 아카데미상 그랜드슬램 영화임
1761,인류가 모기를 살려야 일말의 이유조차 없다는 증거,호박 화석 공룡 부활 이거 불가능
1763,건담 역대급 봤다,실탄 냉병기 묵직 건담 표현해낸거 거기 소년병들 참혹 현실 역대급 건담 기대중이
1764,넥슨 신작 코노스바 모바일 판타스틱 데이즈 한국어 더빙 진행,원작 한국어 더빙 한국어 탑재 최승훈 김율 김예림 김채하 원작 성우진 기용 신작 코노스바 모바 올해 한국 글로벌 출시 예정 개뜬끔없 게임 더빙한다 원작 더빙해 원작 성우진 넥슨 저력 데단해
1770,이봐 비디오 판독 요청,레이튼 휴잇 경기 레이튼 서브 아웃 판정 레이튼 다음 서브 준비 그때 이의 제기 요청 당신 이의 제기 그것 득점 판정 거예요 득점 사람 이의 제기 레이튼 진짜 이의 제기 어색한 웃음 계속 이의 기하 제안 이의 제기 레이튼 심판 긴가민 판독 진행 결과 득점 판정 상대 심판 실책 이날 경기 레이튼 승리 스포츠맨십 찬사
1772,조선왕조실록에 기록된 유일한 왕의 욕설,안하는건 실록 대부분 흉험한 간접적 표현 노빠꾸 남아
1773,수상할 정도로 내한을 좋아하는 가수,오아시스 리더 노엘 갤러거 활동 노엘 갤러거 한국 특유 떼창 호응 한동안 라이브 위트 근데 내한하 이유 예전 자켓
1780,권오중이 환상의커플 장철수역 거절한이유,당시 초인기드라마 환상 커플 오지호 장철수역 권오중에 캐스팅제의 권오중은 대박역 거절 당시 발달장애 아들곁 지내기위해 남해올로케 할수없었기때문 권오중 필모 인지도 이런이유
1783,이것도 망한 음식으로 보이냐,유툽 레시피 초코무스케이크 흙담은거 노오븐 레시피 코코아 파우더 종류 갈색 연갈색 오레오 뿌셔서 버터 존맛탱
1786,어느 아파트의 캣맘 캣대디 지원계획,캣맘 캣대디 공식적 전폭적 지원 문제생기 당신들 책임 시전함 결과 지원자 밥그릇 철거엔딩
1787,어둠의 백종원이라고 알려져 있는 캐릭터,세리자 타츠야 주인 가게 번성 짜증 구구절절 인간 어둠 백종원 백종원 골목식당 있는거 백종원 세리자 타츠야
1793,차가 불탔다고 인증하네,회사 출근하려니까 부장님 문자하더 회사 잘탔더라 작년 일어난거 지금 재건함
1800,육식동물이 먹고 살기 힘든 이유,공격 판단 사자 죽음 군단 탈출
1802,체포도 그냥 당하지 않는 크루즈,지금 밀입국 무기 밀반입 뿅뿅 밀반입 범법 행위 체포 크루즈 뭐여시벌 얘넨 넷플릭스 업데이트 영화 아메리칸 메이드
1803,한때 잘나가다가 완전히 사라진,그것 지하철역 무가 신문 피처폰 시절 등장 시간때우 인기폭발 년대 지하철 이거 사람 기존 종이신문사 규제 항의 정도 광고주들 중요성 디아블 무가 광고 짤도 그날 신기해 스마트폰 인기 급속 신문들 메트로 버스정류장 있긴 아무 안본다
1806,지금 나왔으면 됐을 예능,우결 조권가인편 가인 조권 숙소 놀러갔는데 멤버들 티비 가인 요리 만들어달라 잔심부름 시집살 방영 에피소드
1813,게임 나오기 전후 평가가 완전히 뒤바뀐 인물,명작 생각 돼지 스팀 할인 빡세 진짜 명작 기다렸던거
1815,영화 조커에서 아서의 능력을 보여주는 장면들,저딴 삼류 저질 섹드립 세상 아서 사람한명 못웃김 진짜 코미디 재능
1816,한국전쟁에 참전한 해외 캐릭터,마블 코믹스 빼긴 대표적 닉퓨리 캡아 울버린 세이버투스등등 군인관련 캐릭터 참전 코믹스 샤잠 캡틴 마블 샤잠 명칭 코믹스 캡틴 마블 한국 전쟁 에피소드 등장 메탈기 시리즈 빅보스 초창기 설정 한국전쟁 참전 후속작 수록 설정 조금씩 한국전쟁 참전 설정 오브 듀티 블랙옵스 허드슨 우즈 게임상 서로 만난건 베트남전 설정상 둘다 한국전쟁 참전 윈터솔져 사례들 유일 소련측 하이드라 일원 참전 거기 미국측 슈퍼솔져랑 설정
1823,공포 영화 장기 시리즈,참신 독특 소재 완성도 컬트적 매력 성공 등장 뇌절 카무 뇌절 우려먹기 시작 어느순간부터 분명 인물 배우 달라짐
1835,오타쿠가 아니면 쓰지않는 표현,만화 어깨 안마사 상업지인가요 오타쿠 일반 유통 만화 상업 표현 안마사 에피소드
1836,체급이 깡패라는걸 보여준 오늘자 복싱경기,역대급 무패 복서 메이웨 격투기 수련 유튜버 로건 경기 오늘 대다수 사람 체급차 프로급 먹힐거 아마추어 은퇴 메이웨 순살할거 예측 라운드 메이웨 로건폴 다운 한번 마지막 라운드 로건폴 주먹 방방 마지막 유튜버 가드 시계 메이웨 농락 결과 유튜버 무승부 판정 경기
1839,고양이는 정말로 집사가 있던 없던 상관을 안할까,고양이 인간 붙임성 동물 고양이 신경질적이라는건 농간
1840,미국에서 발생한 스타벅스 직원 총기 위협사건 근황,미국 플로리다 스타벅스 드라이브 스루 매장 남성 총기 종업원 위협 사건 발생 남성 자신 주문한 크림치즈 베이글 크림치즈 않았다 종업원 종업원 크림치즈 베이글 주문한 남성 분노 꺼내들고 캐롤시티 니들같 어디 종업원 협박 직원들 두려움 베이글 크림치즈 범인 자신 차량 피해자 직원 해당 사건 경찰서 직원 엄마 해당 지역 경찰서장인 델마 노엘 프랫이었다 델마 서장 정신적 충격 분노 범인 신속한 체포지시 얼마 범인 오머 라이트 체포 이전 불법 무기 소지 기소 이번 무장강도 가중폭행 혐의 적용 범인 라이트 크림치즈 베이글 주문 크림치즈 정당 지불 요구 때문 강도죄 성립 주머니 주워들었 주장
1841,호오 트위터 일만에 팔로워라니 대단하군요,안녕 야부키 켄타로입니다 팔로워 공식 만화가 여러분 모습 여러분 축전 공개 상승 타카하시 루미코 계정 생성 시간만 팔로워입니다 기준
1844,닌텐도가 한때 포켓몬 에로동인지 고소를 때렸던 이유,서브컬쳐계 왠간하 고소 닌텐도 포켓몬 에로동 상대 한번 고소 시전한적 닌텐도 방면 나름 관대 업체 에로 동인 개판쳐서 중딩한테 적발 중딩 어머니 닌텐도 해당동 배포 닌텐도 난리 닌텐도 고소 한번
1845,돌돔 빌런,돌돔 매운탕 빌런 돌돔 생선까스 빌런 돌돔 어묵 빌런 다른사람
1846,디지몬 신작발표,이름 디지몬 슈퍼럼블 제작사 무브게임즈 디지몬 디지몬 마스터즈 디지몬 럼블체스 회사
1850,인기 여성향물에서 묘사된 평범한 여중생의,방과후 친구 보석가게 보석 사려 용돈 포기함
1853,영화 파이트 클럽 년만에 처음 스티븐 근황,개봉 명작 영화 파이트 클럽 스티븐 자신 영화 목표 첫번 목소리 파이트 클럽 언더 서스피션 파이트 클럽 못봤는지 트윗 교통사고 파이트 클럽 파이트 클럽 이야기 사람 영화 파이트 클럽 규칙 파이트 클럽 규칙 스티븐 시작 스티븐 마찬가지 근데 파이트클럽 첫번 규칙 공소시효 끝난거 받아침 영화 파이트 클럽 주인공 연기 에드워드 노튼 파이트 클럽 규칙 주제 형태 스티븐 이야기 이야기 게이머 스포츠 설정 화면 음향 스티븐 킹만 예외규정
1856,공식대회 출전 예정인 역대급 버그챔 근황,챔피언 비에고 처치 변신 컨셉 문제 시스템 버그 게임 심각 영향 정도 출시 공식대회 데뷔 상황 시간 이번 시즌 가능 소식 나왔
1865,과일향 샴푸는 위험함,실화 사건 미국 캠핑장 달콤한 샴프 클린저 사용 금지함
1867,게임입문 일차 아버지에게 연패 당한 격투게임 유저,입문 일차 아버지 아버지 노량진 오락실 출신 정인 스파 세계 한국 빠요엔들 모이는곳 마지막
1869,바보같이 화장지 버리면 안되는 이유,리필 한번 이상 가능한데 사람 유게 책상위 휴지 휴지코
1870,현직 무당이다,얼마버냐 결론 하루 무당 가족들 악기 피리 완벽 못불러 음악 몇개 곡정 마스터 지장 주위 만신인맥 할머니 만신 할머니 무당들 어떤사람이냐 일단 무당들 명중 술집출신 무당들 인생사연 각본쓰 사람 진짜 다사다난 다겪 사람들 이쪽 그런거같다 사람 이유 할머니 경우 신병 살이빠지 신병이 잘먹어 한달 키로 신내 증상 헛것 일시적 가족 등등 신병 증상 여러가지 근데 술많 이상해진거다 맨날 술쳐먹으 헛것 헛소리 들리는거다 조현병 무당들 얼마버냐 점사비 기본요금 서울권 만원 지방이 싼곳 마넌 여기 돈잘버 무당 못버 무당 시키는거다 점집 사람 무당 천만원 말하길 왜냐 큰돈들여서 큰굿해야 마음 굿을해야 나을거같거든 어떤일 고민 점집 무당 굿까진 안해 부적쓰 산에가 부적값 기도비 과일비만줘 무당 이거 됏다 준비해 기도 무리 될거같 기도 한방 니가진짜 절박 주머니 굿할걸 점집 사람 무당말 전부 사람들 속시원 진짜 잘보 무당들 못버 이유 이거 개털 뿅뿅같 못보는데 무당들 잘번다 무당들 얼마버냐 규모 종류 재수굿 진행 설명 무당 서브 악기 법사 무당 굿을했을때 과일값 굿당값 무당한사람당 메인 만신 불교용품점가서 이것저것 정도 유튜버 무당 믿지마 사기꾼 무당자체 이것 하나 직업화 백수 무당한다 작두 줄요약 무당 믿지마라 술먹어서 이상해진거
1872,인생컷찍고 사라져간 드론,드론 화산폭발 촬영 기류 이상 드론 화산안 추락함
1883,그래프로 보는 미국의 부의 분배,사람들 생각 상위 전체자산 정도 생각 현실 상위 전체 자산 부유층 빈곤층 분배 공평하길 뇌과학 다큐 그래프 그래프 우리모두 사실 가슴속 공상주의 염원 사실 기립하시 당신
1885,원펀맨 여섯이서 세계정복도 가능,히어 피해자 협회 간부 우주에서온 침략자 보로스랑 인간괴 가로우 사람
1890,수도의 위치로 선호받지 못하고 각광받지 못하는 자연 환경 중에 하나,호숫가 인류 역사 호숫가 자국 수도 경우 희귀함 유명 사례 아즈텍 테노치티틀란 지금 멕시코 시티 호숫가 수도 경우 희귀 인류 역사 당연 강가 수도 방어 고산 지대 수도 경우 다음 호숫가 농업 용수 식수 공급 입지 수도 입지 선호 각광 의아 단절 이미지 이용 수운 수송 부적합 때문 호수 어느정도 이상 거대한 규모 호수 예외 호숫가 지방 도시 대도시 나라 중심 수도 거지 문명 시리즈 고증 아즈텍 제외 호숫가 수도 입지 추천 만큼 문명 시리즈 수도 입지 의외 고증 게임
1895,데뷔할 니는 목소리 떄문에 일감이 없을 거라는 소리까지 들었던 성우,현실 없긴 커녕 대체제 시영준 성우님
1903,영국군의 기밀문서 버스정류장에서 발견,새벽 잉글랜드 켄트주의 버스정류장 일반인 페이지 정도 서류더미 발견 주인 서류뭉치 확인 도중 심상치 시민 크림반도 통항하 영국 구축함 러시아군 반응 가정 작성 러시아군 크림반도 영국해군 구축함 디펜더 경고사격 발표 아프가니스탄 철수 이후 영국군 행방 민감한 군사자료들 언로사들 해당 사실 보도 영국 국방부 기밀문서 일반인 회수 사건 진지 관련자 철저 조사 성명
1905,중국 영화 근황,치프형 거기 마소 헤일 관계 무단도용
1907,닌텐도 코딩게임 근황,엊그제 발매 닌텐도 신작 게임 코딩 코딩 개념 간단 이해 소프트 코딩 놀이 취지 발매 일차 사람 일차 항아리겜 만든사람 원조 항아리겜보다 악질적 막대 길이조절 상세 복잡 구현 게임 제작자들 항아리겜은 무엇
1908,인간예찬주의자도 손절하는 유형,가스라이팅 상대방 자신 의존 일종 정신적 학대 가족 연인관계 등장
1912,일본 교토식 완곡 화법에 대한 오해,교토 표현 돌려말하 사람 전체 이하 현지인 일부 교토 전체 디스하 나머지 교토민에 실례
1913,일본 길거리에서 돌고래 잡학,쓸모 잡학입니다만 돌고래 놀이 일환 동료
1914,스타 건물이 빨리지어지는 이유,스타크래프트 전략시뮬레이션 게임들 건물 속도 사람 정도 건축물 속도 안돼 설정 이유 프로토스 건물 행성 건물 소환하는거 저그 저그 건물 건물 급속성장 돌연변이 생명체 야근해서
1919,비틀즈와 같은 길을 가고 있습니다 대단해요,전설 메카트이 언급 예전 비틀즈 비교 농담 뭔가 찐인것
1926,제련이 잘된 오무라이스,형태 변화 파괴 탄성도 복구 이것 미스
1929,약혐 표현력이 너무 뛰어나 작가의 의도와 정반대로 되어버린 그림,러시아 일리 레핀 년작 폭군 이반 아들 이반 광기 아들 때려죽 정신 일화 표현 본래 레핀 그림 인간 광기 공포 비판 그림 사람 분위기 압도 이반 동정
1936,천원 삼계탕 무한뷔폐,일반 뷔폐 요일별 메인메뉴 국산닭 매주토요일 삼계탕 무한리필
1938,재미있는 기믹이 있는 게임,코코코 코지마 우리들 태양 시리즈 게임팩 태양전지 내장 실제 태양열 게임 플레이 가능한 특징 발매일 장마철
1946,맥도날드에서 귀여운 꼬마애 썰푼다,오늘 점심 키오스크 주문 애엄마 장난감 고를거야 고를거야 싶은거 엄마 엄마 직원 누나 이러더니 아이 책줬더 닭똥 눈물 애엄마 추궁 사실 장난감 싶었대 애엄마 골랐냐 엄마 강요 그랬냐 장난감 구매 꼬마 만개 미래 미래 방법
1947,배필 이번 트레일러의 전작 유저들을 대우한 여러 흔적들,배필 유저들 영상 절벽맵 오마쥬 전통 충돌샷 오마쥬 화제 고인물 장면 재현 근접킬시 독택수거 재현 무엇 이번작 예구시 대검 배틸 최고 명작 배필 에디션 구매시 대검 단순 이유 장면 이번 만회해서 과거 영광 의지 사실상 기존 유저들 돌아와달라 온몸 트레일러
1951,백인 클레오파트라는 인종차별이다,과거 전형적 클레오파트라 이미지 느낌 중동인 여성상이 클레오파트라 주화 복원상 우리 생각 중동인 이미지보단 여성 이미지 년대 초반 백인우월 때문 때문 클레오파트라 얼굴 복원도 이케 년도 안젤리 클레오파트 배역 백인 헤프닝 애초 프톨레마이오스 왕조 마케도니아 건국 당시 왕조 근친혼 풍조 때문 사학자들 클레오파트라 백인 이견
1953,가챠 게임사들이 변동확률 운운했던 이유,진짜 시스템 때문 농담반 진담반 안뜬다 사료 뿌린걸 안뜬다 진짜 확인된순간 시발점 넥슨 시스템 어디 미지수
1954,내가 집주인인데 내집이 매물로 올라와있음,옆집아줌마 부동산보고 집내놨냐 집주인 부동산 구매자인척 전화 부동산 실수 저런식 허위 매물 주변 집값 은근슬쩍 집값올라가 이유 아파트 사보자
1960,딸을 폭행한 범인을 죽인 아버지,이틀 외박 아버지 추궁 모군에 성폭행 고백 분노 아버지 사람 있는곳 범행 사망 성폭행 가출 거짓말 거짓말 학생 사망 사건임
1964,이세계에 잘못 전생한 천재,판타지 중세 소드마스터 세계관 최강자 자리 현대 희극인실
1965,국방부 집게 거수경례 논란 홍보포스터 삭제,메갈논란 경례 손모양 잘못 내린거 엄지 손바닥 평행 잘못그렸자너 훈련소 엄지
1968,엄마가 속상해할까봐 아빠한테 혼날까봐 가스라이팅인 쪽은,잘못 교육 잘못 엄마 아빠 속상해한다 기본 잘못 문제 부모 기분만 시시비비 부모 행동 경향
1970,원신 세계인들의 취향,클레 첫출시 클레 복각 지갑 솔직 오빠
1974,평생치 효도권을 사용한 아이,부산 가족 친정어머니 생신 아내 아들 서울 처가 아들 이산가족 방송 기간 이산가족 벽보들 아빠 이름 발견해서 수십년 가족 상봉
1976,인방 부모님 또래 파인 다이닝 같은 고급식당 데려가기 힘든 이유,다이닝 경우 다양한 요리 시간 식사 때문 충분한 포만감 시대 부모님 이상 또래 접시당 요리 자체 플레이팅 음식 고급지다 이전 이딴거 누구 의견 경우 초대 자체
1982,고양이 셀프 미용 해줬음,넘모 울냥 미용하기전 더위 울냥 셀프 미용해주 생닭 시베리안 더위 취약한데 미용해줬어 미용 목욕 둘다 물냥 최고
1990,솔직히 이제 씹퇴물인것 같은데,리가지 따위 야크트 참교육 회피 백팩 수납 바주카 공격 회피 상대 판넬끼리 부수 만듦 더미 낚시질 새끼 견제용 헤드발칸 격추 판넬 전설 죽음 이지선다 샤아 정도 간파 네오지온 총수 기행 혼자 한거다 네오지온 용사들 방어벽 아무 종잇장이다 라이플 탈취 무기 비겁한 아무 우주괴수 아무로 다이쿤 상대 샤아 증명
1992,게임 여캐 리부트 당시 이해 안되는 논란,라오툼 얼굴 리부트 이전 사람들 에일로 극성플빠 제외 모두 마음 극혐
1994,조선 야사가 정설처럼 굳어서 왜곡된 조선시대 인물,태종 이방원 장남 양녕대군 조선 근래 양녕대군 동생 충녕대군 세종 왕위 양보 야사 정설 드라마 양녕대군 대인배 미화 있었던거 실록 그딴거 태종 이방원 자식사랑 감당 못할정도 방만 행동 와중 충녕대군 세종 비방 기록 있을정도 폐세자 친동생 세종 재위 시절 각종 일쑤 신하들 양녕대군 상소 세종 무시 실드침 형님 상소올린 신하 태종 이방원 양녕대군 왕권 문제가된다 세종 형제 우애 때문 나중 조카 수양대군 세조 총애해서 수양대군 반정 상소 세조보 단종 죽이는걸 주저 압박 기록 한마디 양녕대군 인간쓰레기 그자체
1999,나가사키 사람들이 나가사키 짬뽕을 먹으면,참고 저걸 노란옷 여자 어제 유게 나가사키 짬뽕 일본인 반응 사람 나가사키 출신 고모님 사투리 말투 저분들 나중 세가지 염라대왕 라면 대체적 현지 될정도 나가사키 짬뽕 영상 분위기 이거 재밌네 화기애애한 분위기 오해금지
2000,비트코인 법정화폐 선언한 엘살바도르 비트에 영주권 준다,자국화폐 달러 비트코인 법정화폐 취급 대한민국 외교부 기준 여행자제 지역 살인률 세계 한국의 전국민 만명 하루 살인률 방침 군인 경찰 살상허가 한국 기준 천만원 비트코인 영주권 엘살바도르 안감
2002,이게 폭로해도 되는구나,군생활 자기 식판 간부 한번 당연 무의식적 생각 뜬거 뒤통수 한대 맞은거 먹은건
2003,어둠의 백종원이라고 알려져 있는 캐릭터,세리자 타츠야 라면요리왕 만화 빌런 빌런으로써 주인공 대치 주인 가게 번성 짜증 구구절절 인간 어둠 백종원 백종원 골목식당 있는거 백종원 세리자 타츠야
2005,닌텐도가 자사게임에 음성채팅을 빼는 이유,교환일기 내놨더니 야짤보내 마리오카트 음성채팅 도입 욕설 난무 학부모 항의 다발 스플래툰 포함 자사 음성채팅 배제 가능 불편 음성채팅 욕설 음성채팅 게임 진짜 왜그렇게
2010,올림픽 역사상 가장 위대했던 선수,멕시코 올림픽 촬영 올림픽 유명 장면 장면 육상 토미 스미스 카를로스 시상대 고개 장갑 장면 뱃지 장갑 미국 사회 흑인 인종차별 항의 행동이 배경 호주 출신 은메달 피터 노먼 그들 자신 동참 반응 두명 호주 백인 생각 거지 은메달 그걸 충분 텐데 감동 여분 미국인 도움 노먼도 배지 노먼 정의 상징 올림픽 배지 착용 역사적 장면 인종 차별 만연 국제올림픽위원회 올림픽 정신 훼손 폭력적 행위 선수촌 추방 당시 위원장 미국 출신 에이버리 브런디지 일부 몰지각 니그로들 추태 비난 정도 미국 고생 노먼 인생 순탄치 호주 우월주의 이름 백호주의 득세 백인 사람 이민 제한 정책 정도 인종차별 만연 나라 조국 피터 노먼 올림픽 은메달 행동 호주 대신 백호주의 올림픽 출전권 박탈 징계 뿐이 인종 차별 반대 인권 활동 참여 호주 정부 노먼 시상대 흑인 비판 복권 제안 평생동안 한번 그것 이후 세월 미국에서 행동 인종차별 맞선 위대한 노력 평가 피터 노먼 위대한 영웅 하나 미국 대학 시상식 배경 조형물 자신 자리 그것 누구 자신 자리 누구 위대한 선수들 배려 행동이 조국 과거 행동 자랑 세계 사람 행동 칭송 호주 정부 외면 노먼 세상 스미스 카를로스 장례식 참석 애통 카를로스 언론 우리 사람 약간 좌절 노먼 자신 조국 나라 고독한 이후 미국육상연맹 피터 노먼 피터 노먼 인권 지정 그것 노먼 세상 호주 올림픽 위원회 앤드루 의원 알렉산더 의원 노먼 호주 처사 가혹 의회 차원 공식적 사과 평생 동안 노력 인권운동 공헌 감사 인생 순탄치 양심 지금 피터 노먼 위대한 은메달리스트 세상 위대한 기억되 누군가 올림픽 행동 불과 평생 진정한 용기 신념이 위대한 존경 이유
2012,푸딩장군 이양반 컨셉 확실하네,여성 타입 기쁨조 유튜브까지 호스트 점장이 모양
2014,소년 점프 편집부 근황,주술회전 건강 염려 편집부 작가 한달쉬 그런고 주술회전 한달 휴재 월드 트리거 헌터헌터 언급 니들 이제와서 갑자
2015,언더테일 때문에 묘하게 저평가 받는 캐릭터,언더테일 샌즈 후드 점퍼 해골 개성 디자인 썰렁 개그 개성 모습 잊을래야 디자인 초창기 상당한 인기 자랑 대부분 반쯤 개그 캐릭 모습 허세 주변 인물 무시 플레이어 별것 특정 루트 모습 유저들 충격 자체 당신 죄악 등줄기 압도적 대사 시작 초월적 모습 거기 괴물들 아스고어 힘숨찐 사람 충분 당연 평가 인기 연출 때문 주인공 조연들 언더테 최고 인기 자랑 게임 커뮤니티 유저 사람 정도 인지도 캐릭터 이후 닌텐도 슈퍼 스매시 브라더 스킨 모습 등장 게임 유저들 열렬한 환호 인기 여전 국내 열성팬 덧글 하나 때문 캐릭터 웃음벨 기억되 팬덤 뇌절하 캐릭터 사람들
2018,해군 잘못 아님,확인 말고식 해군 잘못 정리 해군 주문한 군함 현대중공업 테스트 함포 사격 사격 그날 어디 사격 해양청 사전 통보 당일 접근 여객선 항로 변경 여객선 온거 여객선 잘못임
2019,스포 드라마 로키에서 로키가 알게 로키들,로키 로키 드라마 로키 드라마 로키 로키 다양 로키 있었다는걸 모두 여자 로키 등장
2023,원작주의자들한테 일침 넣는 토미노,역습 샤아 리마스터 인터뷰때 영상 조정 토미노 일절 지시 색감 문제 기본적 리마스터 오리지널 무엇 기준 판단 최종적 이걸 결정해 기준 필요 토미노 사실 기본적 관심 작품 그정도 재현 가치 생각지 주변 스탭들 판단 그들 프로 늙은이 기준 웃음 작품 몇번 주변 스탭들 그들 요코하마 퍼건 요즘만든건 예전것 입장임
2024,어느 정도의 사내길래 진이 팔짱을,누구 초록색 초록남 사람 머리 저거 소주 올린거
2029,문어가 껍질을 벗게된 이유,문어 대표적 조상 엔도켈라스 껍데기 신체 방어 그따위 껍데기 쿨하 해양파충류 등장 기존 보편적 엔도세라스 도태 껍데기 개체 개중 껍데기 존재 개체 돌연변이 현재 문어 최후 보루 껍데기 방어구 문어 피부 색소 주머니 환경 변화 지꼴리 카멜레온 그런거 진짜 자기 찰나 순간 주변환경 색상 모사 구별 색맹 불구 변화무쌍 색위장 피부 때문 문어 전체 뉴런 불과 나머지 여덟 촉수 여덟다리 독립적 상황 파악 판단 결론적 필사적 판단 수단 문어 고지능 일조 코코넛 보호수단 활용 병뚜껑 독해파리 촉수 강탈 방어 공격 수단 사용 문어 수명 무리 생활 지능 껍데기 반작용 생존 결과물 요약 아이 중갑 알몸 개꿀이네 이번 단명 고지능 트리
2039,웃음벨 저리가라 이제 웃음벨의 시대다,웃음벨 내무반 전원 강제 웃음벨 카메라 기업 캐논 중국자회사 개발한 시스템 근로자 출근 회의실 캐논 중국지사는 시스템 근로자들 때문 직원 행복 주장
2042,갓슈벨 작가가 번개 그린 이유,주인공 기술 번개 전기 특유 찌릿찌릿 작화 갓슈 이걸 표현 테크닉 정답 요괴소년 어시스트 주인공 한명 번개
2043,한국인 괜찮냐해,한국 수입업자들 쓰레기 수입 저걸 사람
2045,현실이란게 너무 잔혹하다고 생각되었던 사례,외환위 사업실패 아내분 갑상선암 실의 지경 마음 조금씩 일주일 여년간 각종 미디어 등장 인생 연설 출간 판매 인생 과도한 스트레스 대장암 별세하심 성실 시간 잘지키 아저씨 사례 가슴 먹먹함
2046,칭찬보다 비판에 신경쓰이는 인간의 본능,인간 가지 칭찬 가지 비판 방위 본능때문 생물 반응 이야기 완전 납득 식인곰 나무열매 존맛 신경쓰 사람
2050,어느 서브컬쳐 팬의 불치병,애니메이션 게임 소설 관계 음악 뇌내 음악 작품 존재 애니메이션 장면 만화 장면 날조 망상함 생각
2052,자비로운 악당류,수십년후 사랑 아내 말도안되 화형 빡치 와중 아내 노파 자비 배품 누구 잘못 마녀사냥 마을사람들 기회 이정도 천사
2060,넥슨도 처럼 가챠특허냈다,넥슨코리아 출원 동명 특허 경우 이용자 가챠 이벤트 실행 무료 재화 유료 재화 수량 비율 기초해 확률 무료 재화 유료 재화 수량 특정 아이템 확률 방식 가챠 티켓 보유기간 보유 기간 특정 아이템 출현 확률 특허 출원 확률조작 절대 짱슨님 특허
2064,역전재판 세계관의 특징,법정 증인 협박 법정모독죄 재판장 채찍질 법정모독죄 변호사 커피 집어던짐 법정모독죄 개드립 심각 법정모독죄
2071,건덕후들 좇됨,안그래 인식 이번 사건 예비 범죄자 딱지 생김
2072,현재 가상화폐 열풍에 대해 이야기하는 공무원학원 강사,일단 업무시간 비트코 근무평정 불이익 업무 수행 곤란함
2074,남들 까는게 소재인데 호감형인 연예인들 특징,자기 접수 자신 화살 순간 정색 무례 기분
2076,일본 만화책 받는 매장특전 그림의 비밀,일본 만화책 라노벨 블루레 같은걸 매장 밑그림 특전 일러스트 엽서 홍보 경우라 마음 매장 효과 그림들 니들꺼 우리 홍보 원고료 작가 공짜 그림들 얼마 일본 노동청 프리랜서 계약 변경 이젠 만화가들 조금씩
2078,포켓몬 창조신 아르세우스의 개발 비화,포켓몬 창조신 이번 시리즈 타이틀 포켓몬 아르세우스 특유 디자인 설정 덕분 인기 자랑 포켓몬 시절 모습이 초창기 컨셉 코즈믹 호러 초월적 모습 강조 형언 존재 모습 기획 캐릭터 개성 컨셉 포켓몬 이유 기각 현재 모습 변경 이야기 처음 도데체 생각 디자인 내놓았냐 뭔가 디자인 시간 컬트적 인기 현재 아르세우스 이름 사랑 캐릭터
2079,양지로 나오는 오타쿠 문화를 보고 착각하면 안됨,오타쿠 지위 상승했다 컨텐츠 인싸 사람 오타쿠 자칭 그때 오타쿠 사람 아싸 정확
2080,보다 주작이 적은 개그프로의 최후,안보 안봄 벙찐 세트 철수 대기자 벙찜 다음 코너 문사이 삿대질 개그맨 양모씨 퇴장 편집 이짓 몇번 투표 후문 존재함
2083,아들과 통화하는데 단돈 천만원,내로라하 선수들 세레머니 경쟁 때문 사무국 상황 당시 뉴올리언스 소속 골대 전화기 아들 전화 아빠 개쩔지 시전했고 스포츠맨쉽 위반 행동 반칙 판정 이후 벌금 과도한 세레머니 도발성 경기 무관 용품 사용 경기 지장 만큼 세리머니 규정 통화 지불 벌금 달러 시간 뉴올리언스 소속 후배 마이클 토마스 램스와 경기 휴대폰 세리머니 재현 마이클 휴대폰 순간 눈물 마이클 토마스 유니폼 구매 자녀 제이시 아들 올해 데뷔 예정
2088,엄마가 만들어준 소풍용 김밥이 제일 맛있을때,전날 엄마 김밥 싸는거 구경 간한거 김밥 진짜
2098,설정상 프로토스 통합을 끝까지 반대한건 젊은 프로토스,사쿠라스 프로토스 젊은이들 저그에 오염 영토 통일같은거 접점 아이 새끼들 동포 통일 빡쳤다 설정
2100,전설로 남은 실장권법 커스터마이징,일주일뒤 테차아아 실장 권법 똥닌겐 죽은데스 쿠이쿠 덤비는데스 집노예 되는데스 도망친데스 올바른선택 데스우 데프프 쫄보 데스우 공원 접수하는데스 밤씨 찾아온데스 어이 데젝 무례 데스우 데프프 강해지는데스 닌겐 데스 때엥 데오오오 적당 똥닌겐 공수복 통판 데스우 폼인데스 우욱 뭐하는데스 인분충 니트 데스 우가아 닌겐상 데스 우웃 독라 투성이 참피 권법 터득 난폭 친절 우리들 데스 공원 평화 되찾는데스 노력하는데스 니트 데스 데스 데스 닌겐 우우우웃 결정타 데샤뵷 마음 분충 용서 데가야스 마마 마마 테에엥 일가실각 데챠아아 아리가또 뎃츠우웅 테치테치 뎃스 뎃데로 공원 수호자 탄생인데스우 사이꼬오레치 실장 격려 굴욕 용서 구쟈악 데챠아
2102,한국에서 이미지 완전 조진 러브 코미디의 여왕,라이언 해리 프렌치 키스 시애틀 구스 아내 등등 작품 출연 년대 헐리우드 로멘스 코미디 여왕 당시 한국에서 남녀할 사랑 한국 샴푸 화장품 광고 시간 촬영만 달러 정도 한국 인기 문제 발언 근데 데이비드 레터맨 미국 황금 시간대 최고 인기 토크쇼 라이언 한국 인도 이상한 나라 광고 섹시 마일드 당시 광고한 상품 이름 작명 수녀복 한국 인지도 국가라 최소한 매너 그딴거 무시 이상한 아시아 국가 발언 주한 라디오 방송 한국 라이언 광고 모델 교체 주요 언론들 비난 라이언 주연 영화들 한국 개봉해 아무 한국 한정 이미지 완전 나중 한밤 연예 사과 팩스
2108,인방 이짤 개무섭네 진짜,본래 직장동료 카메라 안보 분량 잘보 선의 손짓 일찐맨 특유 표정 대상 갓보기라서 상황 되버림 사이 상황파악 단군표정
2112,자기가 죽으면 고인드립 치라는 유언을 남길 사람,회장 빈스 맥마흔 자체 갈아넣 사람 고인드립 패드립 막장 각본 애호가 자기 자기 죽음 소재 고인드립 패드립 각본 유언 추측
2122,스타 거신이 유독 프로토스 로봇 중에서도 독특한 취급을 받는 이유,관측선 옵저버 심우주 탐사용 탐사선 탐사정 프로브 자원 채취 건설용 인공지능 로봇 차원 분광기 워프 프리즘 민간용 물자수송 인원수송용 차량 파괴 리버 산업용 이동식 생산 공장 콜로서스 민간용 그딴 처음 전투용
2124,현재 메이저리그에서 제일 문제가 되는,메이저리그 부정투구 논란 궤적 회전수 획기적 있기때문 반칙 조금씩 조금씩 사실상 다들 쓴다는게 불문율 저걸 안나냐 공인구 경우 실밥 편이 메이저리그 공인구 만큼 외국 투수들 덕분 선수들 해외진출 국제대회 공인구때문 개고생하는건 안비밀 문제 메이저리그 공인구가 경기 지장 만큼 일반적 메이저리그 공인구 경우 드럽 공식적 진흙 전용 진흙 때문 일반적 투수 있는건 송진가루 레진 송진가루 알레르기때문 흙을쓰 일반적 송진가루 예전 바셀린 달라붙 좋다 최근 바셀린따윈 안바른다 예전 이걸 파인타르 일반적 빠따 딱풀같은 끈적거리 마찰력 회전수 획기적 타자들 정식 물건 반입 가능 때문 사용 용이 장점 파인타르 그것 옛날 이야기 이걸 스파이 기본적 야생 웨이트 물건 이런것들 미끄 물건 마찰력 이정도다 접착제 미끄럼 방지 성능 여튼 이걸 손가락 회전수 가량 증가한댄다 여튼 투수들 이딴걸 투고타저 시즌 심각 게임 지루해 재미 비판 메이저 리그 강경책 선발투수 의무적 한번 검사 검사 시기 심판재량 짤없 출장정지 사무국 강경책 성적 개떡락하 선수들 속출 시작 대표적 게릿 단속 투구 회전수 떡락하고있다 오르락 내리락함 애시당초 메이저리그 자체 찍찍 수준 여튼 메이저리그 오늘 그놈 불문율
2125,강아지랑 고양이랑 사이좋으면 생기는,두배 귀여움 추운날 새끼 따뜻 새끼 아기댕댕이들 피신해
2126,슈로대 언제까지 변화도 혁신도 없냐 참신하게 가보자,등신대 부위파괴 실시간 유사무쌍 어지간 결과물
2127,아이가 게임을 싫어하게 키우는,게임 닥달 어디 진행 목표 목표 진척도 관리 진척 이유 늦는걸 만회 방법 게임 참견 이것만하
2130,최근에 나온 격투게임 최신작들의 그래픽을 비교해 보자,스트리트 파이터 철권 소울칼리버 데드 얼라이브 길티기 오브 파이터즈 참고 엔진 언리얼 엔진
2132,약혐 의외로 한국에서 원래는 살지 않았던 생물,흰줄숲모 일명 아디다스 동남아 화물 한국 유입 남쪽지방 시작 고온다습한 한국의 여름 고향 적응 현재 최전장부터 땅끝 전국토 영향권
2133,배트맨을 두번이나 따돌린 전설적인 범죄자,고담시 전설적 범죄자 이름 디터 간즈 이스트 거리 주류점 처음 범죄 시작 측면 시야 중요성 과소평가 경찰 도착 목숨 디터 간즈 순식간 경찰들 전설 별명 고담시 자비로운 도시 초범 블랙게이트 수용소 년형 선고 모범수 간즈 블랙게이트 출소후 이틀만 주유소 습격 지난번 빵봉지 가면 실수 얼굴 페인트 범행 측면 시야 대가 유해물질 노출 중독 의식 경찰 도움 디터 간즈 전설 오늘 고담시 곳곳 간즈 감옥 출소 간즈 하루만 본업 이번 처음 현금 현장 디터 간즈 가보 영예로운 성공적 범죄 영광 쇠락 전당포 노트 신상정보 적은걸 경찰들 범죄 년형 가석방 거부 간즈 깨달았다 태생 범죄 이번 마지막 범죄생활 죄수들 간즈 결심 확고 과거 머릿속 미래만 감옥 동안 사회 적응 기술 전념 상습범 단어 발음 간즈 범죄 맹세 블랙게이트 배트맨 고든 정보 카메론 툴박스 내쉬 고담시 목격 로빈 툴박스요 배트맨 공구용 사람 과거 알프레드 흥미 범죄자 습성 무엇 배트맨 무장강도 범행 이상 알프레드 이유 배트맨 범죄 규모 문제 허리케인 어마어마 사상자 동반 배트맨 도시 결정적 실수 간즈 직업 불법 네이트 농담 사업 자네 사람 출소 간즈 감옥 사이 네이트 네이트 간즈에 일자리 제안 흉악범 내쉬 범행 운전수 사정 간즈 대리운전 아르바이트 정도 생각 내쉬 네이트 계획한 이전 무장 강도 범행 간즈 협박 현장 간즈 고담시 하수구 배트맨 추적 성공 간즈 네놈들 감옥 않을거야 네이트 간즈 경찰 배트맨 추적 대형 세탁소 네이트 내쉬 과정 간즈 탈출 로빈 물건 배트맨 운전수 언젠간 모습 드러낼거다 하급부류들 본성 나방 불빛 거물 내쉬 충분 배트맨 디터 간즈 전설 근처 술집 경찰서 회자 대부분 허구 과장 얘기 디터 간즈는 자신 이젠 쓰레기 하나 이중주차 시민 과거 합리화되는건 그림자 과거 동네 누구 영원 그림자 시간 결국 디터 간즈 전설 오늘 고담시 골목골목 회자
2139,여행가서 은근 잘맞는 성격 조합,영혼 듀오 쌉가능 비슷한예 고기잘굽 사람 칭찬 잘하는사람 고깃집 환상의듀
2141,모발이식 관리하면서 탈모충 탈출하면서 느끼는점,형님들 안녕 모발이식 만족 하루하루 모발이식 예전 탈모 인터넷 인터넷 웃긴짤 쓰이는걸 수술 후기들 탈모커뮤니티 병원 광고 와닿 후기들 걱정 주변 수술 지인 나름 유명한 수술 지금 머리 수술 수술 준비 의사선생님 커뮤니티 정보 토대 생각 탈모 고민 형님들 감사 수술 직장생활 타지 독립 규칙적 생활 불가능 영양섭취 불가능 스트레스 때문 커버 정도 머리 의존 생각 수술 상담 수술 결심 저렴 절개식 수술 뒷머리 흉터 지금 흉터 신경 수술 탈모관련 제품들 군대가 사실 생각 수술 관리 조짐 군대 전역 부작용 탈모 제품 샴푸 에센스 사용 효과 자기위 조금 탈모 제품 근본적 해결 부분 처방 탈모 속도 느려지는건 프로페시아 부작용 부작용 케바케 사람 여자친구 정확 수술 두피 모발관리 수술 달라진 규칙적 생활 불가능 영양섭취 불가능 스트레스 직장 때문 챙겨먹고 사용 탈모관련 제품들 싹다 탈모샴푸 두피에센스 근본적 해결책 인터넷 탈모샴푸 풍성 확률 광고 가능성 제품 영향 샴푸 화학성분 두피 두피 두피건강 모발건강 때문 샴푸 유명 샴푸 부터 나름 입소문 유기농샴푸까 두피 샴푸 잔여물 신경 부분 미녹시딜 병행 두피에센스 도움 머리 두피컨디션 모발 효과 편했던건 스프레이형 두피에센스 투입구 두피 사용 두피에센스 검색 제품 제품 다시마에센스 헤어토닉 스프레이형 취향껏 탈모관련기기 고가다보니 체험용 효과 없다 이야기 많다보 구매 사용 이부분 형님들 피부 샴푸 클렌징폼 두피에센스 스킨 로션 비슷 역할 생각 머리 역할 모발 도움 생각 수술 탈모걱정 유명한짤 다들 생각 이걸 걱정 수술 미래 중요 부분 생각 그때 빡빡이 흉터 걱정이긴 의사선생님 팩트 결국 저희집 아버지 할아버지 탈모 어느정도 직감 탈모 시작 스트레스 이만저만 제품 수술 정답 수술 아버지 나이대 가발 강추 탈모 제품들 큰돈 이것저것 성분 것들 샴푸 하루 두피 깨끗 두피에센스 관리 모발건강 탈모 관리 정보 생각 적다보 도움 탈모 형님들 행복하십쇼
2143,전국 규모의 편식을 고친 프로이센의 대왕,프리드리히 각하 큰일 올해 농사 흉작 밀값 폭등 국민들 식량 의존 밀값 전체 기아 케이크 혁명 작물 이제부턴 식단 감자 섞어넣도록 감자 그것 돼지 사료 작물 쓰레기 사람 작물 이거 오늘 감자 감자 무례 언동 심기 감자 진짜 이거 진짜 지금 감자 하등한 백성들 따위 감자 작물 귀족들 사치품 오늘 국가 관리 척탄병 부대 오늘 얘네들 감자밭 이거 거였나봐 이상 귀족들 귀족들 감자 우리 재배 흐뭇
2147,신고 합니다,시시 시시시 시시밸럼아 전역했다 시시 시시시 시시밸럼아 전역했다 시시 시시시 시시밸럼아 전역했다 시시 시시시 시시밸럼아 전역했다
2148,어느 영화 감독이 표절 당했다고 주장하는 바하 크리쳐 디자인,바하 영화 프랑켄 슈타인 군대 프로펠러 괴물
2156,베지터의 캐릭터성을 알려주는 한컷,자기 자존심 아들 자랑 아빠 마음
2158,킹오파 유저들이 기립박수를 쳤던 이세계 이오리 만화,킹오파 유저 누구 야가미 이오리 한편 이오리 다리 저거 누구 넘어트리 생각 개그 연관 캐릭터 평생 장면 안나올거 예상 대사들 떡밥 꼬꼬마들 시도 악퇴나
2159,간단하군 죽어라 하쿠론 만화가 근황,스토리 개막장 전개도 막나가 만화 자체 잘팔려
2169,김정일 전속요리사가 말하는 김정일의 입맛,후지모토란 양반 자뻑 몇몇 과장 자기 요리실력 최고라 전속요리사 청와대 소속 요리사 진짜 전속 북한 일원 취급 반강제받았었다 몇몇 자택연금 북한 체제 공포 탈출 양반 근데 김씨일가 두둑하 북한 공포때문 자서전 북한 김정일 표현 일체 존재 김정 집권후 북한 전속요리사시절 김정은하 김정 생전 후계자 김정은 예측 결론 돼지새끼 고난 행군 북한주민들 아사 산해진미 다처먹고
2170,이스라엘 식품기업 세계 최초의 배양육 공장 개설,이스라엘 식품연구기업 퓨처 미트 테크놀로지 건설 공장 세계 최초 배양육 공장 동물 사육 번식 유전자 조작식물 사용 온실가스 감축효과 토지 사용량 감소 담수 사용량 감소 효과 닭고기 돼지고기 양고기 재현 하루 배양육 생산 햄버거 분량
2171,루머,주식과같은시스템 암호화폐 등장 임무보상 얘들성격상 머스크 죽이는미션
2173,태극기 그려진 옷을 입고다니는 일본만화캐릭터,고것 도박 묵시록 카이지 주인공 이토 카이지다 무슨옷이냐 의미불명
2179,공포겜에서 괴물이 너무 똑똑하면 생기는일,일반적 공포 괴물 추적 수색 시야 유저 추격 추격자 형태 화이트데이 일정 구역 계속 순찰 탐색 순찰자 형태 아웃라스트 형태 유저 게임 플레이 추적자 농락 순찰 구역 괴물 게임 플레이 가능 에일리언 아이솔레이션 공포게임 고질적 문제 해결 가지 사용 일반적 추적자 플레이어 정보 관찰자 추적자 관찰자 정보 추적 시작 관찰자 추격자 추상적 정보 설계가 추적자 대략적 플레이어 위치 정보 바탕 주변 일대 수색 때문 플레이어 게임 에일리언에 추격 에일리언 위치 때문 계속 세밀 추격시스템 완성 플레이어 게임내 에일리언에 저항 수단들 일정 횟수 이상 사용 대응 설계 초반 에일리언 조우시 화염방사 대응 사용 어느순간부터 개나리 스탭 마이크 숨소리 플레이어 추적 플레이어 인간 학습 미지 괴물 상대 설계 유저들 호평 게임 난이도 에일리언 게임 혹평
2182,지브리 사람들이 모르는 사슴신에 대한 이야기들,사슴신 시시가미 자연 자체 존재 치유 부활 생명부여 능력 멧돼지신 옷코토누시 인간 친구들 성인 형태 가지 사슴모드 수인사슴모드 거대모드 다이다라봇치 자연 우주 표현 자연 자체 절대적 존재 공평 사랑하기 인간 짐승 전쟁 개입 인간 자연 일부라는걸 암시 에보시 고젠 에보시 고젠 조정 사슴신 능력 생명 자체 사슴신 영생 나병환자들 치료 실제론 정반대 사슴신 생명 저주 목적 자체 과정 존재들 상징 멧돼지 옷코토누시 인간 증오 재앙신 고통 생명 모습 자비 옷코토누시 피해자 존재 증오 분노 가해자 시작 딜레마 상징 폭주 상태 분출 화산 자연 재해 무서움 상징 자연 공포 자체 머리 사망 자신 황패화시킨 자연 원래 아시타카 저주 치유 나병환자들 회복시키겨 죽음 자연 온화 따뜻한 자정력 상징 아시타카 상처 치료 저주 치유 여기 저주 죽으라는거구 저주 맞저 사슴신 짐승들 사냥 자연 에보시 고젠 공평 비슷 맥락 사슴신 자연 그자체라 형태 사라진거지 죽음 자연 존재함 아시타카 결말 시시가미 생명 그자체니까 힌트 숲속 요정들 복선
2184,디자이너의 트라우마로 탄생한 캐릭터,스켈레토 히맨 캐릭터 디자인 사람 놀이공원 유령의집 진짜 해골 기억에남아서 그걸 모티브 캐릭터 디자인 참고 해골 몇십년뒤 진짜 사람 해골인걸 우리 사랑한 장난감들 히맨
2188,정발 만화책 화나게 하는 것들,코카콜라 하나주 펩시 말풍선 탈출 어투 번역 일본 전통의상 하오리 한국 전통의상 저고리 둔갑 잔인 검열 원본 사람들 머리 검열 식질 말투 미묘한 감정표현 인괄적 표준어 창씨개명 이쪽업계 전설 이기고있는팀 아래 정발 뉘앙스 완전 원문 의역 온천 나루토 야마토 예전 지라이야 츠나데에 맞아죽을뻔 지레짐작 온천 오줌 번역 이후 이야기 여탕 끝판왕 절단신공
2189,우리나라에서 가장 화끈했던 부정투구 고백,경우 시합 글러브 바셀린으로다 성적 바셀린 포수 달라붙 부정 부정 투구 일단 한번 안걸렸고 정도 부정투구 생각 중계 최다승 투수 레전드 부정투구함 고백함
2196,고대 그리스 사람이 일을 너무 잘하면 안되는 경우,그리스 솔론 전직 고대 그리스 유명 현자 항쟁 승리 살라미스 영유권 분쟁 성공 과장되 사마의 참모 능력 순자 철학적 지적 능력 서희 협상 능력 두루 고대 그리스 한명 당시 아테네 사회문제 빈부격차 귀족 빈민 노예 막장 농사법 식량난 외부 인구 증가해서 혼파망 아테네 귀족들 빈민들 벼룩간 국정 빨아먹기 개꿀 세금 세금 노예짘 아테네 빈민들 우리 정치개혁 해줍쇼 개혁 드라콘 사형 남발 으아아아앙 아아 굶어죽는다 차피 죽을거 죽창 가즈으아 시벌 우리 진짜 레볼루숑되는거 아르콘 재정자 너네들 생각 시벌 우리 안드 사람 레볼루숑 가즈아 시벌 됬네 누구 계신나요 개고생 예정 현자 일좌 솔론 아르콘 사회 개혁 아들 우리 전쟁영웅 현자 솔론 오케이 솔론 인정 우리 영웅 우리 편일꺼 유능한 아르콘 선출 우리 새끼들아 허미 선출 손보 당시 사법 상태 당시 경제 상태 사쿠라 우오오오오오 솔론 솔론 정치 개혁 솔론 경제 개혁 솔론 사법 개혁 부채 탕감 부채 노예 신분 추락 시민들 해방 우와 솔론 불로소득 한번 보증 노예 계획 인신 담보 대출 마땅 재산 우리 드라콘 좌빨 새끼 우오아아아 솔론 한테 우리 토지재분배 지금 재난지원금 부자들 자산 억원 뗑깡 국력 개판 너네들 참정권 이상한 요구 무분별 정치 뻘짓하지 금권정치 정치 개편 재산 참정권 권한 새끼 빨갱이새끼 아니 과격한 사회 개혁 진형 반발 시간 경제 국방 정치력 만땅 호카 솔론 이방인 만찬 대접 정도 식량 사정 인지도 하꼬방 방판소년단급 급성장 군사 순위 무적 함대 보유 버닝 정도 만족 정도 휴식 해외 동안 정리 빈민 것들 산악파 그리스 극우파 빨갱이 새끼들이 평원파 집권 우주 친척 친척 친척 누군지 솔론 목도한 광경 새끼 집정관 새끼 우리 아테네 솔론 충격받아 해외 망명 아테네 산악파랑 평원파 정치적 혼란 몇십년 솔론 기반 아테네 발전 후새드
2199,다시 보면 배짱하나 최고 였던 사람,한국 인기 예능 표절곡 발표한거 깡하나 대단
2204,물을 불태우는 불이 어딨냐,중국 저장성 누군가 담배꽁초 때문 화학물질 오염
2207,살아서는 한국인 죽어서는 목포의 어머니인 일본인,다우치 치즈코 한국식이름 윤학자 조선총독부 관리 아버지 아버지 사후 교사 일함 조선인 윤치호 결혼 조선이름 남편 나중 목포 공생원 고아원 운영 일본인 그런거 고아들 어머니 해방이후 일본인 이후 고초 마을 사람 선행 실드 한국전쟁 공산치하 이번 마을 사람 실드 강제 노역 남편 공생원 인민위원회 설치 강요 인민위원장 수락 목포 국군 지역 탈환 이번 공산군 부역 고초 겪음 이후 고아 남편 실종 남편 고아들 대한민국 정부 문화훈장 국민장 목포 시민상 일본 정부 훈장 세상 사망 이후 목포 시민장 장례 남편 고향 함평군 대동면 옥동마을
2210,외국의 길고양이 천적들,북미지역 서식 동물 코요테 여우 늑대 사냥 영리 맹금류 부엉 한국 서식 수리부엉 멸종위기 천연기념물 미국 국조 나라 상징 흰머리수리 멸종위기종이 보호 열대지역 서식 왕뱀들 길고양이 천적 비단구렁 신고 출동 동물포획 전문가 촬영 영상 고양이 고양이 당부 퓨마 아메리카 대륙 대형 고양이 동물 퓨마 사람 공격
2214,파판 리멬 신규굿즈,버스터 소드 얼음틀 씹덕 친구놈 파티할때 위스키 글라스 머들러 버스터소드 얼음 서빙하
2216,이슬람교의 경전인 코란에서 허용을 하지만 권장하지는 않는,이슬람 신앙 무슬림들 아내 최대 부분 허용 부분 권장 이유 때문 문자 아내 공평 부부 관계 선물 문제 성관계 문제 공평 때문 왠만큼 자산 부자들 저러 이슬람교 코란 처제 허용 이유 때문 대부분 서민 무슬림들 사이 처제 일반적 경우임
2217,싸이월드 흑역사 오픈 기념짤,채연 눈물 감성 장근석 커피 한잔 여유 김수현 방황 눈물 감성 아이유 일진 반장 일반 초딩 허세 초딩 허세 공무집행방해
2219,공포 흔한 공돌이의 실패작,로봇 마네킹 실리콘 피부 기계장치 노래 안드로이드 뮤직비디오 결과물 피부질감 표정 이상한 효과음 뮤직비디오 이질감 안드로이드 사람 영상 삭제 영상 사람 백업 영상 영상 나머지 괴담 인터넷 피그말리온 이상형 실패한거다 살인범 사람 로봇 수소문 사람 진실 괴담 종결 여담 이토 흥미
2220,전주를 찾는 외지인들에게 전주 사람들이 많이 비추천하는 음식,전주 비빔밥 전주 고향 토박이 사람들 음식 가성비 생각 비빔밥 생각 경우 오죽 전주 한옥 마을 일반 전주비빔밥 시장 음식 경우들 정도 해당 음식 유명 도시 평가 박하 전주 사람 전주 맛집 사람들 비빔밥 사람들 강력 추천 콩나물 국밥 아이러니한 콩나물 국밥 전주 맛집 진가
2222,사실 개신교인들 사이에서도 의견이 분분한 성경 구절들,성경 신약 경계 부정적 얘기 때문 개신교 의견 분분 부분 말랬지 말랬냐 논쟁 부분 말랬으니까 정도 성경 구절 소리 사람 대부분 개신교 사이 의견 때문 견해 해석 차이 보수적 개신교 음주 물론 흡연 철저 금욕 개신교 다수
2226,코믹스 신간 근황,레즈비언 히어 배트우먼 트랜스젠더 드리머 할리퀸 아이비 커플 그린랜턴 앨런 스콧 성소수자들 등장 신작 이번달 예정임
2228,업소용 믹서기가 비싼 이유,일반적 카페 음료 매장 업소용 블렌더 사용 가격대 만원 안팍 상상 이상 가정용 블렌더 업소용 안좋거 기능 가격대 때문 모터 파워 용량 업소용 우월 분쇄 조리법 일정 가격대 이상 결과물 가정용 매장용 퀄리티 차이 사실 매장 업소용 블렌더 사용 이유 상층부 현상 때문 믹서 마늘 갈다보 현상 매장 특성 쉐이크 프라프치노같 얼음 음료 사용 상황 경우 가정용 저가형 경우 아랫부분 헛돌고 윗부분 안갈리 재핑 현상 칼날 믹서볼 사다리꼴 각진 믹서볼 모양 등등 가정용 불필요 단가적 제외 부분 매장용 블렌더 때문 여기 차이 사람 대부분 커버 이중 커버 소음 방지 커버임
2231,드론 때문에 전쟁에서 패배한 아르메니아 근황,드론 연구소 드론 기술 개발중이 한국의 비호복합 구매
2232,목줄풀린 반려견 사고,반려견 마리 산책나왔다 한마리 목줄 고장 체결불량 미확인 도로반대편 중앙차선 뒷바퀴 충격 개월 소송끝 견주 승소 이사고 푸들 크게다쳐 원고 정신적고통 인정 금전 위자할 의무 위자료 액수
2234,낙뢰칠때 나무밑에 있으면 안되는 이유,현장 즉사 중상 현재 의식불명 이럴일 유게이들 공원 그녀 산책 소나기 시작 조심
2236,임요환과 홍진호한테서 듣는 연벙 스토리,임요환대 홍진호 어떨까 기대 연벙 연벙 세번 생각 했느냐면 이걸 실감 임요환 사람 생각 한번쯤 한번 중후반 도모 전략 연벙 게이머 년넘 속상 흔히말하 소주 나발분 두세번 그날 한번 이것 요환 진사람 이긴사람 상처 악몽 그때당시 프로게이머치고 나이 나이 때문 결승올라가 모습 우승 모습 생각들 준비한거에요 결승전 꺄르르륵 결승진출 넘모 것이얌
2237,주술회전 판매량 근황,돌파 돌파 돌파 돌파 돌파 돌파 초판 만부 나히아 판매량
2241,오역 때문에 아직도 잘못 알려져 있는 설정,소울스톤 설정 사람 보르미르 소울스톤 소중 사랑 희생 사랑 필요 사랑 애초 레드스컬 대사 당신 사랑 이거 하나 사랑 사람 이것 때문 타노스에게 가모라 소중 사랑 존재 의미 타노스 가모라 사랑하긴 대의 가모라 희생 엔드 호크아이 결과적 블랙위도우 희생 소울스톤 사랑 사람 희생 호크아이 가족 블랙위도우 사랑 요상한 삼류 드라마 스토리 이것 심각 오역 가망 오역 강해서 잘못
2245,원피스 작정하고 애니 제작하는 방향으로 바꾼 토에이,원피스 최신화 삼선장 전투씬 해외 원피스 감격 작화 사이트 작화보루에서 삼선장 시퀀스 작화 환상적 극찬 드래곤볼 슈퍼 브로리 성공 못만드 회사 작정 애니 시작 결과 프리큐 다이 대모험 원피스 디지몬 어드벤처 제작 디지몬 제외 장편 불구 고퀄리티 키드 고철덩어리들 얼핏보 전부 작업 작업 결과물 처럼 하기위해 후처리
2246,풍력발전소의 의외의 단점,화재 위험 생각 직접적 날개 마찰열때문 경우 윤활유 싸구려 유지보수 저럼 폐기처리 드럽 다른나라 풍력발전기 생각
2248,한국의 년대 음식 가격,통닭 한마리 족발 짜장면 천원 서울 택시 기본요금 천원 시절 그시절 프리미엄 김밥
2252,미혼과 기혼의 정신질환 유병률 차이,전체적 평생 이상 정신질환 경험 제외 알코올 중독 니코틴 중독 남성 여성 가량 자료 시행 보건복지부 정신건강 실태조사 결혼 안정된다는건 어느정도 사실이긴
2256,유정호 사건 피해자의 호소,요약 천사 마케팅 인기몰이 유정호 근데 도박 도박 꼴아박고
2257,진정한 무협 고수의 무기,위험 동료 주인공 상불환 주인공 악당들 나뭇가지 주워드 주인공 사람 목검 사실 경악 주인공 동료 하수들 주인공 참고 얼마전 주인공 동료 주인공 칼솜씨 인무봉 조롱조 별명 대학살 이후 주인공 경악 동료들 커녕 사람 엄살 주인공 고생 자기 철학 설명 자기 속물 집중 목검 들고다닌다 우로부치 각본 담당 대만 일본 합작 썬더볼트 판타지 동리검유 시즌
2260,타란티노 영화의 빌런 세력,타란티노 특유 학살 오락성 강조 관객들 일말 연민 죄책감 복합적 대상 악당 세력 누가봐 부담 감상 쓰레기들 악역 경우 뱀파이어라든지 나치 극단적 백인우월주의자 히피 살인마들이 대상 악역 관객들 불편함 시원 학살신 감상
2264,원피스 극장판중 호불호 끝판왕,극장판 오마츠리 남작 비밀 호평 사람 신선한 느낌 혹평 사람 원피스 스킨입힌 호소 마모루 애니 참고 흥행성적 호불호 후반부 연출 의미 의미 원피스 기괴함 정점 때문
2265,년대 년대에 초등학교를 다녔던 사람들이 겪었을 고충,대변 소변 화장실 대변 취급 기분 다들 이상 사실 부분 때문 극도 스트레스 트라우마 욥연 화장실 대변 경우 바지 실례 경우 누구누구 대변올 악질적 행위 때문 대변 트집 약점 대변 생각 화장실 대변 가지 놀림감 지금 이해 애초 화장실 사람 자연 생리적 현상 년대 년대 이후 년대 중학교 고등학교 화장실 대변 누구 사람 초등학교때
2266,일본 요코하마에서 유상철을 애도하는 이유,요코하마 시절 당시 한국 처럼 골키퍼제외 포지션 뺑뺑이 와중 득점왕 경쟁 빠요엔이었음 바르셀로나에서 오퍼 정도 였음 참고 일본 위닝 유상철 유상철 골키퍼 포지션 박아넣어 이상 캐릭터 때문
2267,역대 신화중에서 가장 기묘한,기본적 남신 심심 암컷 타락 암컷 수컷말 새끼
2270,일본 웹소설 근황,소설가 사이트 정도 수준 이세계 전생물 한번 추방물 주류 거대 진정한 거대 존경 찬사 재능 몰락 모습 현실도피 현실조작 승인욕구 공격성 진짜 정병러만 드글거리 마굴 근데 한국 중국 소설들 얘기 함정
2274,중국의 드론 기술,별똥별 드론 기술 드론 추락 피해자
2276,닌텐도 스위치 코딩 게임 근황,닌텐도 출시 게임 제작툴 노든 생명체 등장 연결 게임 여러요소 프로그래밍 가능 하루만 코딩
2278,애플스토어에서 아이맥을 시켰더니 북한으로 배송되었다,참고 공식적 북한에서 배송한다 북한 사무소 여담 책임소재 애플 자기 잘못 당사자 상품 배송받았다 돼지쉒 오랜만 신제품 만나보
2279,이거 무슨 버섯인지 아는 사람,안방 나타났네 버섯자라 울집 꼬라지 유머
2293,일본에 있었던 살인미궁 정글짐,목조 구조 톱밥가득 내부 백열등 라이트업 결과 아이 전신화상 사망 아이 아이 아버지 비롯 두명 경상 끔찍한 사고 화재 오후 분경 일본 공업 대학 공학부 건축학 학생들 제작 목재 정글짐 전구등 발열 대학 측은 저녁 전시장 전시물 전구 설치 본래 화재 위험 전구 로만 설치 계획 작업용 백열 전구 설치 정글짐 나무 톱밥 모습 전시물 아래 전구 백열 전구 열전도율 때문 전구 나무 조사되 전시용이긴 펜스 관람객 체험 만들어놓았기때문 현장 아이들 자력 탈출 상처 피해자 켄토군 설치물 정중앙 발견 탈출 위치 화재 현장 주변 인파 순식간 안전불감증
2294,소전 중섭 근황,중섭 한정 중국 공안 검열 알파벳 표기 이름 인형 중국어 모양
2300,스릴러 영화 포스터 한미일 비교,전남친 세스나 파일럿 이야기 사람 궁극 결단 언더워터 제작진 선사 위협 추락 체험
2302,인피니티워에서 삭제 됬는지 모르겠을 장면,쿠키 영상 된뒤 타노스랑 어느정도 스톤 모습 보여준던
2308,파워디지몬에서 팬들이 가장 선넘었다고 생각한 설정,리키 아들 사람 빡치 어른모습 결말부분 빡치
2330,레이튼 시리즈가 맛탱이 이유,리빙라이프 자동차 되는걸 정의 중요 그것 정사각형 마름모 란다 사전조사 실제투표 다른걸 결론 오늘 문제해결
2337,맥도날드 알바들 호재,멤버 최소 엽서 단체 한사람 세트 맥드날드 알바생들
2339,물건 살때 참고하면 좋은 사이트,한국 소비자원 운영 스마트컨슈머 시중 판매 제품들 비교분석 보고서 제공 제품 카탈로그 스펙 비교 일반적 리뷰 실사용 실험 결과 포함 전문적 리뷰 제공 예시 자료 코팅 프라이팬 철수세미 코팅 내마모성 코팅 소실 중금속 용출 비교분석 브랜드 제품 결과 제공하는건 소비자 대체적 판단 기준
2346,해리포터 말년에 맘고생 심하셨을,미네르바 맥고나걸 에필로그 시점 호그와트 교장선생님 졸업생 위즐리 포터 아들들 프레드 위즐리 제임스 시리우스 포터 이름 현역 교수 망나니들 이름 입학자 명단
2350,기린한테 못된 장난치는 졷간들,먹이 머리 기린 창문 머리 당황한 보이
2352,새벽 포르자 발표 요약,우리 바탕 배경 작업 실제 게임 영상
2365,조선시대 장르소설 덕후였던,삼국지 선비 쿠사리 제갈량 관우 과거시험 문제 제갈량 관우 견제 합격 새끼 답안 개빡쳐서 자기 합격 취소 최애 진영 쌍욕 못참지
2366,압도적인 분위기의 화가,앳킨슨 그림쇼 영국 달빛 적막한 도시 거리 부둣가 풍경 주제 시적 상상력 작품
2367,지금도 회자되는 방송사고,내귀 도청장치 몇십년 어린애 알정도 유명함
2375,게임 역사상 최고의 언행불일치를 보여주는 모드,언오피셜이라 바닐라 모드 유저 반필수 패치
2377,티미의 수호천사를 끝장내버린 인물,클로 카마이클 시즌 합류 인물 티미 수호천사 공유 인물 시리즈 이유 가지 공유설정 클로이 캐릭터성 조연들 클로이 캐릭터 설명하자 엄친딸 착한아이증후군 의심될정도 수호천사 필요하냐란 근본적 되버린다 제작진 어찌저찌 납득 설정 내놓긴 심각 문제 번문제다 클로이 티미 보모 스토리 삭제 수준 되버려 입장 티미 수호천사 동기 클로이땜시 지금 스파키 체스터 트릭시 기타 등등 대부분 조연 삭제가되버렸다 때문 애니 티미 클로이만 진행 되다보 단조 평가 부정적 압도적 감독 퇴사 되버리 티미 수호천사 년도 시즌 종영하 그래서 해외 클로이 안티 상당
2380,의외로 고증일지도 모르는 추노의 장면,예전 노비 딱고 다니냐 올라왔던글 노비 버드나무가지 칫솔 양치 버드나무 칫솔만들기 어디 양치 가능
2382,제작진들이 입털어서 꼴받았던 설정들,귀멸 호흡 것들 일반인 안보 그치만 혈귀술 진짜 독자들 엔드 제작진 캡틴 묘묘들때 번개나가는건 설정오류 오딘 묘묘들면 토르능력 있다
2384,축구 차박손 대전 종결,훈훈 마무리 조차박 팩폭 차붐 참고 조원희 뮤탈슛 주인공임
2385,대한 성별간의 차이,여성 남성 시도율 생각 치명적 여성 남성 유모 다크유머라 유머
2388,혐오 자연 자체,혐오 다시말하 혐오 다시말하 진짜 내장나
2392,부동산 거짓말,부동산 정체 낚여 사람들 집값 떡상해서 노후 대비 완료 사람들 전세 못구해서 외곽
2393,한국의 년대생들이 공중파 애니를 보면서 카리스마를 느꼈다는 악당,가면 코믹 카리마스 부분 캐릭터 악역 풍모 교활함 카리스마 캐릭터이지
2397,화석으로 원형을 복원하는게 개빡센 이유,이걸 이모양 추측 대부분 경우 전부 온전 개빡센 이유 개빡세
2400,아이스하키에는 진짜 싸움꾼이라는 포지션이 있다,인포서 담당일진 정리 가능 상대 주요선수 견제 도발 멘탈 공격 누구 스타 보호 쌈박질함 경기 루즈 쌈박질 경기장 분위기 메이커 자처 쌈박질 쌈박질 재밌기 경기장 패싸움 거보 보호장비 한두 대리 일기토 입장 이득 진짜 담당일진 포지션 흑기사 자처 밥줄 허용 북미리그 이외 스케이트 양아치 피지컬 실력 멘탈 요구됨
