,제목,내용
0,봄 하루,"제비 두 마리가 집을 짓고 있다
우리 지붕 아래 조그만 내 주머니처럼
예쁜 꽃잎들이 활짝 웃고 있다
어제 내린 비에 하얗게 세수한 얼굴로
따뜻한 햇살에 내 동생은 잠이 들고
바둑이 나비를 쫓아 동산에 올라가면
하나 둘 모여든 내 친구들 함께 놀다
새파란 잔디 위에 누우면
멀리 흰 구름이 그림을 그린다
하늘 도화지에 어느새 하얀 솜사탕을
(간주)
라라라라라라 라라라라라라 
라라라라라라 라라라 라라라라라라
따뜻한 햇살에 내 동생은 잠이 들고
바둑이 나비를 쫓아 동산에 올라가면
하나 둘 모여든 내 친구들 함께 놀다
새파란 잔디 위에 누우면
멀리 흰 구림이 그림을 그린다
하늘 도화지에 동그란 엄마의 얼굴을 "
1,곰 세마리,"곰 세 마리가 한 집에 있어
아빠곰, 엄마곰, 애기곰
아빠곰은 뚱뚱해
엄마곰은 날씬해
애기곰은 너무 귀여워
으쓱 으쓱 잘한다
(반복) "
2,아기 염소 (제9회 MBC 창작동요제),"파란 하늘 파란 하늘 꿈이 드리운 푸른 언덕에
아기염소 여럿이 풀을 뜯고 놀아요 해처럼 밝은 얼굴로 
빗방울이 뚝뚝뚝뚝 떨어지는 날에는 잔뜩 찡그린 얼굴로
엄마 찾아 음~메 아빠 찾아 음~메 울상을 짓다가
해가 번쩍 곧게 피어나면 너무나 기다렸나봐
홀짝홀짝 콩콩콩 흔들흔들 콩콩콩 신나는 아기 염소들 
(반복) "
3,동물농장,"닭장속에는 암탉이
문간 옆에는 거위가
배나무 밑엔 염소가
외양간에는 송아지
닭장속에는 암탉들이
문간 옆에는 거위들이
배나무 밑엔 염소들이
외양간에는 송아지

깊은 산속엔 뻐꾸기
높은 하늘엔 종달새
부뚜막 위엔 고양이
마루 밑에는 강아지
깊은 산속엔 뻐꾸기가
높은 하늘엔 종달새가
부뚜막 위엔 고양이가
마루 밑에는 강아지
오 히 하이아야
오 오오오
오 히 하이아야
오 오오오 "
4,멋쟁이 토마토,"울퉁불퉁 멋진 몸매에
빨간 옷을 입고
새콤 달콤 향내 풍기는
멋쟁이 토마토 토마토
나는야 주스 될거야 꿀꺽
나는야 케첩 될거야 찍
나는야 춤을 출거야 헤이
뽐내는 토마토 토마토
(반복)
(간주)
나는야 주스 될거야 꿀꺽
나는야 케첩 될거야 찍
나는야 춤을 출거야 헤이
뽐내는 토마토 토마토
뽐내는 토마토 토마토 "
5,수박 파티,"커다란 수박하나
잘 익었나 통 통 통
단숨에 쪼개니
속이 보이네
몇 번 더 쪼갠 후에
너도 나도 들고서
우리 모두 하모니카
신나게 불어요
쭉쭉 쭉쭉쭉 쓱쓱 쓱쓱쓱
싹싹 싹싹싹 쭉쭉 쓱쓱 싹
쭉쭉 쭉쭉쭉 쓱쓱 쓱쓱쓱
싹싹 싹싹싹 쭉쭉 쓱쓱 싹
(반복) "
6,얼굴 찌푸리지 말아요,"얼굴 찌푸리지 말아요 모두가 힘들 잖아요 
기쁨의 그 날 위해 함께 할 친구들이 있잖아요
혼자라고 느껴질 때면 주위를 둘러보세요 
이렇게 많은 이들 모두가 나의 친구랍니다
우리 가는 길이 결코 쉽지 않을 거예요 
때로는 모진 시련에 좌절도 하겠지만 
우리의 친구들과 함께라면 두렵지 않아 
우리 모두 함께 손을 잡고 원 투 원투쓰리포 
얼굴 찌푸리지 말아요 모두가 힘들잖아요 
기쁨의 그 날 위해 함께 할 친구들이 있잖아요 
혼자라고 느껴질 때면 주위를 둘러보세요 
이렇게 많은 이들 모두가 나의 친구랍니다
(간주)
우리 가는 길이 결코 쉽지 않을 거예요 
때로는 모진 시련에 좌절도 하겠지만 
우리의 친구들과 함께라면 두렵지 않아 
우리 모두 함께 손을 잡고 원 투 원투쓰리포 
얼굴 찌푸리지 말아요 모두가 힘들잖아요 
기쁨의 그 날 위해 함께 할 친구들이 있잖아요 
혼자라고 느껴질 때면 주위를 둘러보세요 
이렇게 많은 이들 모두가 나의 친구랍니다
얼굴 찌푸리지 말아요 모두가 힘들잖아요 
기쁨의 그 날 위해 함께 할 친구들이 있잖아요 
혼자라고 느껴질 때면 주위를 둘러보세요 
이렇게 많은 이들 모두가 나의 친구랍니다 "
7,싹트네,"싹트네! 싹터요 내 마음에 사랑이
싹트네! 싹터요 내 마음에 사랑이
밀려오는 파도처럼 내 마음에 사랑이
싹트네 싹터요 내 마음에 사랑이
(반복) "
8,작은 별 (초등학교 3~4학년 과정),"반짝 반짝 아름다운 작은 별들 구슬같이 어여쁘게 빛나요 
저녁하늘 별도 없이 깜깜한데 금강석을 깔아논듯 반짝 거려요 

소근 소근 사이좋게 노는 별들 무슨 애기 그리 재미날까요 
호랑 햇님 성낸 얼굴 들기 전에 졸지 말고 어서 어서 놀다 가세요. 
(반복) "
9,다시 한번 더 (TV 만화 '또봇 오프닝'),"저 멀리 바라봐 그곳엔 내가 있잖아
곁에 있지 않더라도 함께인걸 느낄 수 있어
난 두렵지 않아 내 곁엔 네가 있잖아
그 어떤 어려움도 우린 이겨낼 수 있어
더 높이 높이 날아봐
더 넓은 세상이 보일 거야
나와 함께
1, 2, 3, 4 Let's Go!
같이 가는 거야 힘이 들고 험난해도
너와 함께라면 이겨낼 수 있을 거야
때론 넘어지고 흔들려도 내 손 놓지 마
두 손 굳게 잡고 달려가자 다시 한번 더
때론 넘어지고 흔들려도 내 손 놓지 마
두 손 굳게 잡고 달려가자 다시 한번 더 "
10,꿈꾸지 않으면,"꿈꾸지 않으면 사는 게 아니라고
별 헤는 맘으로 없는 길 가려네
사랑하지 않으면 사는 게 아니라고
설레는 마음으로 낯선 길 가려 하네
아름다운 꿈꾸며 사랑하는 우리
아무도 가지 않는 길 가는 우리들
누구도 꿈꾸지 못한 
우리들의 세상 만들어 가네
배운다는 건 꿈을 꾸는 것
가르친다는 건 희망을 노래하는 것
우린 알고 있네 우린 알고 있네
배운다는 건 가르친다는 건
희망을 노래하는 것
배운다는 건 꿈을 꾸는 것
가르친다는 건 희망을 노래하는 것
배운다는 건 꿈을 꾸는 것
가르친다는 건 희망을 노래하는 것
우린 알고 있네 우린 알고 있네
배운다는 건 가르친다는 건
희망을 노래하는 것
희망을 노래하는 것 "
11,당신은 사랑받기 위해 태어난 사람,"당신은 사랑받기 위해 태어난 사람
당신의 삶속에서 그 사랑 받고 있지요
당신은 사랑받기 위해 태어난 사람
당신의 삶속에서 그 사랑 받고 있지요
태초부터 시작된 하나님의 사랑은
우리의 만남을 통해 열매를 맺고
당신이 이 세상에 존재함으로 인해
우리에게 얼마나 큰 기쁨이 되는지
당신은 사랑받기 위해 태어난 사람
지금도 그 사랑 받고 있지요
당신은 사랑받기 위해 태어난 사람
지금도 그 사랑 받고 있지요
(간주)
태초부터 시작된 하나님의 사랑은
우리의 만남을 통해 열매를 맺고
당신이 이 세상에 존재함으로 인해
우리에게 얼마나 큰 기쁨이 되는지
당신은 사랑받기 위해 태어난 사람
지금도 그 사랑 받고 있지요
당신은 사랑받기 위해 태어난 사람
지금도 그 사랑 받고 있지요
당신은 사랑받기 위해 태어난 사람
지금도 그 사랑 받고 있지요
당신은 사랑받기 위해 태어난 사람
지금도 그 사랑 받고 있지요
지금도 그 사랑 받고 있지요
지금도 그 사랑 받고 있지요 "
12,러브송 (Love Song),"흰 눈이 기쁨 되는 날
흰 눈이 미소되는 날
흰 눈이 꽃잎처럼 내려와
우리의 사랑 축복해
지금 순간을 위해서
난 태어난 건 아닐까
깊은 잠에서 눈 뜨면
꺼질 마법은 아닐까
그대의 사랑이 되고파
오랜 시간을 돌아서
이젠 내 자리에 오게 된거야
오 우 오 워
흰 눈이 기쁨 되는 날
흰 눈이 미소되는 날
흰 눈이 꽃잎처럼 내려와
우리의 사랑 축복해
(간주)
아주 조그만 행복도
늘 팝콘 처럼 부풀길
때론 힘겨운 시간도
희망 안에서 잠들길
이렇게 꼭 잡은 두 손에
아주 소박한 약속을
모두 다 모아서
간직할 거야
오 우 오 워
흰 눈이 기쁨 되는 날
흰 눈이 미소되는 날
흰 눈이 꽃잎처럼 내려와
우리의 사랑 축복해
(간주)
나 그대 사랑이 되고
내 그댄 영원이 되고
꼭 우리 오늘처럼 사랑해
하늘이 주는 날까지
난 그대 사랑이 되고
내 그댄 영원이 되고
꼭 우리 오늘처럼 사랑해
하늘이 주는 날까지 "
13,높임말 친구 (제19회 KBS 창작동요대회),"우리들이 하는 말은 이상해 어른들은 말을 올리래요
어떻게 올려야지 하늘높이 올라서 당겨볼까
우리들이 하는 말은 이상해 어른들은 말을 높이래요
어떻게 높여야지 두 팔 벌려 쭈욱 밀어볼까
요구르트의 요는 달콤하고 요술의 요는 신기한데 
내 말 뒤에 따라오던 요는 자꾸만 깜빡 깜빡 사라져
하하하하 웃고 싶을 때에도 요요요요 하고 붙일까요
잉잉잉 울을 때도 올려주고 높여줘야 하나요 
우리들이 하는말은 이상해 어른들이 올리라고 하시는 말
밀어보고 당겨보자 가장 친한 친구 만들어보자
(간주)
하하하하 웃고 싶을 때에도 요요요요 하고 붙일까요
잉잉잉 울을 때도 올려주고 높여줘야 하나요 
우리들이 하는 말은 이상해 어른들이 올리라고 하시는 말
밀어보고 당겨보자 가장 친한 친구 만들어보자
랄라라랄라 랄라라랄랄라 랄라라랄라 랄랄랄라
랄라라랄라 랄랄라 가장 친한 친구 만들어보자 "
14,참 좋은 말 (제25회 MBC 창작동요제),"사랑해요 이 한마디 참 좋은 말 
우리 식구 자고 나면 주고받는 말
사랑해요 이 한마디 참 좋은 말 
엄마 아빠 일터 갈 때 주고받는 말
이 말이 좋아서 온종일 신이 나지요
이 말이 좋아서 온종일 일 맛나지요
이 말이 좋아서 온종일 가슴이 콩닥콩닥 뛴데요
사랑해요 이 한마디 참 좋은 말
나는 나는 이 한마디가 정말 좋아요
나는 나는 이 한마디가 정말 좋아요
(반복)
사랑 사랑해요 "
15,아빠 힘내세요! (제15회 MBC 창작동요제),"딩동댕 초인종 소리에 얼른 문을 열었더니 
그토록 기다리던 아빠가 문 앞에 서계셨죠 
너무나 반가워 웃으며 아빠하고 불렀는데 
어쩐지 오늘 아빠의 얼굴이 우울해 보이네요 
무슨 일이 생겼나요 무슨 걱정 있나요 
마음대로 안 되는 일 오늘 있었나요 
아빠 힘내세요! 우리가 있잖아요
아빠 힘내세요! 우리가 있어요
(간주)
딩동댕 초인종 소리에 얼른 문을 열었더니 
그토록 기다리던 아빠가 문 앞에 서계셨죠 
너무나 반가워 웃으며 아빠하고 불렀는데 
어쩐지 오늘 아빠의 얼굴이 우울해 보이네요 
무슨 일이 생겼나요 무슨 걱정 있나요 
마음대로 안 되는 일 오늘 있었나요 
아빠 힘내세요! 우리가 있잖아요
아빠 힘내세요! 우리가 있어요
힘내세요~ 아빠! "
16,예쁜 아기곰 (제13회 MBC 창작동요제),"동그란 눈에 까만 작은 코 
하얀 털옷을 입은 예쁜 아기곰 
언제나 너를 바라보면서 
작은 소망 얘기하지 
너의 곁에 있으면 나는 행복해 
어떤 비밀이라도 말할 수 있어 
까만 작은 코에 입을 맞추면 
수줍어 얼굴을 붉히는 예쁜 아기곰
(반복) "
17,악어떼,"정글 숲을 지나서 가자 
엉금 엉금 기어서 가자 
늪지대가 나타나면은 
악어떼가 나올라 악어떼!
(반복) "
18,머리 어깨 무릎 발,"머리 어깨 무릎 발 무릎 발 
머리 어깨 무릎 발 무릎 발 
머리 어깨 발 무릎 발 
머리 어깨 무릎 귀 코 귀
(반복) "
19,작은 동물원,"삐약 삐약 병아리 음메 음메 송아지
따당 따당 사냥꾼 뒤뚱 뒤뚱 물오리
푸 푸 개구리 집게 집게 집게 가재
푸르르르르르 물풀 소라
(반복) "
20,꼬부랑 할머니,"꼬부랑 할머니가 꼬부랑 고갯길을
꼬부랑 꼬부랑 넘어가고 있네
꼬부랑 꼬부랑 꼬부랑 꼬부랑
고개는 열두고개 고개를 고개를 넘어간다
(반복) "
21,우유송,"콜라 싫어 싫어 홍차 싫어 싫어 새카만 커피 Oh No 
핫쵸코 싫어 싫어 사이다 싫어 싫어 새하얀 우유 Oh Yes 
맛좋고 색깔 좋고 영양도 최고 깔끔한 내 입맛에 우유가 딱이야 
단백질 칼슘도 왕 비타민 가득 건강한 내 입맛에 우유가 딱이야 
우유 좋아 우유 좋아 우유 주세요 (더 주세요) 
우유 좋아 우유가 좋아 세상에서 제일 좋아 
우유 없는 세상은 상상하기도 싫어 싫어 우유가 제일 좋아 우유 만 줘 
Milk 또 Milk 영어로 밀크 Oh 우유 공부하다 한잔 게임하다 한잔
항상 내 곁에 Oh 우유 
우유는 우유병에 먹어야 제 맛 신선한 우유만이 진짜 우유야 
우유 먹고 튼튼해져 얼른자라서 새 나라 새 일꾼이 되볼랍니다 
우유 좋아 우유 좋아 우유 주세요 (더 주세요) 
우유 좋아 우유가 좋아 세상에서 제일 좋아 
우유 좋아 우유 좋아 우유 주세요 (더 주세요) 
우유 좋아 우유가 좋아 세상에서 제일 좋아 
세상에서 제일 좋아 "
22,솜사탕 (초등학교 3~4학년 과정),"나뭇가지에 실처럼 날아든 솜사탕 
하얀 눈처럼 희고도 깨끗한 솜사탕 
엄마 손 잡고 나들이 갈 때 먹어본 솜사탕 
후후 불면은 구멍이 뚫리는 커다란 솜사탕
(반복) "
23,아기 다람쥐 또미 (제14회 MBC 창작동요제),"쪼로로롱 산새가 노래하는 숲 속에 
예쁜 아기 다람쥐가 살고 있었어요 
울창한 숲 속 푸른 나무 위에서 
아기다람쥐 또미가 살고 있었어요 
야호! 랄라 노래 부르자 
야호! 숲 속의 아침을 
야호! 트랄라 귀여운 
아기다람쥐 또미!
(반복) "
24,그대로 멈춰라,"즐겁게 춤을 추다가 그대로 멈춰라
즐겁게 춤을 추다가 그대로 멈춰라
눈도 감지 말고 웃지도 말고
울지도 말고 움직이지 마
즐겁게 춤을 추다가 그대로 멈춰라
(반복) "
25,피노키오,"꼭두각시 인형 피노키오 나는 네가 좋구나
파란 머리 천사 만날 때는 나도 데려가 주렴
피아노 치고 미술도 하고 영어도 하면 바쁜데
너는 언제나 공부를 하니 말썽쟁이 피노키오야
우리 아빠 꿈속에 오늘밤에 나타나 
내 얘기 좀 전해줄 수 없겠니
먹고 싶은 것이랑 놀고 싶은 놀이랑
모두 모두 할 수 있게 해줄래
꼭두각시 인형 피노키오 나는 네가 좋구나
장난감의 나라 지날 때는 나도 데려가 주렴
숙제도 많고 시험도 많고 할 일도 많아 바쁜데
너는 어째서 놀기만 하니 청개구리 피노키오야
우리 엄마 꿈속에 오늘밤에 나타나 
내 얘기 좀 잘 해줄 수 없겠니
먹지 마라 살찐다 하지 마라 나쁘다
그런 말 좀 하지 않게 해줄래
(간주)
꼭두각시 인형 피노키오 나는 네가 좋구나
파란 머리 천사 만날 때는 나도 데려가 주렴
학교 다니고 학원 다니고 독서실 가면 바쁜데
너는 어째서 게으름 피니 제페트의 피노키오야
엄마 아빠 꿈속에 오늘밤에 나타나
내 얘기 좀 잘 해줄 수 없겠니
피노키오 줄타기 꼭두각시 줄타기
그런 아이 되지 않게 해줄래 "
26,네 잎 클로버 (제14회 MBC 창작동요제),"깊고 작은 산골짜기 사이로 맑은 물 흐르는 작은 샘터에 
예쁜 꽃들 사이에 살짝 숨겨진 이슬 먹고 피어난 네 잎 클로버 
랄랄라 한 잎 랄랄라 두 잎 랄랄라 세 잎 랄랄라 네 잎 
행운을 가져다준다는 수줍은 얼굴의 미소 한줄기의 따스한 햇살 받으며 
희망으로 가득한 나의 친구야 빛처럼 밝은 맘으로 너를 닮고 싶어
(반복) "
27,도깨비 나라,"이상하고 아름다운 도깨비 나라
방망이를 두드리면 무엇이 될까
금 나와라 와라 와라 뚝딱
은 나와라 와라 와라 뚝딱
(반복) "
28,나비야,"나비야 나비야 이리날아 오너라 
노랑나비 흰나비 춤을 추며 오너라 
봄바람에 꽃잎도 방긋방긋 웃으며 
참새도 짹짹짹 노래하며 춤춘다
(반복) "
29,파란마음 하얀마음 (초등학교 5~6학년 과정),"우리들 마음에 빛이 있다면
여름엔 여름엔 파랄 거에요
산도들도 나무도 파란 잎으로
파랗게 파랗게 덮인 속에서
파란 하늘 보고 자라니까요
(간주)
우리들 마음에 빛이 있다면
겨울엔 겨울엔 하얄 거에요
산도들도 지붕도 하얀 눈으로
하얗게 하얗게 덮인 속에서
깨끗한 마음으로 자라니까요 "
30,고향의 봄 (초등학교1~2학년 과정),"나의 살던 고향은 꽃 피는 산골 
복숭아꽃 살구꽃 아기 진달래 
울긋불긋 꽃 대궐 자리인 동네 
그 속에서 놀던 때가 그립습니다 

꽃동네 새동네 나의 옛 고향 
파란들 남쪽에서 바람이 불면 
냇가에 수양버들 춤추는 동네 
그 속에서 놀던 때가 그립습니다 "
31,노을 (제2회 MBC 창작동요제),"바람이 머물다 간 들판에
모락모락 피어나는 저녁연기
색동옷 갈아입은 가을 언덕에
빨갛게 노을이 타고 있어요
허수아비 팔 벌려 웃음 짓고
초가지붕 둥근 박 꿈꿀 때
고개 숙인 논밭의 열매
노랗게 익어만 가는
가을바람 머물다 간 들판에
모락모락 피어나는 저녁연기
색동옷 갈아입은 가을 언덕에
붉게 물들어 타는 저녁놀
(반복) "
32,시골 하루 (제12회 MBC 창작동요제),"뽀오얀 안개가 산무등을 타고 
닭소리에 잠을 깨면 
초가집 굴뚝에 흰 연기 오르니 
시골 하루 시작된다 
산비둘기 모여 구구 
풀을 뜯는 염소 음매 
한가롭게 강아지 놀고 
소를 모는 농부 이랴 
빨래하는 소리 뚝딱 
물레방아 빙글 잘도 돈다 
살며시 초생달 서산에 걸리고 
귀뚜라미 자장가에 
칭얼대던 아기의 두 눈이 감기면 
들려오는 멍멍 소리
(반복) "
33,가을 길 (초등학교 3~4학년 과정),"노랗게 노랗게 물들었네 빨갛게 빨갛게 물들었네 
파랗게 파랗게 높은 하늘 가을 길이 고운길 
트랄랄랄라 트랄랄랄라 트라랄랄랄라 노래 부르며 
산 넘어 물 건너가는 길 가을 길이 비단길
(간주)
노랗게 노랗게 물들었네 빨갛게 빨갛게 물들었네 
파랗게 파랗게 높은 하늘 가을 길이 고운길 
트랄랄랄라 트랄랄랄라 트라랄랄랄라 노래 부르며 
숲속의 새들이 반겨주는 가을 길이 우리길 "
34,나무야,"나무야 나무야 서서 자는 나무야
나무야 나무야 다리 아프지
나무야 나무야 누워서 자거라
(반복) "
35,내 동생,"내 동생 곱슬머리 개구장이 내 동생
이름은 하나인데 별명은 서너 개
엄마가 부를 때는 꿀돼지
아빠가 부를 때는 두꺼비
누나가 부를 때는 왕자님
어떤게 진짜인지 몰라 몰라 몰라
(간주)
내 동생 곱슬머리 개구쟁이 내 동생
이름은 하나인데 별명은 서너 개
잘 먹고 건강하게 꿀돼지
착하고 복스럽게 두꺼비
용감하고 슬기롭게 왕자님
어떤게 진짜인지 몰라 몰라 몰라 "
36,둥근 해가 떴습니다,"둥근 해가 떴습니다 
자리에서 일어나서
제일 먼저 이를 닦자 
윗니 아랫니 닦자
세수할 때는 깨끗이 
이쪽 저쪽 목 닦고
머리 빗고 옷을 입고 
거울을 봅니다
꼭꼭 씹어 밥을 먹고 
가방 메고 인사하고
유치원에 갑니다 
씩씩하게 갑니다 "
37,도레미 (초등학교 3~4학년 과정),"도는 하얀 도화지
레는 둥근 레코드
미는 파란 미나리
파는 예쁜 파랑새
솔은 작은 솔방울
라는 라디오고요
시는 졸졸 시냇물
다 함께 부르자
도레미파솔라시 도도시라솔파미레 
도미미 미솔솔 레파파 라시시 
도미미 미솔솔 레파파 라시시 
솔~ 도~ 라~ 파~ 미 도 레~ 
솔~ 도~ 라~ 시~ 도 레 도~ 
도레미파솔라시 도솔도 "
38,돌과 물 (바윗돌깨트려),"바윗돌 깨뜨려 돌덩이 
돌덩이 깨뜨려 돌맹이 
돌맹이 깨뜨려 자갈돌 
자갈돌 깨뜨려 모래알 
랄~라 랄라라 랄라라 
랄~라 랄라라 랄라라
(간주)
도랑물 모여서 개울물 
개울물 모여서 시냇물 
시냇물 모여서 큰 강물 
큰 강물 모여서 바닷물 
랄~라 랄라라 랄라라 
랄~라 랄라라 랄라라 "
39,푸른 세상 만들기 (제15회 MBC 창작동요제),"푸른 하늘을 만들어줘요 새하얀 뭉게구름 두둥실 
예쁜 새 모여 노래 부르는 저 파란 숲속 나라도 만들어줘요
아빠가 만들어 주시나요 엄마가 만들어 주실까
아니야 우리가 해야 하죠 아름다운 푸른 세상 만들기 
우리가 푸른 씨앗 되어 푸른 숲을 만들어보자
우리가 푸른 바람 되어 저 하늘보다 푸르게 하자
(간주)
아빠가 만들어 주시나요 엄마가 만들어 주실까
아니야 우리가 해야 하죠 아름다운 푸른 세상 만들기 
우리가 푸른 씨앗 되어 푸른 숲을 만들어보자
우리가 푸른 바람 되어 저 하늘보다 푸르게 하자 "
40,아이들은 (제7회 MBC 창작동요제),"세상이 이렇게 밝은 것은
즐거운 노래로 가득 찬 것은
집집마다 어린 해가 자라고 있어서다
그 해가 노래이기 때문이다
어른들은 모를 거야 아이들이 해인 것을
하지만 금방이라도 알 수 있지 알 수 있어
아이들이 잠시 없다면 아이들이 잠시 없다면
나나나 나나나나 낮도 밤인 것을
노랫소리 들리지 않는 것을
(반복) "
41,코끼리 (초등학교1~2학년 과정),"코끼리 아저씨는 코가 손이래
과자를 주면은 코로 받지요
코끼리 아저씨는 소방수래요
불나면 빨리와 모셔가지요
(반복) "
42,올챙이와 개구리 (MBC '브레인 서바이버'),"개울가에 올챙이 한 마리 
꼬물꼬물 헤엄치다 
뒷다리가 쑥~ 앞다리가 쑥~ 
팔딱팔딱 개구리 됐네 
꼬물꼬물 꼬물꼬물 
꼬물꼬물 올챙이가 
뒷다리가 쑥~ 앞다리가 쑥~ 
팔딱팔딱 개구리 됐네
(반복) "
43,숫자쏭,"1! 1초라도 안 보이면
2! 이렇게 초조한데
3! 3초는 어떻게 기다려
이야이야 이야이야
사랑해 널 사랑해
5! 오늘은 말할 거야
6! 육십억 지구에서 널 만난 건
7! 럭키야
사랑해 요기조기 한눈팔지 말고 나를 봐
좋아해 나를 향해 웃는 미소 매일매일 보여줘
8! 팔딱팔딱 뛰는 가슴
9! 구해죠 내 마음
10! 십 년 이가도 너를 사랑해
언제나 이맘 변치 않을게 "
44,씨앗,"씨 씨 씨를 뿌리고 
꼭꼭 물을 주었죠
하룻밤 이틀 밤 
쉿 쉿 쉿
뽀드득 뽀드득 뽀드득
싹이 났어요
(간주)
싹 싹 싹이 났어요 
똑똑 물을 주었죠
하룻밤 이틀 밤 
어 어 어 
뽀로롱 뽀로롱 뽀로롱
꽃이 폈어요 "
45,옆에 옆에,"옆에 옆에 옆에 옆으로 
옆에 옆에 옆에 옆으로 
위로 아래로 위로 아래로 
위로 아래로 위로 아래로 
(간주)
옆에 옆에 옆에 뺑 돌아 짝짝 
옆에 옆에 옆에 뺑 돌아 짝짝 
위로 아래로 위로 아래로 
위로 아래로 위로 아래로 
(간주)
옆에 옆에 옆에 춤을 춥시다 
옆에 옆에 옆에 춤을 춥시다 
위로 아래로 위로 아래로 
위로 아래로 위로 아래로 "
46,잠자리 (초등학교1~2학년 과정),"잠자리 날아 다니다
장다리꽃에 앉았다
살금살금 바둑이가
잡다가 놓쳐 버렸다
짖다가 날려 버렸다
(반복) "
47,쥐가 백 마리,"쥐가 한 마리가 쥐가 두 마리가 
쥐가 세 마리 네 마리 다섯 마리
쥐가 여섯 마리 쥐가 일곱 마리 
쥐가 여덟 마리 아홉 마리 열 마리
야~옹 야~옹 고양이 화났지
야~옹 야~옹 고양이 나왔지
쥐가 도망가지 쥐가 도망가지
쥐가 어디로 갔나 난 몰라
쥐구멍이지 쥐구멍이지
쥐구멍에 숨어버렸지 야~옹
(반복) "
48,산중호걸,"산중호걸이라 하는 호랑 님의 생일날이 되어 
각색 짐승 공원에 모여 무도회가 열렸네 
토끼는 춤추고 여우는 바이올린 
짠짠 찌가찌가 찐짠 찐짠 찐짠하더라 
그중에 한 놈이 잘난 체하면서 
까~불 까불 까불 까불 까불 까불하더라
(반복) "
49,시계 (초등학교 3~4학년 과정),"시계는 아침부터 똑딱똑딱
시계는 아침부터 똑딱똑딱
언제나 같은 소리 똑딱똑딱
부지런히 일해요
시계는 밤이 돼도 똑딱똑딱
시계는 밤이 돼도 똑딱똑딱
모두들 잠을 자도 똑딱똑딱
쉬지 않고 가지요
(반복) "
50,산토끼,"산토끼 토끼야 어디를 가느냐 
깡총 깡총 뛰면서 어디를 가느냐 
산고개 고개를 나혼자 넘어서 
토실토실 알밤을 주워서 올테야 "
51,비행기 (초등학교1~2학년 과정),"떴다 떴다 비행기 날아라 날아라
높이 높이 날아라 우리 비행기
(간주)
내가 만든 비행기 날아라 날아라
멀리멀리 날아라 우리 비행기 "
52,엄마돼지 아기돼지,"토실토실 아기돼지 
젖 달라고 꿀 꿀 꿀 
엄마돼지 오냐오냐 
알았다고 꿀 꿀 꿀 
꿀꿀 꿀꿀 꿀꿀 꿀꿀 
꿀꿀꿀꿀 꿀꿀꿀꿀 
꿀꿀꿀꿀꿀 
아기돼지 바깥으로 
나가자고 꿀 꿀 꿀 
엄마돼지 비가 와서 
안 된다고 꿀 꿀 꿀
(반복) "
53,새 나라의 어린이,"새 나라의 어린이는 일찍 일어납니다
잠꾸러기 없는 나라 우리나라 좋은 나라
새 나라의 어린이는 서로서로 돕습니다
욕심쟁이 없는 나라 우리나라 좋은 나라
(간주)
새 나라의 어린이는 거짓말을 안 합니다
서로 믿고 사는 나라 우리나라 좋은 나라 "
54,호키포키,"다 같이 오른손을 안에 넣고 오른손을 밖에 빼고 
오른손을 안에 넣고 힘껏 흔들어 
손들고 호키포키 하며 빙빙 돌면서 즐겁게 춤추자 

다 같이 왼손을 안에 넣고 
왼손을 밖에 빼고 왼손을 안에 넣고 힘껏 흔들어 
손들고 호키포키 하며 빙빙 돌면서 즐겁게 춤추자 

다 같이 오른발을 안에 넣고 
오른발을 밖에 빼고 오른발을 안에 넣고 힘껏 흔들어 
손들고 호키포키 하며 빙빙 돌면서 즐겁게 춤추자 

다 같이 왼발을 안에 넣고 
왼발을 밖에 빼고 왼발을 안에 넣고 힘껏 흔들어 
손들고 호키포키 하며 빙빙 돌면서 즐겁게 춤추자 
호~키포키 호~키포키 호~키포키 신나게 춤추자 "
55,옥수수 하모니카 (초등학교 3~4학년 과정),"우리 아기 불고 노는 하모니카는
옥수수를 가지고서 만들었어요
옥수수알 길게 두 줄 남겨가지고
우리 아기 하모니카 불고 있어요
도레미파 솔라시도 소리가 안나
도미솔도 도솔미도 말로 하지요
(반복) "
56,코스모스,"빨개졌대요 뿅 빨개졌대요 뿅 
길가에 코스모스 얼굴
빨개졌대요 뿅 빨개졌대요 뿅 
길가에 코스모스 얼굴
달님이 살짝 입 맞췄더니 
달님이 살짝 입 맞췄더니
빨개졌대요 뿅 빨개졌대요 뿅 
길가에 코스모스 얼굴
(반복) "
57,우리 유치원,"꽃밭에는 꽃들이 모여 살고요
우리들은 유치원에 모여 살아요
우리 유치원 우리 유치원
착하고 귀여운 아이들의 꽃동산
(간주)
미끄럼 그네뛰기 재미있고요
선생님의 풍금 맞춰 노래도 하죠
우리 유치원 우리 유치원
착하고 귀여운 아이들의 꽃동산 "
58,밀과 보리,"밀과 보리가 자라네! 
밀과 보리가 자라네!
밀과 보리가 자라는 것은 
누구든지 알지요
농부가 씨를 뿌려 
흙으로 덮은 후에
발로 밟고 손뼉 치고 
사방을 둘러 보네
(간주)
친구를 기다려 
친구를 기다려
한 사람만 나오세요 
나와 같이 춤추세
랄라랄라 랄라 
랄라랄라 랄라
랄라 랄라 랄라 랄라 
랄라 랄라 랄라 랄라 "
59,비누방울 (TV만화 '아기공룡 둘리' 삽입곡),"쏙쏙쏙 방울 빙글빙글 방울
여기저기 내방울 내방울
쏙쏙쏙 방울 빙글빙글 방울
여기저기 무지개

빨간 하늘 닮고 파란 하늘 닮고
동글동글 내방울 내방울
빨간 하늘 닮고 파란 하늘 닮고
동글동글 무지개

이리저리 구름따라 마음대로
두리둥실 두리둥실 춤추며
아롱다롱 꽃잔치에 바람 타고
두리둥실 두리둥실 춤추며 와

쏙쏙쏙 방울 빙글빙글 방울
여기저기 내방울 내방울
쏙쏙쏙 방울 빙글빙글 방울
여기저기 무지개

빨간 하늘 닮고 파란 하늘 닮고
동글동글 내방울 내방울
빨간 하늘 닮고 파란 하늘 닮고
동글동글 무지개

산 넘어 먼 나라까지
바다건너 먼나라까지
이리저리 춤을 춘다
(간주)
쏙쏙쏙 방울 빙글빙글 방울
여기저기 내방울 내방울
쏙쏙쏙 방울 빙글빙글 방울
여기저기 무지개

빨간 하늘 닮고 파란 하늘 닮고
동글동글 내방울 내방울
빨간 하늘 닮고 파란 하늘 닮고
동글동글 무지개

이리저리 구름따라 마음대로
두리둥실 두리둥실 춤추며
아롱다롱 꽃잔치에 바람 타고
두리둥실 두리둥실 춤추며 와

쏙쏙쏙 방울 빙글빙글 방울
여기저기 내방울 내방울
쏙쏙쏙 방울 빙글빙글 방울
여기저기 무지개

빨간 하늘 닮고 파란 하늘 닮고
동글동글 내방울 내방울
빨간 하늘 닮고 파란 하늘 닮고
동글동글 무지개 "
60,뾰로롱 꼬마 마녀 (TV만화 '뾰로롱 꼬마 마녀' 오프닝),"뾰로롱 꼬마 마녀 열두 살 난 마법 마법의 천사
무지갯빛 미소를 당신에게 살짝 뿌려 드리겠어요
신비로 가득 찬 행복의 가게로 오세요 (행복의 가게로 오세요) 
무엇을 갖고 싶으세요 (그건 스위트밍트지요)
이제 우리 친구 사이 고민이 있으면 숨기지 말아요
당신의 눈동자만 보면 난 알 수 있어요
뾰로롱 꼬마 마녀 즐겁게 살아요 마법의 나라에서
지금 막 따온 오로라를 당신에게로 보내드릴게요
신비로 가득 찬 행복의 가게로 오세요 (행복의 가게로 오세요) 
무엇을 갖고 싶으세요 (그건 스위트밍트지요)
이제 우리 친구 사이 고민이 있으면 숨기지 말아요
당신의 눈동자만 보면 난 알 수 있어요
뾰로롱 꼬마 마녀 즐겁게 살아요 마법의 나라에서
지금 막 따온 오로라를 당신에게로 보내드릴께요 "
61,뿡뿡이가 좋아요,"뿡뿡이가 좋아요 왜~ 그냥 그냥 그냥
짜잔 형이 좋아요 왜~ 그냥 그냥 그냥
뿡뿡 짠짠 뿡뿡 "
62,우리 아빤 슈퍼맨 (KBS '슈퍼맨이 돌아왔다' 삽입곡),"아빠와 꼬박 이틀 함께 보내는 건
생각처럼 쉽진 않지만
그래도 아빠와 함께 같이 노는 건
정말 내겐 재밌지
아빤 혹시 슈퍼맨일까
아빠 멋진 슈퍼맨이야
아빠와 꼬박 이틀 함께 보낸 것은
내겐 정말 행운이야
그래서 아빠는 내겐 정말 멋있어요
우리 아빤 슈퍼맨
(간주)
아빤 혹시 슈퍼맨일까
아빠 멋진 슈퍼맨이야
아빠와 꼬박 이틀 함께 보낸 것은
내겐 정말 행운이야
그래서 아빠는 내겐 정말 멋있어요
우리 아빤 슈퍼맨 "
63,말썽쟁이 짱구 (TV만화 '짱구는 못말려' 주제가),"하나 둘 셋 짱구야 놀자!
이 세상에 제일가는 말썽쟁이 짱구
천방지축 얼렁뚱땅 앞뒤 짱구
짱구와 함께라면 뭐든지 할 수 있어
심심하지 답답하지 장난 천재
저 하늘에 해님 달님 사랑으로 비취 주면
착한 짱구에 마음 알 수가 있을거야
친구들아 함께 가자
오늘은 무슨 장난을 꾸밀까
짱구는 못 말려
오늘은 무슨 장난을 말썽을 부릴까
짱구는 못 말려 "
64,치키치키차카차카 (TV만화 '날아라 슈퍼보드' 오프닝),"치키치키차카차카초코초코초
치키치키차카차카초코초코초
나쁜 짓을 하면은 
치키치키차카차카초코초코초
치키치키차카차카초코초코초
우리에게 들키지 
밤에도 낮에도 느낄 수 있는
눈과 귀가 있다네 우리의 손오공 
치키치키차카차카초코초코초
치키치키차카차카초코초코초
사랑하며 살면은 
치키치키차카차카초코초코초
치키치키차카차카초코초코초
평화는 올 꺼야
(반복)
평화는 올 꺼야 "
65,안녕 자두야 오프닝 (TV만화 '안녕 자두야' 오프닝),"새콤하게 자! 달콤하게 두! 
오늘부터 우리 친구 하자 안녕 
내 이름은 자두 명랑소녀 자두 
힘차게 달려 신나게 
어디든지 갈 수 있어 
오늘부터 우리 친구 하자 안녕 
내 이름은 자두 명랑소녀 자두 
마음껏 소리쳐 더 크게 
더 크게 외쳐봐 
랄랄랄라 새콤해~ 랄랄랄라 달콤해~ 
너와 함께라면 나는 너무 좋아 
마음 가득히 짜릿해 
새콤하게 자! 달콤하게 두! 
너와 나는 친구야 우린 최고의 친구야 
너와 함께해서 기분 최고야 미칠 듯이 
새콤하게 자! 달콤하게 두! 
너와 나는 친구야 우린 최고의 친구야 
너와 함께라면 어디든지 갈 수 있어 "
66,카드캡터 체리 (TV만화 '카드캡터 체리' 오프닝),"만날 수 없어 만나고 싶은데
그런 슬픈 기분인걸
말할 수 없어 말하고 싶은데
속마음만 들키는 걸
내 사랑에 마법의 열쇠가 있다면
그건 바로 온 세상이 아름다운 이유
Catch You, Catch You
Catch Me, Catch Me
이젠 숨바꼭질은 그만
우울한 건 모두 파란 하늘에 묻어버려
오늘도 너에게 달려가는 이 마음
나는 정말 정말 너를 좋아해
(간주)
눈을 감으면 누군가 내 곁을
스쳐가는 느낌인걸
눈을 떠보면 바람 같은
너의 향기만이 가득한 걸
내 순수한 마음을 느낄 수 있다면
어디서도 한눈에 널 알아볼 수 있어
Catch You, Catch You
Catch Me, Catch Me
이젠 숨바꼭질은 그만 그만
우울한 건 모두 파란 하늘에 묻어버려
오늘도 너에게 달려가는 이 마음
마는 정말 정말 너를 좋아해 "
67,함께 걸어가는 길 (TV만화 '포켓몬스터 BW' 엔딩송),"빠람 빠람 이 길을 걸어
저 하늘이 맞닿은 그곳까지
빠람 빠람 가보지 않은 그곳엔
또 다른 무엇이
우릴 기다리고 있을까
힘들 때는 크게 노랠 불러 봐
두려움도 설레임에 묻히지
우리 함께한 길 위엔 행복만이
예쁜 꽃으로 피어 함께 걷는 걸
빠람 빠람 이 길을 걸어
우리의 꿈이 있는 곳까지
빠람 빠람 따뜻한 모닥불처럼
서로를 감싸며
모두 함께 걸어가는 길 "
68,구름빵 (TV만화 '구름빵' 오프닝),"동글동글 동글 구름빵 
몽실몽실 몽실 구름빵
홍비 홍시 친구들 
하늘 높이 훨훨 날아요
엄마가 구름으로 
구워주신 구름빵
구름처럼 두둥실 
높이 높이 날아요
구름빵 구름빵 
신나는 구름빵 여행

동글동글 동글 구름빵 
몽실몽실 몽실 구름빵
홍비 홍시 친구들 
하늘 높이 훨훨 날아요
엄마 아빠 친구들 
할아버지 할머니
모두 함께 만드는 웃음 가득 이야기
구름빵 구름빵 신나는 구름빵 여행
구름빵 구름빵 신나는 구름빵 여행 "
69,꼬마 자동차 붕붕 (TV만화 '꼬마 자동차 붕붕' 오프닝),"붕붕붕 아주 작은 자동차 꼬마 자동차가 나왔다
붕붕붕 꽃향기를 맡으면 힘이 솟는 꼬마 자동차
엄마 찾아 모험 찾아 나서는 세계여행
우리도 함께 가지요
꼬마차가 나가신다 길을 비켜라
꼬마차가 나가신다 길을 비켜라
랄랄라라 랄랄라라
귀여운 꼬마차는 친구와 함께
어렵고 험한 길 헤쳐나간다
희망과 사랑을 심어주면서
아하 신나게 달린다
귀여운 꼬마 자동차 붕~붕~
(반복) "
70,개구리 왕눈이 (TV만화 '개구리 왕눈이' 오프닝),"개구리 소년 개구리 소년
네가 울면 무지개 연못에 비가 온단다
비바람 몰아쳐도 이겨내고
일곱 번 넘어져도 일어나라
울지 말고 일어나 피리를 불어라
삘릴리 개굴개굴 삘릴릴리
삘릴리 개굴개굴 삘릴릴리
무지개 연못에 웃음 꽃핀다
(반복) "
71,달려라 하니 (TV만화 '달려라 하니' 주제곡),"난 있잖아 엄마가 세상에서 제일 좋아 하늘땅만큼
엄마가 보고 싶음 달릴 거야 두 손 꼭 쥐고
달려라 달려라 달려라 하니 이 세상 끝까지 달려라 하니
난 있잖아 슬픈 모습 보이는 게 정말 싫어 약해지니까
외로워 눈물 나면 달릴 거야 바람처럼
달려라 달려라 달려라 하니 이 세상 끝까지 달려라 하니
난 있잖아 내 별명 악바리가 맘에 들어 그래야 이기지
모두 모두 제치고 달릴 거야 엄마품으로
달려라 달려라 달려라 하니 이 세상 끝까지 달려라 하니
달려라 달려라 달려라 하니 이 세상 끝까지 달려라 하니
달려라 달려라 달려라 하니 이 세상 끝까지 달려라 하니 "
72,장금이의 꿈 (TV만화 '장금이의 꿈' 주제곡),"눈부신 아침의 햇살이 상쾌한 바람을 타고
따뜻한 풀잎의 손길이 반가운 이슬을 타고
꿈꾸죠 모두가 행복한 꿈을
낯설지만 두렵진 않죠
언제나 아름다운 미소가 온 세상 가득하게
한 걸음 한 걸음 그렇게 시작할래요 
작은 내 두 손으로 서투를진 몰라
처음엔 다 그렇죠
하나씩 하나씩 그렇게 만들어가요
사랑을 키워가요
어두운 밤 지나 밝은 햇살이 날 비출 테니
(간주)
꿈꾸죠 행복이 가득한 꿈을
그렇게 웃을 수 있죠
언제나 아름다운 미소가 온 세상 가득하게
한 걸음 한 걸음 그렇게 시작할래요
작은 내 두 손으로 서투를진 몰라
처음엔 다 그렇죠
하나씩 하나씩 그렇게 만들어가요
사랑을 키워가요
어두운 밤 지나 밝은 햇살이 날 비출 테니 "
73,디지몬 어드벤처 오프닝,"찾아라 비밀의 열쇠 미로같이 얽힌 모험들
현실과 또 다른 세상 환상의 디지털 세상
펼쳐라 마음속 날개 이대로 멈출 순 없어
빛나는 희망을 싣고 어둠 뚫고 나가자
어쩌다 함정 속에 빠질지라도
위기의 파도 속에 갇힐지라도
생각한 대로 이루고 싶어
우리가 가는 그곳 어디든
디지몬 친구들(Let's go, Let's go)
세상을 구하자(Let's go, Let's go)
승리는 언제나 우리의 것 (Let's go, go, go)
디지몬 친구들(Let's go, Let's go)
세상을 구하자(Let's go, Let's go)
승리는 언제나 우리의 것 (Let's go, go, go)
(반복) "
74,태극천자문 (TV만화 '태극천자문' 오프닝),"깜깜한 하늘에 한 빛이 비쳐
거친 대지에 생명이 태어나네
우주는 그 끝을 알 수가 없고
시간은 영원히 흘러만 가네
삼라만상 세상의 이치가
천자문에 담겨져 있어
지수화풍 천지인, 태극천자문
지고 뜨고 지고 뜨는 해달처럼
지고 피고 지고 피는 꽃들처럼
위어조자 언재호야 파파파
난 절대 지지 않아 이기고 말거야
태극천자문 "
75,세쌍둥이송 (KBS '슈퍼맨이 돌아왔다' 삽입곡),"하나도 둘도 아닌 우린 셋이라네 하나도 둘도 아닌 우린 셋이라네 
하나도 둘도 아닌 하나도 둘도 아닌 하나도 둘도 아닌 셋씩이나 워 ~
어쩌면 이건 정말 놀라운 일 하나도 둘도 아닌 셋씩이나 
아무리 아무리 생각해봐도 역시나 이건 정말 기적이군 
엄마도 아빠도 아마 깜짝 놀랐을 거야 이런 기적 같은 일이 한 번에 셋씩이나 
그래서 어쩌면 대한민국 만세라고요 너무나 기뻐서 그렇게 외쳤겠지 예 ~ 
하나도 둘도 아닌 우린 셋이라네 하나도 둘도 아닌 우린 셋이라네 
하나도 둘도 아닌 하나도 둘도 아닌 하나도 둘도 아닌 셋씩이나 워 ~ "
76,빛으로 세상을 (CF '한국전력'),"빛이 있어 세상은 밝고 따뜻해 
우리들 마음에도 빛이 가득해 
빛은 사랑 빛은 행복 
아름답고 행복한 세상 
만들어가요 만들어가요 "
77,뭉게구름,"이 땅이 끝나는 곳에서 뭉게구름이 되어 
저 푸른 하늘 벗 삼아 훨훨 날아다니리라 
이 하늘 끝까지 가는 날 맑은 빗물이 되어 
가만히 이 땅에 내리면 어디라도 외로울까
이 땅에 끝에서 모두 다시 만나면 
우리는 또다시 둥글게 뭉게구름 되리라 
(반복) "
78,아름다운 세상 (초등학교 5~6학년 과정),"문득 외롭다 느낄 땐 하늘을 봐요 
같은 태양 아래 있어요 우린 하나예요 
마주치는 눈빛으로 만들어가요 
나지막이 함께 불러요 사랑의 노래를 
작은 가슴 가슴 마다 고운사랑 모아 
우리 함께 만들어가요 아름다운 세상 
(간주)
혼자선 이룰 수 없죠 세상 무엇도 
마주 잡은 두 손으로 사랑을 키워요 
함께 있기에 아름다운 안개꽃처럼 
서로를 곱게 감싸줘요 모두 여기 모여 
작은 가슴 가슴 마다 고운사랑 모아 
우리 함께 만들어가요 아름다운 세상 
(간주)
작은 가슴 가슴 마다 고운사랑 모아 
우리 함께 만들어가요 아름다운 세상 
작은 가슴 가슴 마다 고운사랑 모아 
우리 함께 만들어가요 아름다운 세상
라라 라라 라라 라라 라라 라라라라~
작은 가슴 가슴 마다 고운사랑 모아 
우리 함께 만들어가요 아름다운 세상 
작은 가슴 가슴 마다 고운사랑 모아 
우리 함께 만들어가요 아름다운 세상
라라 라라 라라 라라 라라 라라라라~ "
79,예쁜 맘 예쁜 꿈,"마음이 예쁘면 꿈도 예쁘죠 
예쁜 꿈 꾸면 나비같이 날아 
마음이 고우면 고운 꿈 꾸죠 
고운 꿈 꾸면 구름처럼 날아 
흰 나비 무꽃에 어울리다가 
흰 구름 따라서 날아가네요 
(반복)
마음이 예쁘면 꿈도 예쁘죠 
예쁜 꿈 꾸면 나비같이 날아 
마음이 예쁘면 꿈도 예쁘죠 
예쁜 꿈 꾸면 나비같이 날아 "
80,도토리의 꿈 (제10회 KBS부산 창작동요대회),"아름다운 숲속에 작고 예쁜 도토리 
풀잎에 가려서 보이지 않지만 
바람에 실려 오는 산새 노래에 
멋진 참나무 되는 꿈을 꾼다네
저 하늘 날다가 쉬고 싶을 때면 
커다란 가지도 내어 주고 
시원한 나뭇잎 그늘 만들어 
마음껏 노래하게 해 
도토리의 작은 꿈 아름다워서 
내 마음까지 행복해져
(반복) "
81,궁금이 (제19회 MBC 창작동요제),"창문 앞에 미루나무는 왜 키가 길쭉 큰 걸까
눈이 부신 여름 해님은 왜 잠이 없는 것일까
새벽 달님 쳐다 보면은 왜 슬퍼지는 걸까
푸른 바다 바라보면은 왜 가슴이 넓어질까
이 세상은 온통 모르는 것 투성이
이 세상은 온통 알고픈 것 투성이
이 세상은 온통 궁금한 것 투성이
그래서 내 별명은 궁금이
창문 앞에 미루나무는 왜 키가 길쭉 큰 걸까
눈이 부신 여름 해님은 왜 잠이 없는 것일까
(간주)
어딘가가 아플 때에는 왜 엄마 생각날까
우리 아빠 나를 부를 때 왜 내 강아지 내 강아지 하실까
이 세상은 온통 모르는 것 투성이
이 세상은 온통 알고픈 것 투성이
이 세상은 온통 궁금한 것 투성이
그래서 내 별명은 그래서 내 별명은 궁금이 "
82,아기 고양이 (제25회 MBC 창작동요제),"꼬리를 살랑 엉덩이 실룩 폴짝쿵 폴짝쿵 아기고양이
앞발은 선반에 뒷발은 식탁에 귀엽게 폴짝쿵
살금살금 눈치 쫙 주인 몰래 치즈 한 개
야금 쏙 콜까닥 맛있다 냠냠 배가 불러 폴짝쿵 
입가에 치즈 노랑게 치즈 당당한 발걸음 아기고양이 
또 하나 먹을까 달려가다 주인에게 들킬 뻔했네
(간주)
꼬리를 살랑 엉덩이 실룩 폴짝쿵 폴짝쿵 아기고양이
앞발은 선반에 뒷발은 식탁에 귀엽게 폴짝쿵
살금 살금 눈치 쫙 주인 몰래 치즈 한개
야금 쏙 콜까닥 맛있다 냠냠 배가 불러 폴짝쿵
입가에 치즈 노랑게 치즈 당당한 발걸음 아기고양이 
하나만 더 먹자 달려가다 주인에게 들켰네 "
83,아빠 붕붕카,"아빠 붕붕카 멋있고 빨라 내 붕붕카 작고 귀여워 
나도 빨리 어른 되어서 아빠처럼 운전할래요 
오늘도 아빠는 붕붕카 타고 회사에 가지요 
안녕히 다녀오세요 손을 흔들어요 빠이빠이~ 빠이빠이~ 
아빠 붕붕카가 멀어질수록 점점 작게 보여요
저녁이 되면 아빠는 붕붕카 타고 다시 돌아오겠죠
(반복) "
84,가을바람 (초등학교 3~4학년 과정),"살랑살랑 살랑 살랑살랑 살랑 
가을바람 살랑 불어옵니다 
뱅글뱅글뱅글 단풍잎 뱅글뱅글뱅글 은행잎 
살랑살랑 살랑 살랑살랑 살랑 
가을바람 살랑 불어옵니다 "
85,즐거운 여름,"여름 여름 여름 즐거운 여름
시원한 냇가에서 고기잡이 합시다 랄랄라
미꾸라지 뱀장어 송사리떼 올챙이
아차 하면 달아납니다 아차 하면 달아납니다
(반복) "
86,겨울 물오리,"얼음 어는 강물이 춥지도 않니
동동동 떠다니는 물오리들아
얼음장 위에서도 맨발로 노는
아장아장 물오리 귀여운 새야
나도 이젠 찬바람 무섭지 않다
오리들아 이 강에서 같이 살자
(반복) "
87,어른들은 몰라요,"우리가 무엇을 좋아하는지 어른들은 몰라요
우리가 무엇을 갖고 싶어 하는지 어른들은 몰라요
장난감을 사주면 그만인가요
예쁜 옷만 입혀주면 그만인가요
어른들은 몰라요 아무것도 몰라요
마음이 아파서 그러는건데
어른들은 몰라요 아무것도 몰라요
알약이나 물약이 소용있나요
언제나 혼자이고 외로운 우리들을
따뜻하게 감싸주세요 사랑을 주세요
(간주)
장난감을 사주면 그만인가요 
예쁜 옷만 입혀주면 그만인가요
어른들은 몰라요 아무것도 몰라요
마음이 아파서 그러는건데
어른들은 몰라요 아무것도 몰라요
알약이나 물약이 소용있나요
언제나 혼자이고 외로운 우리들을
따뜻하게 감싸주세요 사랑을 주세요 "
88,어리둥절 코끼리 나라,"어리둥절 코끼리 나라 백화점에 놀러 갔더니
어머 어머 어머 어머 코걸이 인기가 제일 좋아요
(간주)
어리둥절 개구리 나라 백화점이 놀러 갔더니
어머 어머 어머 어머 물안경이 인기가 제일 좋아요
(간주)
어리둥절 코끼리 나라 백화점에 놀러 갔더니
어머 어머 어머 어머 허리띠 인기가 제일 좋아요 "
89,당근쏭,"아~아~아~ 당근쏭 나 보고 싶니(당근) 
좋아하니(당근) I Love You Love Me(당근 당근 당근)
나 좋아하니(당근) 나 사랑하니(당근) 
I Love You Love Me(당근 당근 당근) 
너 변하지 마(당근) 언제까지나(당근) 
좋아해 좋아해(당근 당근 당근) 
행복해요(당근) 즐거워요(당근) 
사랑해 사랑해 당근~쏭 
때로는 짜증 나고 때로는 힘들어도 
너의 곁엔 언제나 웃고 있는 날 생각해 
때로는 슬퍼지고 때로는 외로워도 
너의 곁엔 언제나 함께하는 나를 생각해 
아~ 아~ 아~ 당근쏭 "
90,아빠는 엄마를 좋아해,"귀여운 새들이 노래하고 
집 앞뜰 나뭇잎 춤추고 
해님이 방긋이 고개 들면 
우리 집 웃음꽃 피워요 
아빠 엄마 좋아 
엄마 아빠 좋아 
아빠 엄마 좋아 
엄마 아빠 좋아 

아빠가 퇴근을 하실 때면 
양손에 선물을 가득히 
우리 집 꼬마들 기뻐하네
엄마도 즐겁게 웃어요 
아빠 엄마 좋아 
엄마 아빠 좋아 
아빠 엄마 좋아 
엄마 아빠 좋아

그러나 휴일에 단둘이만
아무도 모르게 살짝꿍
우리 집 꼬마들 화가 났네
아빠는 엄마만 좋아해
아빠 엄마 좋아 
엄마 아빠 좋아 
아빠 엄마 좋아 
엄마 아빠 좋아
랄라 랄랄랄라 
랄라 랄랄랄라~
랄라 랄랄랄라 
랄라 랄랄랄라~ "
91,마귀할멈과 유리공주,"도깨비와 마귀할멈 유리성을 찾아와
유리공주 마술 걸어 몰래 데려갔데요
그때에 멋진 왕자님 말을 타고 달려와
도깨비와 마귀할멈 용감하게 이기고
공주님과 결혼해서 행복하게 살았대
(반복) "
92,검은 고양이 네로,"그대는 귀여운 나의 검은 고양이
새빨간 리본이 멋지게 어울려
그러다 어쩌다 토라져 버리면
얄밉게 할퀴어서 마음 상해요
검은 고양이 네로 네로 네로
귀여운 나의 친구는 검은 고양이
검은 고양이 네로 네로 네로
이랬다저랬다 장난꾸러기
랄랄랄랄랄 랄랄라

멋쟁이 그대가 사뿐히 걸어가면
무서운 고양이 뒤따라와요
달콤한 꼬임에 속아서 만나면
후회를 한다 해도 나는 몰라요
검은 고양이 네로 네로 네로
귀여운 나의 친구는 검은고양이
검은 고양이 네로 네로 네로
이랬다저랬다 장난꾸러기
랄랄랄랄랄 랄랄라

밤이면 온 세상 캄캄하게 되어도 
그대의 눈동자는 반짝이는 별 
외롭고 고요한 어둠 속에도 
그대만 있어 주면 마음 든든해 
검은 고양이 네로 네로 네로
귀여운 나의 친구는 검은 고양이
검은 고양이 네로 네로 네로
이랬다저랬다 장난꾸러기
랄랄랄랄랄 랄랄라

외롭고 고요한 어둠속에도 
그대만 있어 주면 마음 든든해 
검은 고양이 네로 네로 네로
귀여운 나의 친구는 검은 고양이
그러나 너무너무 장난만 친다면
고등어 통조림을 주지 않겠어요
랄랄랄랄랄 랄랄라 야~ 옹 "
93,여름 냇가 (시냇물은 졸졸졸졸),"시냇물은 졸졸졸졸 
고기들은 왔다 갔다 
버들가지 한들한들 
꾀꼬리는 꾀꼴꾀꼴 
황금 옷을 곱게 입고 
여름 아씨 마중 왔다 
노랑 치마 단장하고
시냇가에 빨래 왔다 "
94,암탉을 잡으려다 (귀여운 꼬마),"귀여운 꼬마가 닭장에 가서 
암탉을 잡으려다 놓쳤다네 
닭장 밖에 있던 배고픈 여우 
옳거니 하면서 물고 갔다네 
꼬꼬댁 암탉 소리를 쳤네 
꼬꼬댁 암탉 소리를 쳤네 
귀여운 꼬마가 그 꼴을 보고 
웃을까 울을까 망설였다네 
(간주)
귀여운 꼬마가 돼지우리에 가서 
돼지를 잡으려다 놓쳤다네 
울 밖에 있던 배고픈 늑대 
옳거니 하면서 물고 같다네 
꿀꿀꿀 돼지 소리를 쳤네 
꿀꿀꿀 돼지 소리를 쳤네 
귀여운 꼬마가 그 꼴을 보고 
웃을까 울을까 망설였다네 "
95,어린 송아지,"어린 송아지가 큰 솥 위에 앉아
울고 있어요
엄마 엄마 엉덩이가 뜨거워
(간주)
어린 송아지가 얼음 위에 앉아
울고 있어요
아빠 아빠 엉덩이가 차가워 "
96,뚱보 아저씨,"뚱보 아저씨 집에는
일곱 명의 아들이 있었는데요
그중에 하나 키가 크고요
나머지는 작대요
오른손 올려요 왼손 올려요
뚱보 아저씨 집에는
일곱 명의 아들이 있었는데요
그중에 하나 키가 크고요
나머지는 작대요
고개를 흔들어요 엉덩이를 흔들어요
뚱보 아저씨 집에는
일곱 명의 아들이 있었는데요
그중에 하나 키가 크고요
나머지는 작대요 "
97,귀요미송,"귀귀귀 귀요미 귀귀귀 귀요미
초코 머핀 한 조각 시켜놓고
고소한 우유한잔을 기다려요
오빠하고 나하고 꼭 마주 앉아서
서로 손바닥 위에 예쁜 낙서를 하죠
한눈 팔지마 누가 뭐래도 내꺼 (내꺼)
다른 여자랑 말도 섞지마 난 니꺼 (난 니꺼)
새끼 손가락 걸고 꼭 약속해줘요
절대 나 혼자 내버려 두지 않기로
1더하기1은 귀요미
2더하기2는 귀요미
3더하기3은 귀요미
귀귀 귀요미 귀귀 귀요미
4더하기4도 귀요미
5더하기5도 귀요미
6더하기6은 쪽쪽쪽쪽쪽쪽 귀요미 난 귀요미
한눈 팔지마 누가 뭐래도 내꺼 (내꺼)
다른 여자랑 말도 섞지마 난 니꺼 (난 니꺼)
새끼 손가락 걸고 꼭 약속해줘요
절대 나 혼자 내버려 두지 않기로
하나 둘 셋 눈 감고 내게 다가와
두 손으로 내 볼을 만지며 뽀뽀하려는
그 입술 막고서
1더하기1은 귀요미
2더하기2는 귀요미
3더하기3은 귀요미
귀귀 귀요미 귀귀 귀요미
4더하기4도 귀요미
5더하기5도 귀요미
6더하기6은 쪽쪽쪽쪽쪽쪽 귀요미 난 귀요미
한눈 팔지마 누가 뭐래도 내꺼 (내꺼)
다른 여자랑 말도 섞지마 난 니꺼 (난 니꺼)
새끼 손가락 걸고 꼭 약속해줘요
절대 나 혼자 내버려 두지 않기로
절대 나 혼자 내버려 두지 않기로 "
98,밥상,"우리 아버지의 아버지 때부터 
우리 어머니의 어머니 때부터 
밥상에 오르내리며 
나를 키워준 것들 
아주 어릴 땐 잘 몰랐지만 
이제는 알 것 같아 
어머니의 손맛이 배인 
그 소중한 밥상을 
쌀밥 보리밥 조밥 
콩밥 팥밥 오곡밥 
된장국 배춧국 호박국 
뭇국 시금칫국 시래깃국 
배추김치 총각김치 열무김치 
갓김치 동치미 깍두기 
가지나물 호박나물 콩나물 
고춧잎 무말랭이 장아찌 "
99,잉잉잉,"고추밭에 고추는 뾰족한 고추 
빨간 고추 초록 고추 모두 뾰족해 
댕글댕글 사과가 놀러 왔다가 
아야아야 따가워서 잉잉잉
(간주)
오이밭에 오이는 날씬한 오이
이리 봐도 저리 봐도 날씬한데
둥글둥글 호박이 놀러 왔다가
나는 언제 예뻐지나 잉잉잉 "
100,둘이서 코 잡고,"둘이서 둘이서 코 잡고
맹맹이 맹맹이 맹맹이 
둘이서 둘이서 귀 잡고
돌돌이 돌돌이 돌돌이

둘이서 둘이서 손 잡고
동동이 동동이 동동이
둘이서 둘이서 팔 끼고
빙빙이 빙빙이 빙빙이 "
101,깡깡총 체조 (KBS 'TV유치원 하나둘셋' 율동체조),"손을 높이 손을 높이 쭉쭉쭉 쭉쭉 뻗어봐요
발을 쿵쿵 발을 쿵쿵 쿵쿵쿵 쿵쿵 굴려봐요
엉덩이를 씰룩 씰룩쌜룩 이쪽저쪽 씰룩쌜룩
빙글뱅글 빙글뱅글 깡깡총 깡총 깡총 깡깡총
(반복) "
102,둥글게 둥글게,"둥글게 둥글게 둥글게 둥글게
빙글빙글 돌아가며 춤을 춥시다
손뼉을 치면서 노래를 부르며
랄랄랄라 즐겁게 춤추자
링가링가 링~가 링가링가링
링가링가 링~가 링가링가링
손에 손을 잡고 모두 다 함께
즐겁게 뛰어봅시다
둥글게 둥글게 둥글게 둥글게
빙글빙글 돌아가며 춤을 춥시다
손뼉을 치면서 노래를 부르며
랄랄랄라 즐겁게 춤추자
(반복) "
103,얼음과자,"어 어 어름과자 맛이 있다고
한개 두개 먹으면 이가 시려요
어 어 얼음과자 맛이 있다고
세 개 네 개 먹으면 배가 아파요
배가 배가 아파서 병원에 가면
우리 엄마 얼굴에 주름이 가요
(반복) "
104,거미 (거미가 줄을 타고 올라갑니다),"거미가 줄을 타고 올라갑니다
거미가 줄을 타고 올라갑니다
비가 오면 부서집니다
해님이 다시 솟아오르면
거미가 줄을 타고 내려옵니다
거미가 줄을 타고 내려옵니다
(반복) "
105,도토리,"때굴때굴 때굴때굴 도토리가 어디서 왔나
단풍잎 곱게 물든 산골짝에서 왔지
때굴때굴 때굴때굴 도토리가 어디서 왔나
깊은 산골 종소리 듣고 있다가 왔지
(간주)
때굴때굴 때굴때굴 도토리가 어디서 왔나
다람쥐 한눈팔 때 졸고 있다가 왔지 "
106,나처럼 해봐요,"나처럼 해봐요 이렇게
나처럼 해봐요 이렇게
나처럼 해봐요 이렇게
아이참 재미있네
(반복) "
107,열(10)의 노래,"1은 랄랄라 하나이고요
2는 랄랄라 둘이고요
3은 랄랄라 셋이고요
4는 랄랄라 넷이고요
5는 랄랄라 다섯이고요
6은 랄랄라 여섯이고요
7은 일곱
8은 여덟
9는 아홉
10은 열
1 2 3 4 5 6 7 8 9 10
하나둘 셋 넷 다섯 여섯 일고여덟 아홉 열
(반복) "
108,도깨비 빤스,"도깨비 빤쓰는 튼튼해요
질기고요 튼튼해요
호랑이 가죽으로 만들었어요
2000년 입어도 까딱 없어요
(간주)
도깨비 빤스는 더러워요
냄새나요 더러워요
호랑이 가죽으로 만들었어요
2000년 동안 안 빨았어요 "
109,우산,"이슬비 내리는 이른 아침에
우산 셋이 나란히 걸어갑니다
파란 우산 검정 우산 찢어진 우산
좁다란 학교 길에 우산 세 개가
이마를 마주 대고 걸어갑니다
(반복) "
110,미소,"성난 얼굴 찡그린 얼굴
싫어요 싫어요 싫어요
웃는 얼굴 밝은 얼굴
좋아요 좋아요 좋아요 정말 좋아요
언제나 어디서나 미소를 지워보세요
언제나 어디서나 미소를 지워보세요
(반복) "
111,구슬비,"송알송알 싸리잎에 은구슬
조롱조롱 거미줄에 옥구슬
대롱대롱 풀잎마다 총총
방긋 웃는 꽃잎마다 송송송
(간주)
고이고이 오색실에 꿰어서
달빛 새는 창문가에 두라고
포슬포슬 구슬비는 종일
예쁜 구슬 맺히면서 솔솔솔 "
112,꼭꼭 약속해 (초등학교1~2학년 과정),"너하고 나는 친구 되어서 
사이좋게 지내자 
새끼손가락 고리 걸고 
꼭꼭 약속해 
싸움하면은 친구 아니야 
사랑하고 지내자 
새끼손가락 고리 걸고 
꼭꼭 약속해 
맛있는 것은 나눠 먹으며 
서로 돕고 지내자 
새끼손가락 고리 걸고 
꼭꼭 약속해 "
113,둘리,"요리보고 저리 봐도 음~ 알 수 없는 둘리 둘리
빙하 타고 내려와 음~ 친구를 만났지만
1억 년 전 옛날이 너무나 그리워
보고픈 엄마 찾아 모두 함께 나가자 아~ 아~
외로운 둘리는 귀여운 아기공룡 
호잇 호잇 둘리는 초능력 내 친구
외로운 둘리는 귀여운 아기공룡 
호잇 호잇 둘리는 초능력 재주꾼
(간주)
기쁠 때도 슬플 때도 음~ 우리 곁에 둘리 둘리
오랜 세월 흘러온 음~ 둘리와 친구 되어
고향은 다르지만 모두가 한마음
아득한 엄마 나라 우리 함께 떠나자 아~ 아~
외로운 둘리는 귀여운 아기공룡 
호잇 호잇 둘리는 초능력 내 친구
외로운 둘리는 귀여운 아기공룡 
호잇 호잇 둘리는 초능력 재주꾼 "
114,방울새 (초등학교 3~4학년 과정),"방울새야 방울새야 쪼로롱 방울새야
간밤에 고방울 어디서 사왔니
쪼로롱 고방울 어디서 사왔니
(간주)
방울새야 방울새야 쪼로롱 방울새야
너~ 갈째 고방울 나주고 가렴
쪼로롱 고방울 나주고 가렴 "
115,사과 같은 내 얼굴,"사과 같은 내 얼굴
예쁘기도 하구나
눈도 반짝 코도 반짝 
입도 반짝반짝
오이 같은 내 얼굴
길기도 하구나
눈도 길쭉 귀도 길쭉
코도 길쭉 길쭉
(간주)
호박 같은 내 얼굴
우습기도 하구나
눈도 둥글 귀도 둥글
입도 둥글 둥글 "
116,방울꽃,"아무도 오지 않는 깊은 산속에
쪼로롱 방울꽃이 혼자 폈어요
산새들 몰래몰래 꺾어 갈래도
쪼로롱 소리 날까 그냥 둡니다
산바람 지나가다 건드리면은
쪼로롱 방울 소리 쏟아지겠다
산노루 울음소리 메아리치면
쪼로롱 방울 소리 쏟아지겠다 "
117,맴맴,"아버지는 나귀 타고 장에 가시고
할머니는 건넛마을 아저씨 댁에
고추 먹고 맴~맴 달래 먹고 맴~맴
(간주)
할머니가 돌 떡 받아 머리에 이고
꼬불꼬불 산골길로 오실 때까지
고추 먹고 맴~맴 달래 먹고 맴~맴
아버지가 옷감 떠서 나귀에 싣고
딸랑딸랑 고개 넘어오실 때까지
고추 먹고 맴~맴 달래 먹고 맴~맴 "
118,퐁당퐁당,"퐁당퐁당 돌을 던지자
누나 몰래 돌을 던지자
냇물아 퍼져라 멀리멀리 퍼져라
건너편에 앉아서 나물을 씻는
우리 누나 손등을 간지러 주어라
(반복)
퐁당퐁당 돌을 던지자
누나 몰래 돌을 던지자
냇물아 퍼져라 퍼질때로 퍼저라
고운노래 한마디 들려달라고
우리 누나 손등을 간지러 주어라 "
119,에델바이스(Edelweiss),"에델바이스 에델바이스
아침 이슬에 젖어
귀여운 미소는 
나를 반기어주네
눈처럼 빛나는 순결은 
우리들의 자랑
에델바이스 에델바이스
마음속에 꽃이여
(반복) "
120,과수원 길 (초등학교 5~6학년 과정),"동구 밖 과수원 길
아카시아 꽃이 활짝 폈네
하얀 꽃 이파리
눈송이처럼 날리네
향긋한 꽃냄새가
실바람 타고 솔솔
둘이서 말이 없네
얼굴 마주 보며 생긋
아카시아 꽃 하얗게 핀
먼 옛날의 과수원 길
(반복)
과수원 길 "
121,클레멘타인(Clementine),"넓고 넓은 바닷가에 
오막살이 집 한 채
고기 잡는 아버지와 
철모르는 딸 있네
내 사랑아 내 사랑아 
나의 사랑 클레멘타인
늙은 아비 혼자 두고 
영영 어딜 갔느냐
(반복) "
122,봄비 (제11회 MBC 창작동요제),"소록소록 봄비가 내리는 들에 
방글방글 새싹들이 얼굴 내밀고 
온 세상의 어린이 예뻐지라고 
봄바람이 사르르르 뿌리고 가요 
진달래 수줍어 얼굴 붉히고 
개나리꽃 노랗게 활짝 웃으면 
종달새, 벌, 나비 모두 일어나 
노래하며 춤을 추네 
소록소록 봄비가 내려온 뒤에 
선녀들이 무지개를 타고 내려와 
온 세상의 어린이 밝아지라고 
일곱 빛깔 웃음꽃을 뿌리고 가요
(반복) "
123,여름,"바구니 끼고서 도라지 캐러 간 
누나는 웬일로 안 오실까요
라라라 라라라 라라라 라라
바둑이 데리고 찾아갈까
(간주)
은하수 별들이 물결을 치는데
마을 간 언니는 왜 안 올까요
라라라 라라라 라라라 라라
큰언니 손 잡고 찾아갈까 "
124,숲 속의 아침,"짹짹 참새 물 가에 와서 세수하고 세수하고
삐약삐약 병아리 물가에 와서 물먹고 물먹고
귀여운 다람쥐 몰래와 오물오물 밤 먹고
뒤뚱뒤뚱 물오리 모두 모여 소풍 간대요
토닥토닥토닥토닥 콩콩콩 첨벙첨벙첨벙첨벙 쭉
(간주)
뚱뚱한 곰들이 물가에 와서 춤추고 춤추고
멋쟁이 말들이 물가에 와서 물 먹고 물 먹고
귀여운 산토끼 뛰어와 깡충깡충 인사하고
하얀 나비 노랑나비 모두 모여 소풍 간대요
뒹굴뒹굴뒹굴뒹굴 콩콩콩 하나 둘 셋 넷 쭉 "
125,통통통통,"통통통통 털보 영감님 통통통통 혹부리 영감님
통통통통 코주부 영감님 통통통통 안경 영감님
통통통통 손을 위로 팔랑팔랑 팔랑팔랑 손을 무릎에
(간주)
도도도도 무릎입니다 레레레레 배꼽입니다
미미미미 가슴입니다 파파파파 어깨랍니다
솔솔솔솔 머리랍니다 팔랑팔랑 팔랑팔랑 손을 무릎에 "
126,열 꼬마 인디언,"한 꼬마 두 꼬마 세 꼬마 인디언
네 꼬마 다섯 꼬마 여섯 꼬마 인디언
일곱 꼬마 여덟 꼬마 아홉 꼬마 인디언
열 꼬마 인디언 
(간주)
열 꼬마 아홉 꼬마 여덟 꼬마 인디언
일곱 꼬마 여섯 꼬마 다섯 꼬마 인디언
네 꼬마 세 꼬마 두 꼬마 인디언
한 꼬마 인디언 보이 "
127,꽃밭에서,"아빠하고 나하고 만든 꽃밭에
채송화도 봉숭아도 한창입니다
아빠가 매어놓은 새끼줄 따라
나팔꽃도 어울리게 피었습니다
(간주)
애들하고 재미있게 뛰어놀다가
아빠 생각나서 꽃을 봅니다
아빠는 꽃보며 살자 그랬죠
날 보고 꽃같이 살자 그랬죠 "
128,달맞이,"아가야 나오너라 달맞이 가자
앵두 따다 실에 꿰어 목에다 걸고
검둥개야 너도 가자 냇가로 가자

비단 물결 남실남실 어깨 춤추고
머리 감은 수양버들 거문고 타면
달밤에 소금쟁이 맴을 돈단다
(간주)
아가야 나오너라 냇가로 가자
달밤에 딸각딸각 나막신 신고
도랑물 쫄랑쫄랑 달맞이 가자 "
129,바람새 (제11회 MBC 창작동요제),"다가올까 사라질까 보이지는 않아도
나는 바람새를 알아요
저 파란 풀밭 위에 나래깃을 부비며
다가오는 바람새를
동동 동동동동 비눗방울을 
하늘에 날려 보내면
어느샌가 다가와서 방울방울 쪼아 먹어요
(간주)
다가올까 사라질까 보이지는 않아도
나는 바람새를 알아요
저 파란 풀밭 위에 나래깃을 부비며
다가오는 바람새를
동동 동동동동 빨간 풍선을 
하늘에 날려 보내면
어느샌가 다가와서 두리둥실 갖고 놀아요 "
130,그림 그리고 싶은 날 (제2회 KBS 창작동요대회),"하얀 종이 위에다 아빠 얼굴 그려 보고
하얀 종이 위에다 엄마 얼굴 그려 보네
나를 위해 고생하신 부모님의 깊은 사랑
그림 그리고 싶은 날 제일 먼저 그려 봅니다
그림 그리고 싶은 날 제일 먼저 그려 봅니다
(간주)
하얀 종이 위에다 학교 교정 그려 보고
하얀 종이 위에다 선생님을 얼굴 그려 보네
나를 위해 수고하신 선생님의 고마움을
그림 그리고 싶은 날 제일 먼저 그려 봅니다
그림 그리고 싶은 날 제일 먼저 그려 봅니다 "
131,섬 집 아기 (초등학교 3~4학년 과정),"엄마가 섬 그늘에 굴 따러 가면
아기가 혼자 남아 집을 보다가
바다가 들려주는 자장노래에
팔 베고 스르르르 잠이 듭니다
(간주)
아기는 잠을 곤히 자고 있지만
갈매기 울음소리 맘이 설레어
다 못 찬 굴 바구니 머리에 이고
엄마는 모랫길을 달려옵니다 "
132,나뭇잎배 (초등학교 5~6학년 과정),"낮에 놀다 두고 온 나뭇잎배는 
엄마 곁에 누워도 생각이 나요 
푸른 달과 흰 구름 둥실 떠가는 
연못에서 사알살 떠다니겠지
(간주)
연못에다 띄워 논 나뭇잎배는 
엄마 곁에 누워도 생각이 나요 
살랑살랑 바람에 소곤거리는 
갈잎 새를 혼자서 떠다니겠지 "
133,스승의 은혜,"스승의 은혜는 하늘 같아서
우러러 볼수록 높아만 지네
참되거라 바르거라 가르쳐주신
스승은 마음의 어버이시다
아 아 고마워라 스승의 사랑
아 아 보답하리 스승의 은혜

태산같이 무거운 스승의 사랑
떠나면은 잊기 쉬운 스승의 은혜
어디간들 언제인들 잊사오리까
마음을 길러주신 스승의 은혜
아 아 고마워라 스승의 사랑
아 아 보답하리 스승의 은혜
(간주)
바다보다 더 깊은 스승의 사랑
갚을 길은 오직 하나 살아생전에
가르치신 그 교훈 마음에 새겨
나라 위해 겨레 위해 일하오리다
아 아 고마워라 스승의 사랑
아 아 보답하리 스승의 은혜 "
134,여름 냇가 (제18회 MBC 창작동요제),"파란 물속에서 보는 하늘은 요술 도화지
솜털 구름 울퉁불퉁 기차 바퀴되어 굴러가네요
물고기와 함께 놀다 냇가 그늘에 누워보는 여름
엄마가 부르는 소리에 숨어 따뜻한 돌에 귀를 대면은
욜랑욜랑 바람이 찾아와 겨드랑이를 간질어피고
누나가 다니는 학교 풍금 소리에 스르르 낮잠이 듭니다 
(반복) "
135,나무를 심자,"산하고 하늘하고 누가누가 더 푸른가
산하고 하늘하고 누가누가 더 푸른가
내기해봐라 내기해봐라 
나무를 심어줄게 나무를 심어줄게
산아 산아 이겨라 좀 더 파레라
요룰레이 요룰레이 요룰레이 요룰레이
요룰레이 요룰레이 요룰레이 요룰레이
(간주)
들하고 바다하고 누가누가 더 푸른가
들하고 바다하고 누가누가 더 푸른가
내기해봐라 내기해봐라
나무를 심어줄게 나무를 심어줄게
산아 산아 이겨라 좀 더 파레라
요룰레이 요룰레이 요룰레이 요룰레이
요룰레이 요룰레이 요룰레이 요룰레이 "
136,종이접기 (제4회 MBC 창작동요제),"색종이를 곱게 접어서 
물감으로 예쁘게 색칠하고 
알록달록 오색실 꼬리 달아 
비행기를 만들자 
솔솔 바람 부는 뒷동산에 
동네 친구 모두 모여서 
파란 하늘 향해 날리면 
새처럼 날아간다 
하늘 끝까지 날아라 
높이 더 높이 
(간주)
도화지를 곱게 접어서
색연필로 예쁘게 색칠하고 
노랑 파랑 은행잎 돛대 달아 
종이배를 만들자 
졸졸 노래하는 시냇가에 
동네 친구 모두 모여서 
파란 시냇물에 띄우면 
물 따라 흘러간다 
동해바다까지 흘러라 
멀리 더 멀리 "
137,초록 바다 (초등학교 5~6학년 과정),"초록빛 바닷물에 두 손을 담그면 
초록빛 바닷물에 두 손을 담그면 
파란 하늘빛 물이 들지요 
어여쁜 초록빛 손이 되지요 
초록빛 여울물에 (초록빛) 
두발을 담그면 (담그면) 
물결이 살랑 어루만져요 
물결이 살랑 어루만져요
(반복) "
138,나팔 불어요 (초등학교 3~4학년 과정),"해님이 방긋 웃는 이른 아침에
나팔꽃 아가씨 나팔 불어요
잠꾸러기 그만 자고 일어나라고
나팔꽃이 또또따따 나팔 불어요

나팔꽃 아가씨는 늦잠도 없지
아침마다 일찍 깨서 나팔 불어요
잠꾸러기 어서어서 일어나라고
나팔꽃이 또또 따따 나팔 불어요
(반복) "
139,뽀뽀뽀,"아빠가 출근할 때 뽀뽀뽀
엄마가 안아줘도 뽀뽀뽀
만나면 반갑다고 뽀뽀뽀
헤어질 때 또 만나요 뽀뽀뽀
우리는 귀염둥이 뽀뽀뽀 친구
뽀뽀뽀 뽀뽀뽀 뽀뽀뽀 친구
(반복) "
140,꿀벌의 여행 (제12회 MBC 창작동요제),"윙윙 거칠고 험한 산을 날아가지요
윙윙 머나먼 나라까지 꽃을 찾아서 
윙윙 조그만 날개 고단하여 너무 지쳤지마는
쉬지 않고 날아가지요 
윙윙 거칠고 험한 산을 날아가지요 
윙윙 머나먼 나라까지 꽃을 찾아서 
야! 야! 야!
(반복) "
141,훌랄라 폴카,"모두 모여라 손목을 잡고 
흥겹게 모두 춤을 추자 
훌랄라랄라 훌랄라랄라 
훌랄라랄라 랄랄라 
(간주)
동산에 해님 솟아오르면 
숲속에 새가 노래하네 
훌랄라랄라 훌랄라랄라
훌랄라랄라 랄랄라 "
142,허수아비 아저씨 (초등학교1~2학년 과정),"하루 종일 우뚝 서 있는
성난 허수아비 아저씨
짹 짹 짹 짹 짹~ 아이 무서워
새들이 날아갑니다
하루 종일 우뚝 서 있는
성난 허수아비 아저씨
(간주)
하루 종일 참고 서 있는
착한 허수아비 아저씨
하 하 하 하 하~ 조심하세요
모자가 벗겨지겠네
하루 종일 참고 서 있는
착한 허수아비 아저씨 "
143,연날리기 (제7회 MBC 창작동요제),"에헤야 디야 바람 분다
연을 날려 보자
에헤야 디야 잘도 난다
저 하늘 높이 난다
무지개 옷을 입고 저 하늘에
꼬리를 흔들며
모두 다 어울려서 친구 된다
두둥실 춤을 춘다
에헤야 디야 바람 분다
연을 날려 보자
에헤야 디야 잘도 난다
우리의 꿈을 싣고
(반복) "
144,흰 구름 (초등학교1~2학년 과정),"미루나무 꼭대기에 조각구름 걸려있네 
솔바람이 몰고 와서 살짝 걸쳐놓고 갔어요
(간주)
뭉게구름 흰 구름은 마음씨가 좋은가 봐
솔바람이 부는 대로 어디든지 흘러 간대요 "
145,종이배,"흐르는 시냇물에 종이배를 띄우면
흐르는 냇물 따라 내 마음도 흐른다
흘러가는 종이배 내 마음 싣고
작은 바위 사이로 흘러가거라
흐르는 시냇물에 종이배를 띄우면
흐르는 냇물 따라 내 마음도 흐른다 "
146,가보고 싶다 (제18회 MBC 창작동요제),"진달래 동산에서 즐겁게 놀다가
살며시 눈을 감고 너의 모습 그린다
낙동강 강가에 오고 싶지
압록강 두만강에 가고 싶다
햇볕이 쨍쨍 째는 무더운 여름날
송사리 잡으면서 깜둥이가 되자
(간주)
단풍잎 곱게 물든 가을 언덕에서
동화책 펼쳐놓고 너의 모습 그린다
한라산 설악산이 보고 싶지
백두산 금강산이 보고 싶다
흰 눈이 오는 날엔 흰 눈을 맞으며
두 손을 마주 잡고 기쁜 노래 부르자 "
147,소낙비 친구 (제25회 MBC 창작동요제),"개나리 노란 꽃 뚝뚝 떨어지던 날
수업 끝 종소리와 함께 쏟아지던 소낙비
친구들 하나둘 엄마와 집으로 가고
내 마음 기다림은 텅 빈 운동장
가만히 서서 비 그치기 기다릴 때
환한 웃음으로 다가와 우산 전해 주던 너
그렇게 우린 친구가 됐어
언제나 함께 하는 소낙비 친구
(반복) "
148,바람개비 (제11회 MBC 창작동요제),"파란 색종이 위에 무지갯빛 색칠하고 
곱게 접어서 만든 아주 예쁜 바람개비 
빙글빙글 빙글빙글 빙그르르 손으로 돌려보고 
빙글빙글 빙글빙글 빙그르르 골목길 달려간다 
빙글 빙그르 도는 무지갯빛 날개 위로 
우리 고운 꿈 달고 빙글빙글 돌아간다 
(간주)
노란 색종이 위에 오색나비 색칠하고 
곱게 접어서 만든 아주 예쁜 바람개비 
빙글빙글 빙글빙글 빙그르르 입으로 불어보고 
빙글빙글 빙글빙글 빙그르르 파란 들 달려간다 
빙글 빙그르 도는 오색빛깔 날개 위로 
우리 고운 꿈 달고 빙글빙글 돌아간다 "
149,종달새의 하루,"하늘에서 굽어보면 보리밭이 좋아 보여
종달새가 쏜살같이 내려옵니다
비비배배 거리며 오르락 내리락
오르락 내리락하다 하루해가 집니다
(간주)
밭에서 쳐다보면 저 하늘이 좋아 보여
다시 또 쏜살같이 솟구칩니다
비비배배 거리며 오르락 내리락
오르락 내리락하다 하루해가 집니다 "
150,가끔은 (초등학교1~2학년 과정),"가끔은 하늘 보고 노래하면
내 마음 밝아지지요
가끔은 들로 나가 꽃을 보면
나에게 미소 주지요
푸른 하늘이 새들 날갯짓이
얼마나 부드러운지
연두 빛깔이 작은 잎새들이
얼마나 예쁜지를
가끔은 하늘 보고 묻는 것은 
나에게 기쁨이지요
가끔은 들로 나가 찾는 것도 
나에겐 꿈을 주지요
(간주)
가끔은 오솔길을 걷노라면
내 마음 맑아지지요
가끔은 휘파람을 불어 보면
내 마음 환해지지요
산길 풀내음 냇물 소리 졸졸
얼마나 싱그러운지
방울새 노래 솔바람 소리가
얼마나 고운지를
가끔은 하늘 보고 묻는 것은 
나에게 기쁨이지요
가끔은 오솔길을 걸어 보면 
내 마음 노래하지요 "
151,아이들이 그리는 세상 (제5회 KBS 창작동요대회),"하얀 도화지에 나는 그려요 
어른들이 잃어버린 아름다운 세상을
하얀 도화지에 나는 그려요 
웃으면서 남을 돕고 진심으로 사랑하는
무지개보다 더 아름다운 그런 멋진 세상을
(반복) "
152,바닷가에서,"해당화가 곱게 핀 바닷가에서
나 혼자 걷노라면 수평선 멀리
갈매기 한두 쌍이 가물거리네
물결마저 잔잔한 바닷가에서
(간주)
저녁놀 물드는 바닷가에서
조개를 잡노라면 수평선 멀리
파란 바닷물은 꽃무늬 지네
모래마저 금 같은 바닷가에서 "
153,산딸기,"잎새 뒤에 숨어 숨어 익은 산딸기
지나가던 나그네가 보았습니다
딸까 말까 망설이다 그냥 갑니다

잎새 뒤에 몰래몰래 익은 산딸기
귀엽고도 탐스러운 그 산딸기를
차마 차마 못 따가고 그냥 갑니다
(반복) "
154,자장가,"잘자라 우리 아가 앞뜰과 뒷동산에
새들도 아가 양도 다들 자는데
달님은 영창으로 은구슬 금구슬을 
보내는 이 한 밤 잘 자라 우리 아가 잘 자거라
(간주)
온 누리는 고요히 잠들고
선반에 생쥐도 다들 자는데 
뒷방서 들려오는 재미난 이야기만 
적막을 깨치네 잘자라 우리 아가 잘 자거라 "
155,고향 생각,"해는 져서 어두운데 찾아오는 사람 없어
밝은 달만 쳐다보니 외롭기 한이 없다
내 동무 어디 두고 이 홀로 앉아서
이일 저일을 생각하니 눈물만 흐른다
(간주)
고향 하늘 쳐다보니 별 떨기만 반짝거려
마음 없는 별을 보고 말 전해 무엇하랴
저 달도 서쪽 산을 다 넘어가건만
단잠 못 이뤄 애를 쓰니 이 밤을 어찌해 "
156,소풍 (초등학교1~2학년 과정),"시원한 바람이 불어오면
우리는 산으로 놀러 가죠
하늘은 드높고 우리는 즐겁다
꽃들이 웃으며 반겨주네

졸졸졸 산골짝 시냇물이
노래를 부르며 흘러가죠
하늘은 푸르고 우리는 즐겁다
새들도 노래로 반겨주네 "
157,화가 (제10회 MBC 창작동요제),"맑게 개인 공원에서 턱수염 난 화가 아저씨
나비가 훨훨 날아가고 꽃들이 웃고 있는 모습을
랄랄랄랄랄라 랄랄랄랄랄라 콧노래를 불러가며
아주 예쁘고 그리고 있었어요 맑고 푸른 동심을
(반복) "
158,기차를 타고 (제1회 KBS 창작동요대회),"기차 타고 신나게 달려가 보자 
높은 산도 지나고 넓은 들도 지나고 
푸른 산을 지날 땐 산새를 찾고 
넓은 바다 지날 땐 물새와 놀고 
설레임을 가득 안고 달려가 보자 
새로운 세상이 자꾸자꾸 보인다
(간주) 
기차 타고 신나게 달려가 보자 
높은 산도 지나고 넓은 들도 지나고 
따뜻한 마음을 서로 나누면 
처음 만난 옆 사람도 정다운 이웃 
즐거움을 가득 안고 달려가 보자 
아름다운 세상이 자꾸자꾸 보인다 "
159,이렇게 살아가래요 (제10회 MBC 창작동요제),"나비 등을 타고 꽃밭에 갔더니 
내게 꽃처럼 살아가래요
산새 등을 타고 숲속에 갔더니 
내게 산처럼 살아가래요
그윽한 향기 뿌리고 
방긋이 웃음 띄우며
무겁게 앉아 멀리 바라보고
푸르게 살아가래요
나비 등을 타고 꽃밭에 갔더니 
내게 꽃처럼 살아가래요 
산새 등을 타고 숲속에 갔더니 
내게 산처럼 살아가래요
랄랄라라 랄라 랄랄라라 랄라
랄라 랄랄라랄랄라라라
(반복) "
160,닮았대요,"엄마하고 손목 잡고 같이 걸으면
사람들이 나를 보고 엄마 닮았대
까만 눈 머루눈 눈이 닮았대
두 볼의 볼우물도 엄마 닮았대
(간주)
아빠하고 손목 잡고 같이 걸으면
사람들이 나를 보고 아빠 닮았대
우뚝 솟은 높은 코 코가 닮았대
곱슬곱슬 머리도 아빠 닮았대

엄마하고 손목 잡고 같이 걸으면
사람들이 나를 보고 엄마 닮았대
까만 눈 머루눈 눈이 닮았대
두 볼의 볼우물도 엄마 닮았대 "
161,참새,"아침 이슬 몰래 촉촉 내려 
풀 잎사귀 반짝 비칠 때
처마 끝 참새들 모여서 노래해
랄라라 랄라라 랄라라 랄라 
랄라라 랄라라 랄라라라 
밝은 해가 둥실 솟아오른 
맑고 맑은 여름 새 아침
(반복) "
162,정말 잘한다,"짝짜꿍 짝짜꿍 엄마 앞에서 짝짜꿍 
짝짜꿍 짝짜꿍 아빠 앞에서 짝짜꿍 
우리 아기 잘한다 우리 아기 잘한다
짝짜꿍 짝짜꿍 정말 잘 한다
(간주)
짝짜꿍 짝짜꿍 언니 앞에서 짝짜꿍 
짝짜꿍 짝짜꿍 오빠 앞에서 짝짜꿍 
우리 아기 잘한다 우리 아기 잘한다
짝짜꿍 짝짜꿍 정말 잘 한다 "
163,복남이네 어린아이,"복남이네 어린아이 감기 걸렸네! (엣취)
복남이네 어린아이 감기 걸렸네! (엣취)
복남이네 어린아이 감기 걸렸네 
다 같이 찾아가서 위로합시다
(반복) "
164,설날,"까치까치 설날은 어저께고요
우리 우리 설날은 오늘이래요
곱고 고운 댕기도 내가 드리고
새로 사 온 신발도 내가 신어요
(간주)
우리 언니 저고리 노랑 저고리
우리 동생 저고리 색동저고리
아버지와 어머니 호사하시고
우리들의 절 받기 좋아하세요 "
165,작은 별 (반짝 반짝 작은별),"반짝 반짝 작은 별 아름답게 비치네
동쪽 하늘에서도 서쪽 하늘에서도
반짝 반짝 작은 별 아름답게 비치네
(반복) "
166,오른발 왼발,"왼발 오른발 뛰어라
왼발 오른발 뛰어라
돌아서 돌아서 앉았다 일어나
돌아서 돌아서 앉았다 일어나

왼발 오른발 뛰어라
왼발 오른발 뛰어라
돌아서 돌아서 악수하세요
돌아서 돌아서 인사합시다
(반복) "
167,공놀이 (초등학교1~2학년 과정),"하나 둘 셋 넷 노래 맞추어 
다섯 여섯 일고여덟 공을 굴리면 
우리들의 꿈처럼 튀어 오르면 
즐겁고 재미있는 공놀이
(간주)
하나 둘 셋 넷 힘을 모아서 
다섯 여섯 일고여덟 공을 굴리면 
우리들의 꿈처럼 앞으로 나가는 
즐겁고 재미있는 공놀이 "
168,앉은뱅이꽃,"보라빛 고운빛 우리 집 문패 꽃
꽃 중의 작은 꽃 앉은뱅이랍니다
(반복) "
169,자전거 (초등학교1~2학년 과정),"따르릉 따르릉 비켜나세요
자전거가 나갑니다 따르르릉
저기 가는 저 사람 조심하세요
어물어물하다가는 큰일 납니다
(간주)
따르릉 따르릉 이 자전거는
울 아버지 장에 갔다 돌아오시면
꼬부랑 꼬부랑 고개를 넘어
비탈길로 주르르르 타고 온다오
(반복) "
170,코끼리와 거미줄,"한 마리 코끼리가 거미줄에 걸렸네 
신나게 그네를 탔다네 
너무너무 재미가 좋아 좋아 랄랄라 
다른 친구 코끼리를 불렀네 
두 마리 코끼리가 거미줄에 걸렸네 
신나게 그네를 탔다네 
너무너무 재미가 좋아 좋아 랄랄라 
다른 친구 코끼리를 불렀네 
세 마리 코끼리가 거미줄에 걸렸네 
신나게 그네를 탔다네 
너무너무 재미가 좋아 좋아 랄랄라 
다른 친구 코끼리를 불렀네 
네 마리 코끼리가 거미줄에 걸렸네 
신나게 그네를 탔다네 
너무너무 재미가 좋아 좋아 랄랄라 
다른 친구 코끼리를 불렀네 
다섯 마리 코끼리가 거미줄에 걸렸네 
신나게 그네를 탔다네 
너무 많은 코끼리가 올라올라 랄랄라 
그만 그만 툭 하고 끊어졌대요 "
171,고기잡이 (초등학교 3~4학년 과정),"고기를 잡으러 바다로 갈까나
고기를 잡으러 강으로 갈까나
이 병에 가득히 넣어 가지고서
라라라라 라라라라 온다나
선생님 모시고 가고 싶지마는
하는 수 있나요 우리만 가야지
하는 수 있나요 우리만 가야지
라라라라 라라라라 간다나
(간주)
솨솨솨 쉬쉬쉬 고기를 몰아서
어여쁜 이 병에 가득히 차면은
선생님한테로 가지고 온다나
라라라라 라라라라 굿바이 "
172,아빠의 얼굴,"어젯밤 꿈속에 나는 나는 날개 달고 
구름보다 더 높이 올라 올라갔지요 
무지개 동산에서 놀고 있을 때 
이리저리 나를 찾는 아빠의 얼굴 
무지개 동산에서 놀고 있을 때 
이리저리 나를 찾는 아빠의 얼굴 
(간주)
푸른 들 벌판에 나는 나는 말을 타고 
바람보다 더 빨리 달려 달려갔지요 
어린이 동산에서 놀고 있을 때 
이리저리 나를 찾는 아빠의 얼굴 
어린이 동산에서 놀고 있을 때 
이리저리 나를 찾는 아빠의 얼굴 "
173,따오기 (초등학교 5~6학년 과정),"보일 듯이 보일 듯이 보이지 않는
따옥 따옥 따옥 소리 처량한 소리
떠나가면 가는 곳이 어디메이뇨
내 어머니 가신 나라 해 돋는 나라
(간주)
잡힐 듯이 잡힐 듯이 잡히지 않는
따옥 따옥 따옥 소리 처량한 소리
떠나가면 가는 곳이 어디메이뇨
내 아버지 가신 나라 해 돋는 나라 "
174,아리랑 (초등학교 3~4학년 과정),"아리랑 아리랑 아라리요 
아리랑 고개로 넘어간다
나를 버리고 가시는 님은 
십리도 못 가서 발병 난다
(반복) "
175,섬마을 (제5회 MBC 창작동요제),"노을이 젖어 드는 둥근 섬마을
금 물결 파도 위에 갈매기 날고
노을 실은 고깃배가 오색실 달아
뚜뚜뚜와 고동 소리 크게 울린다
에헤야 기를 올려라
에헤 에헤 에헤야 노를 잡아라
에헤야 돛을 내려라
에헤 에헤 에헤야 닻을 매어라
(반복) "
176,메기의추억,"옛날의 금잔디 동산에 메기 같이 앉아서 놀던 곳
물레방아소리 들린다 메기 내 사랑하는 메기야
동산수풀은 우거지고 장미화는 피어 만발하였다
물레방아 소리 그쳤다 메기 내 사랑하는 메기야
(반복) "
177,오빠 생각 (초등학교1~2학년 과정),"뜸뿍 뜸뿍 뜸뿍새 논에서 울고
뻐꾹 뻐꾹 뻐꾹새 숲에서 울재
우리 오빠 말 타고 서울 가시면
비단 구두 사가지고 오신다더니
(간주)
기럭기럭 기러기 북에서 오고
귀뚤귀뚤 귀뚜라미 슬피 울건만
서울 가신 오빠는 소식도 없고
나뭇잎만 우수수 떨어집니다 "
178,아빠 사랑해요 (제27회 MBC 창작동요제),"밤하늘 별빛 반짝일 때면
문득 생각이 나요
내가 힘이 들 때 손잡아주시던
따스한 그 손길이
아무 말 하지는 않아도
눈빛 속에서 느껴져요
나를 사랑하시는 그 마음이
자꾸자꾸 생각나 울 것 같아요
밤하늘을 보던 나의 눈 속에
별빛이 흔들려요
이젠 나도 알죠 아빠 마음을
아빠 사랑해요 "
179,산마루에서 (제4회 MBC 창작동요제),"산마루에서 외쳐보자 야호 야호 야하호
나무들이 노래한다 야호 야호 야하호
새소리 물소리가 골짜기에 차고
바람에 푸른 잎이 깃발이 되네
산마루에서 외쳐보자 야호 야호 야하호
나무들이 노래한다 야호 야호 야하호
(반복) "
180,푸르다,"푸른 푸른 푸른 산은 아름답구나
푸른 산 허리에는 구름도 많다
토끼 구름 나비 구름 짝을 지어서
딸랑딸랑 구름 마차 끌고 갑니다
(간주)
푸른 푸른 푸른 산은 아름답구나
푸른 산 그늘아래는 서늘도 하다
어깨동무 내동무들 짝을 지어서
매앰매앰 매미소리 찾아갑니다 "
181,시장잔치,"수박 수박이 나왔어요 
시원한 수박이 뚱뚱해요
참외 참외가 나왔어요
샛노란 참외가 꿀맛이에요
내일은 못 사요 빨리빨리 사가세요
내일은 못 사요 다 떨어 집니다
(간주)
호박 호박이 나왔어요
못생긴 호박이 더 맛있데요
오이 오이가 나왔어요
날씬한 오이가 멋쟁이예요
내일은 못 사요 빨리빨리 사가세요
내일은 못 사요 다떨어 집니다 "
182,동네 한 바퀴 (초등학교 3~4학년 과정),"다 같이 돌자 동네 한 바퀴
아침 일찍 일어나 동네 한 바퀴
우리 보고 나팔꽃 인사 합니다
우리도 인사하며 동네 한 바퀴
바둑이도 같이 돌자 동네 한 바퀴
(반복) "
183,햇볕은 쨍쨍 (초등학교1~2학년 과정),"햇볕은 쨍쨍 모래알은 반짝 
모래알로 떡해 놓고 조약돌로 소반 지어 
언니 누나 모셔다가 맛있게도 냠냠 

햇볕은 쨍쨍 모래알은 반짝 
호미 들고 괭이 메고 뻗어가는 메를 캐어 
엄마 아빠 모셔다가 맛있게도 냠냠
(반복) "
184,강아지 (초등학교1~2학년 과정),"우리 집 강아지는 복실 강아지
어머니가 빨래 가면 멍멍멍
졸랑졸랑 따라가며 멍멍멍
(간주)
우리 집 강아지는 예쁜 강아지
학교 갔다 돌아오면 멍멍멍
꼬리 치고 반갑다고 멍멍멍 "
185,아름다운 베르네 산골,"아름다운 베르네 맑은 시냇물이 넘쳐흐르네
새빨간 알핀로제스 이슬 먹고 피어있는 곳
다스 오버 렌야 오버랜 베르네산골 아름답구나
다스 오버 렌야 오버렌 나의 사랑 베르네
후디리리요 후디리리 후디리리요 후디리리
후디리리요 후디리리 후디리리요 후디리리
(간주)
아름다운 베르네 맑은 시냇물이 넘쳐 흐르네
새하얀 에델바이스 청초하게 피어있는 곳
다스 오버 렌야 오버랜 베르네산골 아름답구나
다스 오버 렌야 오버렌 나의 사랑 베르네
후디리리요 후디리리 후디리리요 후디리리
후디리리요 후디리리 후디리리요 후디리리 "
186,동물흉내,"오리는 꽉꽉 오리는 꽉꽉 
염소 음매 염소 음매 
돼지는 꿀꿀 돼지는 꿀꿀 
소는 음매 소는 음매
(반복) "
187,돌다리,"누가 누가 놓았나 조그만 돌다리
깡충깡충 건너는 징검다리
(간주)
언제 언제 놓았나 고마운 돌다리
바둑이도 건너는 징검다리 "
188,안마를 합시다,"좜좜좜좜 찌개찌게찌 좜좜좜좜 찌게찌게찌
어깨춤을 추면서 손 흔들며 모이자
앞사람을 안마합시다 쿵쿵 치자 가볍게
쿵쿵 치자 가볍게 쿵쿵쿵쿵 살살살살 
쿵쿵쿵쿵쿵 쿵쿵쿵쿵 살살살살 다시 또 한 번
(반복) "
189,고드름,"고드름 고드름 수정 고드름
고드름 따다가 발을 엮어서
각시 방 영창에 달아놓아요
각시님 각시님 안녕하셔요
낮에는 햇님이 문안 오시고
밤에는 달님이 놀러 오시네
(간주)
고드름 고드름 녹지 말아요
각시님 방안에 바람 들면
손 시려 발 시려 감기 드실라 "
190,태극기,"태극기가 바람에 펄럭입니다
하늘 높이 아름답게 펄럭입니다
(간주)
태극기가 힘차게 펄럭입니다
마을마다 집집마다 펄럭입니다 "
191,금강산 (초등학교 5~6학년 과정),"금강산 찾아가자 일만이천 봉
볼수록 아름답고 신기하구나
철 따라 고운 옷 갈아입는 산
이름도 아름다워 금강이라네
금강이라네
(간주)
금강산 보고 싶다 다시 또 한 번
맑은 물 굽이쳐 폭포 이루고
갖가지 옛이야기 가득 지닌 산
이름도 찬란하여 금강이라네
금강이라네 "
192,꼬마 눈사람,"한겨울에 밀짚모자 꼬마 눈사람
눈썹이 우습구나 코도 삐뚤고
거울을 보여줄까 꼬마 눈사람

하루종일 우두커니 꼬마 눈사람
무엇을 생각하고 혼자 섰느냐
집으로 들여갈까 꼬마 눈사람
(반복) "
193,모두 다 뛰놀자 (초등학교 3~4학년 과정),"모두다 홉홉홉 뛰어라
모두다 훨훨훨 날아라
모두다 동동동 굴러라
모두다 빙빙빙 돌아라
우 우 와와와와와
우 우 와와와와와와
모두다 홉홉홉 뛰어라
모두다 훨훨훨 날아라
모두다 동동동 굴러라
모두다 빙빙빙 돌아라 "
194,가위 바위 보,"아침 바람 찬바람에 울고 가는 저 기러기
우리 선생 계실 적에 엽서 한 장 써 붙여서
구리구리 멍텅구리 가위 바위 보!
(반복) "
195,빙빙 돌아라,"손을 잡고 왼쪽으로 빙빙 돌아라 
손을 잡고 오른쪽으로 빙빙 돌아라
뒤로 살짝 물러났다 앞으로 다시 들어가 
손뼉 치며 빙빙 돌아라
(반복) "
196,우리 모두 다 같이,"우리 모두 다 같이 손뼉을 (짝짝) 우리 모두 다 같이 손뼉을 (짝짝)
우리 모두 다 같이 즐겁게 노래해 우리 모두 다 같이 손뼉을 (짝짝)
우리 모두 다 같이 발 굴러 (쿵쿵) 우리 모두 다 같이 발 굴러 (쿵쿵)
우리 모두 다 같이 즐겁게 노래해 우리 모두 다 같이 발 굴러 (쿵쿵)
(간주)
우리 모두 다 같이 인사를 (안녕하세요) 우리 모두 다 같이 인사를 (안녕하세요)
우리 모두 다 같이 즐겁게 노래해 우리 모두 다 같이 인사를 (안녕하세요) "
197,나의 하루,"아침 햇빛 밝아오는 이른 아침에
두 손 모아 하루 일을 생각합니다
학교에서 동무들과 사이좋게 공부 잘하고
집에 오면 심부름도 잘한답니다
(간주)
저녁노을 아름답게 수 놓을 때면
하루 일을 재미나게 얘기합니다
아빠 엄마 집안일 두루두루 돌봐주시고
나는 나는 내일 공부 예습합니다 "
198,할미꽃,"뒷동산에 할미꽃 꼬부라진 할미꽃
젊어서도 할미꽃 늙어서도 할미꽃
하하하하 우섭다 졸고 있는 할미꽃
아지랑이 속에서 무슨 꿈을 꾸실까
(간주)
뒷동산에 할미꽃 꼬부라진 할미꽃
젊어서도 할미꽃 늙어서도 할미꽃 "
199,내가 제일 좋아하는 말 (제13회 MBC 창작동요제),"몇천 번을 불러도 더 부르고 싶은 말 
내가 제일 좋아하는 그런 말이 하나 있죠 
어머니를 부를 때마다 다가선 어머니 얼굴 
나에게 사랑으로 가르치시네 
몇천 번을 불러도 더 부르고 싶은 말 
내가 제일 좋아하는 어머니 내 어머니
(반복) "
200,귀뚜라미 우는 밤,"귀뚜라미가 또르르 우는 달밤에 
멀리 떠나간 동무가 그리워져요 
정답게 손잡고 뛰놀던 내 동무 
그곳에 지금도 귀뚜리 울고 있을까 
(간주)
귀뚜라미가 또르르 우는 달밤에 
만나고 싶은 동무께 편지나 쓰자 
즐겁게 뛰놀던 지난날이 여기 
그 동무 지금도 내 생각하고 있을까 "
201,할아버지 시계,"길고 커다란 마루 위 시계는 
우리 할아버지 시계 
90년 전에 할아버지 태어나던 날 
아침에 받은 시계란다 
언제나 정답게 흔들어주던 시계 
할아버지의 옛날 시계 
이젠 더 가질 않네 가지를 않네 
90년 동안 쉬잖고 똑딱똑딱 
할아버지와 함께 똑딱똑딱 
이젠 더 가질 않네 가지를 않네
(반복) "
202,고향 땅 (초등학교 5~6학년 과정),"고향 땅이 여기서 얼마나 되나 
푸른 하늘 끝닿은 저기가 거긴가 
아카시아 흰 꽃이 바람에 날리니 
고향에도 지금쯤 뻐꾹새 울겠네 
(간주)
고개 너머 또 고개 아득한 고향 
저녁마다 놀지는 저기가 거긴가 
날 저무는 논길로 휘파람 불면서 
아이들도 지금쯤 소 몰고 오겠네 "
203,곰,"뚱뚱한 곰 한 마리 
뚱뚱한 곰 한 마리 굴속에서 
잠자고 있네요 쿨 쿨 
잠꼬대도 하네요 중얼 중얼 
눈을 뜨고 일어나 
눈을 뜨고 일어나 
모두 잡아먹는다
(반복) "
204,가을,"가을 산에 올라가 단풍잎을 모으자
동화책 갈피마다 가득히
가을 길로 나가자 은행잎을 모으자
그림책 갈피마다 가득히
(간주)
라시도레미파미 레도시라솔라시
라시도레미파미레 도시라 "
205,봄을 그리는 색연필 (제2회 KBS 창작동요대회),"파란 남청 색연필로 파란 하늘 그리고
하양 초록 색연필로 정성 들여 칠하면
토끼 구름 솜구름 산 위에 피어나고
졸졸졸 흘러가는 골짜기 맑은 냇물
보리밭 푸른 물결 출렁이는 도화지에
종달새 날아와 즐겁게 노래하네
(간주)
초록 연두 색연필로 나뭇가지 그리고
노랑 분홍 색연필로 정성 들여 칠하면
높은 산 넓은 들에 새싹들이 돋아나고
하르르 피어나는 살구꽃 진달래꽃
꽃다지 민들레꽃 수를 놓은 도화지에
노랑나비 날아와 즐겁게 춤을 추네 "
206,수건 돌리기 (제8회 MBC 창작동요제),"바람 솔솔 불어오는 산에 올라가 
파란 하늘 노란 들판 내려다보며 
잔디밭에 옹기종기 모여앉아서 
수건돌리기를 해보자 
손잡고 동그랗게 모이자 모두 모이자 
랄랄라 누가누가 술래냐 가위 바위 보 
빙글빙글 돌아간다 술래가 돈다 
우리 모두 손뼉 치며 노래 부르자 
파란 하늘 높이높이 올라가도록 
소리 높여 노래 부르자
(간주)
시냇물이 흘러가는 들판에 나가 
하얀 구름 푸른 산을 바라다보며 
모래밭에 옹기종기 모여 앉아서 
수건돌리기를 해보자 
손잡고 동그랗게 모이자 모두 모이자 
랄랄라 누가누가 술래냐 가위 바위 보 
빙글빙글 돌아간다 술래가 돈다 
누구 뒤에 놓았는지 알려 주지 마 
수철이가 붙잡혔다 노래 불러라
손뼉 치며 따라 부르자 "
207,숲 속을 걸어요 (제4회 MBC 창작동요제),"숲 속을 걸어요 산새들이 속삭이는 길 
숲 속을 걸어요 꽃향기가 그윽한 길 
해님도 쉬었다 가는 길 다람쥐가 넘나드는 길 
정다운 얼굴로 우리 모두 숲속을 걸어요 
(간주)
숲 속을 걸어요 맑은 바람 솔바람 이는 
숲 속을 걸어요 도랑물이 노래하는 길 
달님도 쉬었다 가는 길 산노루가 넘나드는 길 
웃음 띤 얼굴로 우리 모두 숲 속을 걸어요 "
208,푸른 잔디,"풀 냄새 피어나는 잔디에 누워
새파란 하늘가 흰 구름 보면
가슴이 저절로 부풀어 올라
즐거워 즐거워 노래 불러요
(간주)
우리들 노랫소리 하늘에 퍼져
흰 구름 두둥실 흘러가면은
모두 다 일어나 손을 흔들며
즐거워 즐거워 노래 불러요 "
209,구름 (초등학교1~2학년 과정),"저 멀리 하늘에 구름이 간다
외양간 송아지 음메 음메 울적에
어머니 얼굴을 그리며 간다
고향을 부르면서 구름은 간다
(간주)
저 멀리 하늘에 구름이 간다
뒤뜰에 봉선화 곱게 곱게 필적에
어릴 제 놀던 곳 찾으러 간다
고향을 그리면서 구름은 간다 "
210,꽃동산 (초등학교 3~4학년 과정),"보셔요 꽃동산에 봄이 왔어요
나는 나는 우리 고장 제일 좋아요
오늘부터 이 동산 내가 맡았죠
물 주고 꽃 기르는 일꾼이야요
(반복) "
211,앞으로 (초등학교 5~6학년 과정),"앞으로 앞으로 앞으로 앞으로
지구는 둥그니까 자꾸 걸어나가면
온 세상 어린이를 다 만나고 오겠네
온 세상 어린이가 하하하하 웃으면
그 소리 들리겠네 달나라까지
앞으로 앞으로 앞으로 앞으로
(반복) "
212,기린이랑 사슴이랑,"기린이랑 사슴이랑 숨바꼭질 재밌다
바위 뒤에 기린 목 잘 들키고
나무 뒤에 사슴뿔 안 들키고
(반복) "
213,파란 하늘 (초등학교1~2학년 과정),"파란 하늘 맑은 하늘
흰구름 둥실 떠가네
우리들도 날아보자
높게 높게 날아가보자

파란 하늘 맑은 하늘
흰구름 흘러간다
우리도 흘러가자
빨리빨리 달린다
(반복) "
214,푸른 꿈을 키워가요 (제2회 MBC 창작동요제),"움츠렸던 날개 펴고 저 하늘을 날아봐요
이 세상이 넓은 줄은 이제까지 몰랐어요
망망한 저 바다엔 우리의 희망 가득
높고 푸른 저 숲속엔 힘찬 기상 서려 있네
닫혀있던 마음의 창 하늘 향해 활짝 열고
새싹들의 푸른 꿈을 싱그럽게 키워가요
(간주)
가슴속에 감추어진 넓은 세계 바라봐요
티 없이 밝은 마음 가득하게 차 있어요
아름다운 가슴속에 뜨거운 사랑 가득
미소 짓는 내 얼굴엔 참된 평화 서려 있네
닫혀있던 마음의 창 하늘 향해 활짝 열고
새싹들의 푸른 꿈을 싱그럽게 키워가요 "
215,어린이 행진곡 (초등학교 3~4학년 과정),"발맞추어 나가자 앞으로 가자
어깨동무하고 가자 앞으로 가자
우리들은 씩씩한 어린이라네
금수강산 이어받을 새싹이라네
(간주)
하나 둘 셋 넷 앞으로 가자
두 주먹을 굳게 쥐고 앞으로 가자
우리들은 용감한 어린이라네
자유대한 길이 빛낼 새싹이라네 "
216,코끼리 아저씨,"화창한 봄날에 코끼리 아저씨가
가랑잎 타고 태평양 건너갈 때에
고래 아가씨 코끼리 아저씨보고
첫눈에 반해 웃음 지며 손짓했대요
당신은 육지 멋쟁이 나는 바다 이쁜이
천생연분 결혼합시다 어머! 어머! 어머!
예식장은 용궁 예식장 주례는 문어 아저씨
피아노는 오징어 예물은 조개껍데기
(반복) "
217,인사노래,"아침에 일어나서 굿모닝(Good morning)
점심 먹은 후에 굿에프터눈(Good afternoon)
친구와 해어질 땐 굿바이(Good bye)
잠자리 들기 전에 굿나잇(Good night)
(반복) "
218,봄동산 꽃동산,"도레미 소리 맞추어 
도레미 노래 부르자
동생도 언니도 함께 모여
랄~ 라 즐겁게 노래하면
랄~ 라 우리 집은 봄동산
(간주)
도레미 소리 맞추어
도레미 노래 부르자
새들도 냇물도 다들 함께
랄~ 라 즐겁게 노래하면
랄~ 라 우리 동네 꽃동산 "
219,달밤,"달밤에 동이로 물을 깃자
물깃는 동이로 달을 깃자
달밤에 물깃는 아가씨들
밤길로 조심조심 걸어온다

달밤에 동이로 물을 깃자
물깃는 동이로 달을 깃자
물깃다 달깃는 아가씨들
집으로 조심조심이고 온다 "
220,뻐꾸기 (초등학교 5~6학년 과정),"한적한 산길 따라서 나는 올라갔지
우거진 깊은 숲에서 뻐꾸기 노랫소리
뻐뻐꾹 랄라랄랄랄라 랄라라 뻐꾹
랄라랄랄랄라 랄라라 뻐꾹
랄라랄랄랄라 랄라라 뻐꾹
랄라랄랄라 뻐꾹
(간주)
맑은 시냇물 따라서 나는 내려갔지
숲 속에서 들려오는 뻐꾸기 노랫소리
뻐뻐꾹 랄라랄랄랄라 랄라라 뻐꾹
랄라랄랄랄라 랄라라 뻐꾹
랄라랄랄랄라 랄라라 뻐꾹
랄라랄랄라 뻐꾹 "
221,이슬 (제6회 MBC 창작동요제),"호롱 호롱 호롱 산새 소리에 잠 깨어 뜰로 나가니 
풀잎마다 송송이 맺힌 이슬 아름다워 
은쟁반에 가득 담아 아가 옷 지어볼까 
색실에 곱게 끼워 엄마 목걸이 만들까 
호롱 호롱 호롱 산새 소리에 잠 깨어 뜰로 나가니 
풀잎마다 송송이 맺힌 이슬 아름다워
(간주)
호롱 호롱 호롱 산새 소리에 잠 깨어 뜰로 나가니 
꽃잎마다 송송이 맺힌 이슬 아름다워
편지 속에 가득 넣어 해님께 보내볼까 
햇살에 곱게 달아 구름에 메어 띄어 볼까 
호롱 호롱 호롱 산새 소리에 잠 깨어 뜰로 나가니 
꽃잎마다 송송이 맺힌 이슬 아름다워 "
222,새싹들이다 (제1회 MBC 창작동요제),"마음을 열어 하늘을 보라 넓고 높고 푸른 하늘
가슴을 펴고 소리쳐보자 우리들은 새싹들이다
푸른 꿈이 자란다 곱고 고운 꿈
두리둥실 떠간다 구름이 되어
너른 벌판을 달려나가자 씩씩하게 나가자
어깨를 걸고 함께 나가자 발맞춰 나가자
(간주)
마음을 열어 하늘을 보라 넓고 높고 푸른 하늘
가슴을 펴고 소리쳐보자 우리들은 새싹들이다
해님 되자 달님 되자 별님이 되자
너른 세상 불을 밝힐 큰 빛이 되자
무지개 빛깔 아름다운 꿈 모두 우리 차지다
너와 나 함께 우리가 되어 힘차게 나가자 "
223,다 같이 노래를 (초등학교 3~4학년 과정),"아침을 노래하자 빛나는 아침 햇빛
저녁을 노래하자 포근한 잠이 오는
노래로 자라나고 노래로 사귀면
우리의 앞날은 무지개 꽃동산
(간주)
새봄을 노래하자 새싹이 눈이 트고
가을을 노래하자 가지에 열매 맺는
노래로 자라나고 노래로 사귀면
우리의 앞날은 무지개 꽃동산 "
224,저금통,"땡그랑 한 푼 땡그랑 두 푼
벙어리 저금통이 아이구 무거워
하하하하 우리는 착한 어린이
아껴 쓰며 저축하는 알뜰한 어린이
어린이 창구 어여쁜 언니
웃으며 동전 주며 아이구 부자군
하하하하 우리는 착한 어린이
아껴 쓰며 저축하는 알뜰한 어린이
(간주)
우리들 모두 부자가 되면
새 나라 우리나라 나도 부자야
하하하하 우리는 착한 어린이
아껴 쓰며 저축하는 알뜰한 어린이 "
225,우체부 아저씨,"아저씨 아저씨 우체부 아저씨
큰 가방 매고서 어디가세요
큰 가방 속에는 편지 편지 들었죠
동그란 모자가 아주 멋져요
(간주)
편지요 편지요 옳지 옳지 왔구나
시집간 언니가 내일 온데요 "
226,괜찮아요 (초등학교1~2학년 과정),"바람 불어도 괜찮아요 괜찮아요 괜찮아요 
쌩쌩 불어도 괜찮아요 난난난 나는 괜찮아요 
털오바 때문도 아니죠 털장갑 때문도 아니죠 
씩씩하니까 괜찮아요 난난난 나는 괜찮아요 
(간주)
호호 추워도 괜찮아요 괜찮아요 괜찮아요
꽁꽁 얼어도 괜찮아요 난난난 나는 괜찮아요 
털모자 때문도 아니죠 털구두 때문도 아니죠 
용감하니까 괜찮아요 난난난 나는 괜찮아요 "
227,눈 (초등학교1~2학년 과정),"펄펄 눈이옵니다
바람 타고 눈이옵니다
하늘나라 선녀님들이
송이송이 하얀 솜을
자꾸자꾸 뿌려줍니다
자꾸자꾸 뿌려줍니다
(간주)
펄펄 눈이옵니다
하늘에서 눈이옵니다
하늘나라 선녀님들이
하얀 가루 떡가루를
자꾸자꾸 뿌려줍니다
자꾸자꾸 부려줍니다 "
228,안녕 (초등학교1~2학년 과정),"안녕하세요 선생님 안녕 친구야
인사하는 어린이 착한 어린이
(반복) "
229,잘잘잘,"하나하면 할머니가 지팡이를 짚는다고 잘잘잘
둘하면 두부 장수 두부를 판다고 잘잘잘
셋하면 새색시가 거울을 본다고 잘잘잘
넷하면 냇가에서 빨래를 한다고 잘잘잘
다섯하면 다람쥐가 도토리를 줍는다고 잘잘잘
여섯하면 여학생이 공부를 한다고 잘잘잘
일곱하면 일꾼들이 나무를 벤다고 잘잘잘
여덟하면 엿장수가 호박엿을 판다고 잘잘잘
아홉하면 아버지가 신문을 본다고 잘잘잘
열하면 열무 장수 열무가 왔다고 잘잘잘 "
230,리자로 끝나는 말은 (초등학교 3~4학년 과정),"리리 리자로 끝나는 말은
괴나리 보따리 댑싸리 소쿠리 유리 항아리
리리 리자로 끝나는 말은
꾀꼬리 목소리 개나리 울타리 오리 한 마리 "
231,가을소풍 (초등학교1~2학년 과정),"산들산들 바람 따라 산으로 가자 
단풍잎이 반겨주는 산으로 가자 
야호 야호 노래하며 산으로 가자 
(간주)
졸졸졸졸 맑은 물 흐르는 강가 
갈대들이 손짓하는 강으로 가자 
야호 야호 노래하며 강으로 가자 "
232,삐뚤빼뚤,"삐뚤빼뚤 삐뚤빼뚤 짝짝짝
삐뚤빼뚤 삐뚤빼뚤 짝짝짝
삐뚤빼뚤 삐뚤빼뚤 쭈욱쭈욱
삐뚤빼뚤 삐뚤빼뚤 쭈욱쭈욱
빙글빙글 빙글빙글 쿵덕쿵덕 쿵더쿵
빙글빙글 빙글빙글 쿵덕쿵덕 쿵더쿵
오른발 왼발 오른발 왼발 쿵덕쿵덕 쿵더쿵
오른발 왼발 오른발 왼발 쿵덕 쿵더쿵
살짝 엎드려 와 와 와 와 와 와
아래 보고 위를 보고 아래 보고 위를 보고
붕붕붕붕 붕붕붕붕 붕붕붕붕 붕붕붕붕
붕붕붕붕 붕붕붕붕 붕붕붕붕 붕붕 
하나! 둘!
아래 보고 위를 보고 아래 보고 위를 보고
붕붕붕붕 붕붕붕붕 붕붕붕붕 붕붕붕붕
붕붕붕붕 붕붕붕붕 붕붕붕붕 붕붕 
하나, 둘 야! "
233,숲 속의 음악가,"나는 숲 속의 음악가 조그만 다람쥐
아주 익숙한 솜씨로 바이올린 켜지요
애애앵앵앵 애애앵앵앵
애애앵앵앵 애애앵앵앵
참 잘하지요
(간주)
나는 숲 속의 음악가 조그만 파랑새
아주 익숙한 솜씨로 피리를 불지요
삐리삐삐삐 삐리삐삐삐
삐리삐삐삐 삐리삐삐삐
참 잘하지요 "
234,얼룩 송아지,"송아지 송아지 얼룩 송아지
엄마소도 얼룩소 엄마 닮았네
(간주)
송아지 송아지 얼룩 송아지
두 귀가 얼룩 귀 귀가 닮았네 "
235,무엇을 주련,"소야 소야 나에게 무얼 주겠니
음매 음매 맛있는 우유를 주지
염소야 염소야 나에게 무얼 주겠니
메 메 따뜻한 털옷을 주지
(간주)
암탉아 암탉아 나에게 무얼 주겠니
꼬꼬댁 꼬꼬댁 동그란 알을 놔줄게
말아 말아 나에게 무얼 주겠니
히힝 히힝 내 등에 태워다 줄게 "
236,반달 (초등학교 5~6학년 과정),"푸른 하늘 은하수 하얀 쪽배에
계수나무 한 나무 토끼 한 마리
돛대도 아니 달고 삿대도 없이
가기도 잘도 간다 서쪽 나라로
(간주)
은하수를 건너서 구름 나라로
구름 나라 지나서 어디로 가나
멀리서 반짝반짝 비치이는 건
샛별이 등대란다 길을 찾아라 "
237,가을맞이,"살랑살랑 실바람을 잡아타고서
오색가을 넘실넘실 넘날아오네
산에도 들에도 예쁜 꽃으로 수를 놓으며
바다 건너 산 넘어서 가을이 오네
소를 모는 목동들은 노래 부르고
코스모스 방실방실 웃으며 맞네
(간주)
둥실둥실 흰 구름을 잡아타고서
금빛 가을 넘실넘실 넘날아오네
산에도 들에도 붉은빛으로 옷을 입히며
바다 건너 산 넘어서 가을이 오네
돌돌돌돌 귀뚜라미 노래 부르고
팔랑팔랑 예쁜 새들 춤추며 맞네 "
238,감자도리 고백송,"날 더 좋아하니 니가 널 더 좋아하니 내가
그게 무슨 상관있어 좋아하면 그만이지 고백해봐~
두근두근 설레는 마음 새록새록 보고픈 마음
마음에 들면 누가 아니 사랑하면 용기 있게 고백해봐~
거울 앞에서 패션쇼 너에게만 보여주고 싶어
몇 점인지 말해줘 70? 80? 90? 100!!
어제보다는 오늘이(오늘이) 오늘보다는 내일이(내일이)
내일보다는 모레가 널 더 사랑할 것 같아
그러니 니가 먼저 고백해 니가 먼저 고백해야해 
내가 먼저 고백한다면 평생 후회하게 만들래
그러니 니가 먼저 고백해 사랑한다 내게 고백한다면
너에게 숨겨온 내 사랑을 보여줄게
너에게 숨겨온 내 사랑을 보여줄게 "
239,내 동생 참새래요 (제25회 MBC 창작동요제),"내 동생 참새래요 짹짹짹짹 잠시도 쉬지 않고 짹짹짹짹 
입술은 오물조물 눈은 동글 안으면 조용할까요 
난 숙제도 해야 하는데 난 노래도 하고 싶은데 
나만 따라다니는 동생 놀자고 짹짹 랄랄랄라 
그래도 엄마 아빠 귀엽다고요 짹짹짹짹짹 노래하래요 
조금은 얄밉고 시끄럽지만 귀여운 내 동생이죠 
(간주)
내 동생 참새래요 짹짹짹짹 입도 안 아픈가 봐 짹짹짹짹 
폴짝 쿵 저만 혼자 신이 났죠 잠들면 조용할까요 
난 만화도 보고 싶은데 난 친구랑 놀고 싶은데 
나만 따라다니는 동생 싫어도 짹짹 랄랄랄라 
엄마는 큰 딸이라 예쁘다면서 짹짹짹 노래하는 동생만 봐요 
가끔은 심술나 돌아서지만 귀여운 내 동생이죠 "
240,오리 가족,"개울가에 개나리는 방긋방긋 노랑 옷 입고 
봄 하늘에 햇살들은 비실비실 게으름뱅이 
부지런한 오리가족 봄나들이하지요 
졸졸졸졸 엄마 따라 뒤뚱뒤뚱 개울 건널 때 
시냇가에 붕어들이 몽글몽글 인사하네요 
파란 하늘 뭉게구름 둥실둥실 지켜봐요 
(간주)
아휴 힘들어 아기 오리들 열심히 졸졸졸
아휴 힘들어 엄마 오리 땀방울이 졸졸졸 
부지런한 오리가족 봄나들이하지요 "
241,옹달샘,"깊은 산속 옹달샘 누가 와서 먹나요 
맑고 맑은 옹달샘 누가 와서 먹나요
새벽에 토끼가 눈 비비고 일어나 
세수하러 왔다가 물만 먹고 가지요
(간주)
깊은 산속 옹달샘 누가 와서 먹나요 
맑고 맑은 옹달샘 누가 와서 먹나요
달밤에 노루가 숨바꼭질하다가 
목마르면 달려와 얼른 먹고 가지요 "
242,시냇물,"냇물아 흘러 흘러 어디로 가니
강물 따라가고 싶어 강으로 간다
(간주)
강물아 흘러 흘러 어디로 가니
넓은 세상 보고 싶어 바다로 간다 "
243,기러기 (초등학교 5~6학년 과정),"달 밝은 가을밤에 기러기들이
찬 서리 맞으면서 어디로 들 가나요
고단한 날개 쉬어가라고
갈대들이 손을 저어 기러기를 부르네
(간주)
산 넘고 물을 건너 머나먼 길을
훨훨 날아 우리 땅을 다시 찾아왔어요
기러기들이 살러 가는 곳
달아 달아 밝은 달아 너는 알고 있겠지 "
244,장난감 기차,"장난감 기차 퐁퐁퐁
장난감 기차 퐁퐁퐁
강 한 바퀴 돌고
마당 한 바퀴 돌고
(간주)
장난감 기차 떠난다
새마을로 떠난다
심술쟁이 못 간다
착한 아이만 타라 "
245,가게 놀이,"아이 재밌다 아이 재밌다
가게 놀이 참 재밌다
십 원에 두 개짜리 과자도 사고요
오십 원하는 그림책도 있고요
아이 재밌다 아이 재밌다
가게 놀이 참 재밌다 
(반복) "
246,할아버지 농장,"할아버지 농장에 이야이야오
그 농장에는 오리가 이야이야오
예서 꽥 꽥 꽥 제서 꽥 꽥 꽥
예서 꽥 제서 꽥 예서 제서 꽥꽥
할아버지 농장에 이야이야오
(반복) "
247,매미 (초등학교1~2학년 과정),"숲속의 매미가 노래를 하면
파란 저 하늘이 더 파래지고
과수 밭 열매가 절로 익는다
과수 밭 열매가 절로 익는다
(간주)
숲속의 매미가 노래를 하면
찬 이슬아침마다 흠뻑 내리고
가을이 저만큼 다가온다죠
가을이 저만큼 다가온다죠 "
248,누가 누가 잠자나,"넓고 넓은 밤하늘엔 누가 누가 잠자나
하늘나라 아기별이 깜빡깜빡 잠자지
(간주)
깊고 깊은 숲 속에선 누가 누가 잠자나
산새 들새 모여 앉아 꼬박꼬박 잠자지
(간주)
포근포근 엄마 품엔 누가 누가 잠자나
우리 아기 예쁜 아기 새근새근 잠자지 "
249,산바람 강바람 (초등학교 3~4학년 과정),"산 위에서 부는 바람 서늘한 바람
그 바람은 좋은 바람 고마운 바람
여름에 나무꾼이 나무를 할 때
이마에 흐른 땀을 씻어 준대요
(반복)
강 가에서 부는 바람 시원한 바람
그 바람은 좋은 바람 고마운 바람
사공이 배를 젓다 잠이 들어도
저 혼자서 나룻배를 저어 간대요 "
250,짤랑짤랑,"짤랑짤랑 짤랑짤랑 으쓱으쓱 짤랑짤랑 짤랑짤랑 으쓱으쓱
쭈욱쭈욱 으쓱으쓱으쓱 쭈욱쭈욱 으쓱으쓱
랄랄랄랄 랄라 깡충깡충깡충 랄랄랄랄 랄랄랄라 깡충깡충
랄랄랄랄 랄라 깡충깡충깡충 랄랄랄라 깡충깡충
하늘 보고 뚝딱딱 땅을 보고 통통통
하늘 보고 뚝딱뚝딱뚝딱 땅을 보고 통통통
데구루루 구르고 벌떡 일어나 데구루루 구르고
벌떡 일어나 훨훨 내리고 훨훨 내리고 훨훨 내리고 훨훨
야!~~ "
251,개구리 (초등학교1~2학년 과정),"개굴개굴 개구리 노래를 한다 
아들 손자며느리 다 모여서 
밤새도록 하여도 듣는 이 없네 
듣는 사람 없어도 날이 밝도록 
개굴개굴 개구리 노래를 한다 
개굴개굴 개구리 목청도 좋다
(반복) "
252,숲 속 초막집,"숲속 초막집 창가에 작은 아이가 섰는데
토끼 한 마리가 뛰어와 문 두드리며 하는 말
날 좀 살려주세요 날 좀 살려주세요
날 살려주지 않으면 포수가 빵 쏜대요 
작은 토끼야 들어와 편히 쉬어라
(반복) "
253,다섯 작은 꾀꼬리,"다섯 작은 꾀꼬리 나무에 앉아 
한 마리 날아 넷 남았네
꾀꼬리 꾀꼬리 참 예쁘다
꾀꼬리 꾀꼬리 날으네
넷 작은 꾀꼬리 마루에 앉아
한 마리 날아 셋 남았네
꾀꼬리 꾀꼬리 참 예쁘다
꾀꼬리 꾀꼬리 날으네
셋 작은 꾀꼬리 햇볕에 앉아 
한 마리 날아 둘 남았네 
꾀꼬리 꾀꼬리 참 예쁘다 
꾀꼬리 꾀꼬리 날으네 
(간주)
둘 작은 꾀꼬리 지붕에 앉아
한 마리 날아 하나 남았네 
꾀꼬리 꾀꼬리 참 예쁘다 
꾀꼬리 꾀꼬리 날으네 
한 작은 꾀꼬리 
혼자 놀더니 멀리 날아가 버렸네 
꾀꼬리 꾀꼬리 참 예쁘다 
꾀꼬리 꾀꼬리 날으네 "
254,어린 음악대,"따따따 따따따 주먹 손으로
따따따 따따따 나팔 붑니다
우리들은 어린 음악대
동네 안에 제일가지요
(간주)
쿵작작 쿵작작 둥근 차돌로
쿵작작 쿵작작 북을 칩니다
구경꾼은 모여드는데
어른들은 하나 없지요.

따따따 따따따 주먹 손으로
따따따 따따따 나팔 붑니다
우리들은 어린 음악대
동네 안에 제일가지요 "
255,목장길따라,"목장길따라 밤길 거닐어
고운님 함께 집에 오는데
목장길따라 밤길 거닐어
고운님 함께 집에 오는데
스타도라 스타도라 스타도라품바
스타도라품바 스타도라품바
스타도라 스타도라 스타도라품바
스타도라품바 품품품

숲 근처 올 때 두견새 울어
내 사랑 고백하기 좋았네
숲 근처 올 때 두견새 울어
내 사랑 고백하기 좋았네
스타도라 스타도라 스타도라품바
스타도라품바 스타도라품바
스타도라 스타도라 스타도라품바
스타도라품바 품품품 "
256,하얀 나라,"나는 눈이 좋아서 꿈에 눈이 오나 봐
온 세상이 모두 하얀 나라였지 어젯밤 꿈속에
썰매를 탔죠 눈싸움했죠 커다란 눈사람도 만들었죠
나는 눈이 좋아서 꿈에 눈이 오나 봐
온 세상이 모두 하얀 나라였지 어젯밤 꿈속에
(반복) "
257,과일의 노래,"빨강빨강 옷 입으면 내 이름은 자두 
여러분 여러분 내 이름은 자두 
자두 맛이 과일 중에 제일 좋아 

노랑노랑 옷 입으면 내 이름은 살구 
여러분 여러분 내 이름은 살구 
살구 맛이 과일 중에 제일 좋아 

빨강빨강 옷 입으면 내 이름은 딸기 
여러분 여러분 내 이름은 딸기 
딸기 맛이 과일 중에 제일 좋아 "
258,하늘나라 동화 (제9회 MBC 창작동요제),"동산 위에 올라서서 파란 하늘 바라보며 
천사 얼굴 선녀 얼굴 마음속에 그려봅니다 
하늘 끝까지 올라 실바람을 끌어안고 
날개 달린 천사들과 속삭이고 싶어라 
(간주)
동산 위에 올라서서 파란 하늘 바라보며 
천사 얼굴 선녀 얼굴 마음속에 그려봅니다 
하늘 끝까지 올라 실바람을 끌어안고 
아름다운 선녀들과 뛰어놀고 싶어라 "
259,어머님 은혜 (초등학교 3~4학년 과정),"높고 높은 하늘이라 말들 하지만
나는 나는 높은 게 또 하나 있지
낳으시고 기르시는 어머님 은혜
푸른 하늘 그보다도 높은 것 같아
(간주)
넓고 넓은 바다라고 말들 하지만
나는 나는 넓은 게 또 하나 있지
사람 되라 이르시는 어머님 은혜
푸른 바다 그보다도 넓은 것 같아 "
260,등대지기 (초등학교1~2학년 과정),"얼어붙은 달그림자 물결 위에 차고
한겨울에 거센 파도 모으는 작은 섬
생각하라 저 등대를 지키는 사람에
거룩하고 아름다운 사랑의 마음을
(간주)
모질게도 비바람이 저 바다를 덮어
산을 이룬 거센 파도 천지를 흔든다 
이 밤에도 저 등대를 지키는 사람의 
거룩한 손 정성이여 바다를 비친다 "
261,모래성,"모래성이 차례로 허물어지면
아이들도 하나 둘 집으로 가고
내가 만든 모래성이 사라져 가니
산 위에는 별이 홀로 반짝거려요
(간주)
밀려오는 물결에 자취도 없이
모래성이 하나 둘 허물어지고
파도가 어두움을 실어 올 때에
마을에는 호롱불이 곱게 켜져요 "
262,소나무,"소나무야 소나무야 언제나 푸른 네 빛
쓸쓸한 가을날이나 눈보라 치는 날에도
소나무야 소나무야 변하지 않는 네 빛
(반복) "
263,새봄 (제10회 MBC 창작동요제),"새파란 봄 하늘에 아지랑이 꿈꾸고
풀피리 소리에 눈꽃 뜨고 나비는 즐겁네
꽃바람 살랑 불면 진달래 손을 잡고
날아라 산새야 꿈을 싣고 새봄 노래하자
(간주)
새파란 봄 하늘에 버들가지 춤추고
여울물 소리에 장단 맞춰 나비는 춤추네
꽃바람 살랑 불면 개나리 손을 잡고
날아라 산새야 꿈을 엮어 새봄 얘기하자 "
264,과꽃 (초등학교 5~6학년 과정),"올해도 과꽃이 피었습니다 
꽃밭 가득 예쁘게 피었습니다 
누나는 과꽃을 좋아했지요 
꽃이 피면 꽃밭에서 아주 살았죠
(간주) 
과꽃 예쁜 꽃을 들여다보면 
꽃 속에 누나 얼굴 떠오릅니다 
시집간 지 언 삼 년 소식이 없는 
누나가 가을이면 더 생각나요 "
265,어느 봄 날 (제26회 MBC 창작동요제),"돌배 꽃 꽃잎에 쌓여
어느 새 잠이 든 낮달
잠 깨워 데려갈 구름 없어
꽃 속에 낮잠을 잔다
꿀벌아 멀리 멀리 가거라
선 잠 깬 낮달이
울면서 멀리 떠날라
돌배 꽃 꽃잎에 쌓여
어느 새 잠이 든 낮달
잠 깨워 데려갈 구름 없어
꽃 속에 낮잠을 잔다
(간주)
꿀벌아 멀리 멀리 가거라
선 잠 깬 낮달이
울면서 멀리 떠날라
돌배 꽃 꽃잎에 쌓여
어느 새 잠이 든 낮달
잠 깨워 데려갈 구름 없어
꽃 속에 낮잠을 잔다 "
266,봄 오는 소리 (초등학교 5~6학년 과정),"땅속에 꽃씨가 잠을 깨나 봐
들마다 언덕마다 파란 숨결 소리에
포시시 눈을 뜨는 예쁜 꽃망울
산을 넘고 강을 건너 봄 오는 소리
(간주)
꿈꾸던 나무가 깨어나나 봐
뿌리로 물을 긷는 고운 맥박 소리에
쏙쏙쏙 고개 드는 밭가에 냉이들
산을 넘고 강을 건너 봄 오는 소리 "
267,요기 여기,"눈은 어디 있나 요~기
코는 어디 있나 요~기
귀는 어디 있나 요~기
입은 어디 있을까 요기
엄마 눈은 어디 있나 여~기
엄마 코는 어디 있나 여~기
엄마 귀는 어디 있나 여~기
입은 어디 있을까 여기 "
268,나란히나란히 (초등학교1~2학년 과정),"나란히 나란히 나란히
밥상 위에 젓가락이 
나란히 나란히 나란히
댓돌 위에 신발들이 
나란히 나란히 나란히
짐수레의 바퀴들이 
나란히 나란히 나란히
학교길에 동무들이 
나란히 나란히 나란히
나란히 나란히 나란히
(반복) "
269,파란 나라,"파란나라를 보았니 꿈과 사랑이 가득한
파란나라를 보았니 천사들이 사는 나라
파란나라를 보았니 맑은 강물이 흐르는
파란나라를 보았니 울타리가 없는 나라
난 찌르찌르의 파랑새를 알아요
난 안데르센도 알고요
저 무지개를 넘어 파란나라 있나요?
저 파란 하늘 끝엔 거기 있나요?
동화책 속에 있고 텔레비전에 있고
아빠의 꿈에 엄마의 눈 속에 언제나 있는 나라
아무리봐도 없고 아는 사람도 없어
누구나 한번 가보고 싶어서 생각만 하는 나라
우리가 한번 해봐요 온 세상 모두 손잡고
새파란 마음 한마음 새파란 나라 지어요
(간주)
나 찌르찌르의 파랑새를 알아요
나 안데르센도 알고요
저 무지개 넘어 파란나라 있나요
저 파란하늘 끝엔 거기 있나요
동화책 속에 있고 텔레비전에 있고
아빠의 꿈에 엄마의 눈 속에 언제나 있는 나라
아무리 봐도 없고 아는 사람도 없어
누구나 한번 가보고 싶어서 생각만 하는 나라
우리가 한번 해봐요 온 세상 모두 손잡고
새파란 마음 한마음 새파란 나라 지어요
우리가 한번 해봐요 온 세상 모두 손잡고
새파란 마음 한마음 새파란 나라 지어요
우리가 한번 해봐요 온 세상 모두 손잡고
새파란 마음 한마음 새파란 나라 지어요
새파란 나라 
우리 손으로 지어요 어린이 손에 주세요 손! "
270,텔레비전,"텔레비전에 내가 나왔으면
정말 좋겠네 정말 좋겠네
텔레비전에 내가 나왔으면
정말 좋겠네 정말 좋겠네
춤추고 노래하는 예쁜 내 얼굴
텔레비전에 내가 나왔으면
정말 좋겠네 정말 좋겠네
텔레비전에 엄마 나왔으면
정말 좋겠네 정말 좋겠네
텔레비전에 엄마 나왔으면
정말 좋겠네 정말 좋겠네
아기가 엄마하고 부를 테니까
텔레비전에 엄마 나왔으면
정말 좋겠네 정말 좋겠네
(간주)
텔레비전에 내가 나왔으면
정말 좋겠네 정말 좋겠네
텔레비전에 내가 나왔으면
정말 좋겠네 정말 좋겠네
춤추고 노래하는 예쁜 내 얼굴
텔레비전에 내가 나왔으면
정말 좋겠네 정말 좋겠네 "
271,즐거운 나의 집,"즐거운 곳에서는 날 오라 하여도
내 쉴 곳은 작은 집 내 집뿐이리
내 나라 내 기쁨 길이 쉴 곳도
꽃 피고 새 우는 집 내 집뿐이리
오~ 사랑 나의 집
즐거운 나의 벗 집 내 집뿐이리
즐거운 나의 벗 집 내 집뿐이리 "
272,활짝 웃어요,"걱정을 모두 벗어 버리고서 스마일 스마일 스마일
어린이답게 활짝 웃어요 세상 밝으니
걱정하면 무엇해 즐겁게 노래하자
걱정을 모두 벗어 버리고서 스마일 스마일 스마일
(반복) "
273,주먹 쥐고,"주먹 쥐고 손을 펴서
손뼉 치고 주먹 쥐고
또다시 펴서 손뼉 치고
두 손을 머리 위에
해님이 반짝 해님이 반짝
해님이 반짝 반짝거려요

주먹 쥐고 손을 펴서
손뼉 치고 주먹 쥐고
또다시 펴서 손뼉 치고
두 손을 머리 위에
나비가 훨훨 나비가 훨훨 
나비가 훨훨 훨훨 날아요
(간주)
주먹 쥐고 손을 펴서
손뼉 치고 주먹 쥐고
또다시 펴서 손뼉 치고
두 손을 머리 위에
나팔이 뚜뚜 나팔이 뚜뚜
나팔이 뚜뚜 나팔 불어요 "
274,병원차와 소방차,"하얀 병원차가 삐뽀삐뽀 
내가 먼저 가야 해요 삐뽀삐뽀
아픈 사람 탔으니까 삐뽀삐뽀 
병원으로 가야 해요 삐뽀삐뽀
(간주)
빨간 소방차가 애앵애앵 
내가 먼저 가야 해요 애앵애앵
불났어요 불났어요 애앵애앵 
불을 끄러 가야 해요 애앵애앵앵 "
275,작은 세상,"함께 나누는 기쁨과 슬픔 함께 느끼는 희망과 공포
이제야 비로소 우리는 알았네 작고 작은 이 세상
산이 높고 험해도 바다 넓고 깊어도
우리 사는 이 세상 아주 작고 작은 곳
함께 나누는 기쁨과 슬픔 함께 느끼는 희망과 공포
이제야 비로소 우리는 알았네 작고 작은 이 세상 "
276,미술 시간 (제12회 MBC 창작동요제),"하하 호호 시끌벅적 
미술 시간 시끄럽긴 하지만
하하 호호 시끌벅적
미술 시간 재미있어요
빨주노초파남보
아름다운 무지개 생기고
탐스러운 빨간 사과
주렁주렁 열리네
하하 호호 시끌벅적
미술 시간 우리들은 마술사
하하 호호 시끌벅적
미술 시간 우리들 세상
(반복) "
277,그러면 안돼,"아이스크림 맛이 있어서
하나 먹고 둘 먹고 또 먹었더니
꾸르르르르 꾸르르르르 꾸륵 꾸륵
배가 아파요
어지러웠죠 골치 아팠죠
병원에 갔죠 주사 맞았죠
그런데 내 동생들이
하나 먹고 둘 먹고 또먹겠대요
그러면 안돼 그러면 안돼
떽 떽 떼엑
(반복) "
278,기운이나요,"아침 일찍 일어나 마당을 쓸면
잡곡밥도 맛있고 기운이 나요
이웃끼리 도와서 일을 하면
마음도 즐겁고 기운이 나요
(반복) "
279,건너가는 길,"건너가는 길을 건널 때
빨간불 안돼요 노란불 안돼요
초록 불이 돼야죠
신호등이 없는 길에선
달려도 안돼요 뛰어도 안돼요
손을 들고 가야죠
(반복) "
280,감자도리쏭,"도리 도리 도리 도리 감자도리
빨간망또 작은 눈에 감자도리
고구마가 되고 싶어 꿈을 꾼다
모험을 떠난다
오바겅쥬 유혹 속에 감자도리
마법 보석 찾아가는 감자도리
오늘은 또 무슨 일이 일어날까
가슴이 콩닥콩당
하지만 널위해 라면 할 수가 있어
모든 두려움 이겨낼 수 있어
어려움이란 당연한걸
내가 꾼 꿈인걸 정말로
다정다감 순수만점 감자도리
우리 함께 떠나봐요 꿈을 찾아
내일이면 난 소원 이뤄
고구마 돼 있을걸 
기다려줘
다정다감 순수만점 감자도리
우리 함께 떠나봐요 꿈을 찾아
내일이면 난 소원 이뤄 
고구마 돼 있을걸
오! "
281,파란 가을 하늘 (초등학교1~2학년 과정),"파란 가을 하늘 아래
단풍잎을 밟으며
바구니 끼고서 밤을 줍네
가을도 밤처럼 익어가네
(간주)
파란 가을 맑은 바람
따슨 햇빛 받으며
장대를 들고서 감을 따네
가을도 감처럼 익어가네 "
282,겨울밤,"부엉 부엉새가 우는 밤 
부엉 춥다고서 우는데
우리들은 할머니 곁에 
모두 옹기종기 앉아서
옛날이야기를 듣지요

붕붕 가랑잎이 우는 밤 
붕붕 춥다고서 우는데
우리들은 화롯가에서 
모두 옹말졸망 모여서 
밤을 호호 구워 먹지요 "
283,꼬까신 (초등학교 3~4학년 과정),"개나리 노오란 꽃그늘 아래
가지런히 놓여있는 꼬까 신하나
아기는 살짝 신 벗어 놓고
맨발로 한들한들 나들이 갔나
가지런히 기다리는 꼬까신 하나
(반복) "
284,빙고,"앞집에 사는 개 이름 빙고라지요
b-i-n-g-o b-i-n-g-o b-i-n-g-o
빙고는 개 이름
(반복) "
285,짝짜꿍,"엄마 앞에서 짝짜꿍
아빠 앞에서 짝짜꿍
엄마 한숨은 잠자고
아빠 주름살 퍼져라
(간주)
해님 보면서 짝짜꿍
도리도리 짝짜꿍
우리 엄마가 웃는다
우리 아빠가 웃는다 "
286,바둑이 방울,"달랑달랑 달랑
달랑달랑 달랑
바둑이 방울 잘도 울린다
학교 길에 마중 나와서
반갑다고 꼬리 치며 따라온다
달랑달랑 달랑
달랑달랑 달랑
바둑이 방울 잘도 울린다
(간주)
달랑달랑 달랑
달랑달랑 달랑
바둑이 방울 잘도 울린다
대문 삐걱 열어 주면은
제가 먼저 달음질쳐 들어온다
달랑달랑 달랑
달랑달랑 달랑
바둑이 방울 잘도 울린다 "
287,개구리 유치원,"개구리 유치원은 연못이래요 
날마다 헤엄치기 공부한대요 
파닥파닥 텀벙텀벙 쑥 쑥 쑥 
(간주)
잘 친다 잘도 친다 헤엄 잘 친다 
앞에 가는 저 개구리 선생님이지 
파닥파닥 텀벙텀벙 쑥 쑥 쑥 "
288,다람쥐,"산골짜기 다람쥐 아기 다람쥐
도토리 점심가지고 소풍을 간다
다람쥐야 다람쥐야 재주나 한번 넘으렴
파알딱 파알딱팔딱 날도 정말 좋구나
(반복) "
289,노래는 즐겁다 (초등학교 3~4학년 과정),"노래는 즐겁다
지저귀는 멧새처럼
비배쫑 비배쫑
비배쫑 배쫑배쫑
노래를 부르면
해도 달도 내 동무
(간주)
노래는 즐겁다
속삭이는 냇물처럼
졸졸졸 졸졸졸
졸졸졸 졸졸졸졸
노래를 부르면
산도 들도 내 동무 "
290,새 신 (초등학교1~2학년 과정),"새 신을 신고 뛰어 보자 팔짝
머리가 하늘까지 닿겠네
새 신을 신고 달려보자 휙휙
단숨에 높은 산도 넘겠네
(반복) "
291,서로서로 도와가며 (초등학교 3~4학년 과정),"아랫집 윗집 사이에 울타리는 있지만
기쁜 일 슬픈 일 모두 내 일처럼 여기고
서로서로 도와가며 한집처럼 지내자
우리는 한겨레다 단군의 자손이다
(간주)
우리 집 너희 집 사이에 울타리는 있지만
잘못이 있어도 모두 용서하고 타일러
서로서로 도와가면 형제처럼 지내자
우리는 한겨레다 단군의 자손이다 "
292,기찻길 옆,"기찻길 옆 오막살이 아기 아기 잘도 잔다
칙 폭 칙칙폭폭 칙칙폭폭 칙칙폭폭
기차 소리 요란해도 아기 아기 잘도 잔다
(간주)
기찻길 옆 옥수수밭 옥수수는 잘도 큰다
칙 폭 칙칙폭폭 칙칙폭폭 칙칙폭폭
기차 소리 요란해도 옥수수는 잘도 큰다 "
293,눈꽃새,"하얀 눈 하얀 눈 어째서 하얀가 
마음이 맑으니 하얗지 
(간주)
빨강 꽃 빨강 꽃 어째서 빨간가 
마음이 예쁘니 빨갛지 
파랑새 파랑새 어째서 파란가 
파란 콩 먹으니 파랗지 "
294,둥근 달,"보름달 둥근 달 동산 위에 떠올라
어둡던 마을이 대낮처럼 환해요
초가집 지붕에 새하얀 박꽃이
활짝들 피어서 달구경 하지요
(반복) "
295,둘이 살짝 (초등학교1~2학년 과정),"둘이 살짝 손잡고 오른쪽으로 돌아요 
둘이 살짝 손잡고 왼쪽으로 돌아요 
내 무릎치고 네 어깨치고 
내 손뼉 치고 네 손뼉 치고 
내 무릎치고 네 어깨치고 
내 손뼉 치고 네 손뼉 치고 
둘이 살짝 손잡고 오른쪽으로 돌아요 
둘이 살짝 손잡고 왼쪽으로 돌아요
(반복) "
296,오이,"오이 오이 내 이름은 오이
길쭉길쭉 날씬날씬
오이 오이 초록색깔 오이
(반복) "
297,병아리,"삐요 삐요 병아리 노래 노래 잘 부른다
굽신 굽신 병아리 춤도 춤도 잘 춘다
아장 아장 병아리 먼데 서면 길 잃는다
예쁜 예쁜 병아리 담밑에서 소꿉놀자

삐요 삐요 병아리 노래 노래 잘 부른다
굽신 굽신 병아리 춤도 춤도 잘 춘다 "
298,한국을 빛낸 100명의 위인들,"아름다운 이 땅에 금수강산에 단군 할아버지가 터 잡으시고 
홍익인간 뜻으로 나라 세우니 대대손손 훌륭한 인물도 많아 
고구려 세운 동명왕 백제 온조왕 알에서 나온 혁거세
만주벌판 달려라 광개토대왕 신라 장군 이사부
백결선생 떡방아 삼천궁녀 의자왕 황산벌의 계백 맞서 싸운 관창
역사는 흐른다
말목 자른 김유신 통일 문무왕 원효대사 해골 물 혜초 천축국
바다의 왕자 장보고 발해 대조영 귀주대첩 강감찬 서희 거란족
무단 정치 정중부 화포 최무선 죽림칠현 김부식
지눌국사 조계종 의천 천태종 대마도정벌 이종무
일편단심 정몽주 목화씨는 문익점 해동공자 최충 삼국유사 일연
역사는 흐른다
(간주) 
황금을 보기를 돌같이 하라 최영 장군의 말씀 받들자
황희 정승 맹사성 과학 장영실 신숙주와 한명회 역사는 안다
십만 양병 이율곡 주리 이퇴계 신사임당 오죽헌
잘 싸운다 곽재우 조헌 김시민 나라 구한 이순신
태정태세문단세 사육신과 생육신 몸 바쳐서 논개 행주치마 권율
역사는 흐른다
번쩍번쩍 홍길동 의적 임꺽정 대쪽 같은 삼학사 어사 박문수
삼년 공부 한석봉 단원 풍속도 방랑시인 김삿갓 지도 김정호
영조대왕 신문고 정조 규장각 목민심서 정약용
녹두장군 전봉준 순교 김대건 서화가무 황진이
못살겠다 홍경래 삼일천하 김옥균 안중근은 애국 이완용은 매국
역사는 흐른다
별헤는 밤 윤동주 종두 지석영 삼십삼인 손병희
만세만세 유관순 도산 안창호 어린이날 방정환
이수일과 심순애 장군의 아들 김두한
날자꾸나 이상 황소그림 중섭
역사는 흐른다 "
299,축하합니다 (생일 축하 노래),"축하합니다 축하합니다 당신의 생일을 축하합니다 
축하합니다 축하합니다 당신의 생일을 축하합니다 
하늘에 반짝이는 별빛 흐르고 방안엔 따사로운 웃음이 흐르고 
우리의 사랑이 넘치는 이 날 따뜻한 마음 함께 나눠요
축하합니다 축하합니다 당신의 생일을 축하합니다 
축하합니다 축하합니다 당신의 생일을 축하합니다
(반복) "
