title,contents,decoder_input,decoder_target
하루,제비 마리 우리 지붕 아래 주머니 꽃잎들 어제 세수한 얼굴 따뜻한 햇살 동생 바둑 나비 동산 하나 친구들 잔디 구름 그림 하늘 도화지 솜사탕 간주 라라라라라 라라라라라 라라라라라 라라 라라라라 따뜻한 햇살 동생 바둑 나비 동산 하나 친구들 잔디 구림 그림 하늘 도화지 엄마 얼굴,sostoken 하루,하루 eostoken
세마리,마리 아빠곰 엄마곰 애기곰 아빠곰 엄마곰 날씬 애기곰 반복,sostoken 세마리,세마리 eostoken
아기 염소 창작동요제,하늘 하늘 언덕 아기염소 여럿 얼굴 빗방울 뚝뚝뚝뚝 얼굴 엄마 아빠 울상 기다렸나봐 홀짝홀짝 콩콩콩 콩콩콩 아기 염소들 반복,sostoken 아기 염소 창작동요제,아기 염소 창작동요제 eostoken
동물농장,닭장속 암탉 문간 거위 배나무 염소 외양간 송아지 닭장속 암탉들 문간 거위들 배나무 염소들 외양간 송아지 산속 뻐꾸기 하늘 종달새 부뚜막 고양이 마루 강아지 산속 뻐꾸기 하늘 종달새 부뚜막 고양이 마루 강아지 하이아야 오오오 하이아야 오오오,sostoken 동물농장,동물농장 eostoken
멋쟁이 토마토,몸매 새콤 달콤 향내 멋쟁이 토마토 토마토 나는야 주스 될거야 나는야 케첩 될거야 나는야 출거야 토마토 토마토 반복 간주 나는야 주스 될거야 나는야 케첩 될거야 나는야 출거야 토마토 토마토 토마토 토마토,sostoken 멋쟁이 토마토,멋쟁이 토마토 eostoken
수박 파티,수박하 우리 하모니카 쭉쭉쭉 쓱쓱쓱 싹싹싹 쭉쭉쭉 쓱쓱쓱 싹싹싹 반복,sostoken 수박 파티,수박 파티 eostoken
얼굴 찌푸리지 말아요,얼굴 모두 잖아요 기쁨 친구들 혼자 주위 모두 친구 우리 거예요 시련 좌절 우리 친구들 우리 원투쓰리포 얼굴 모두 기쁨 친구들 혼자 주위 모두 친구 간주 우리 거예요 시련 좌절 우리 친구들 우리 원투쓰리포 얼굴 모두 기쁨 친구들 혼자 주위 모두 친구 얼굴 모두 기쁨 친구들 혼자 주위 모두 친구,sostoken 얼굴 찌푸리지 말아요,얼굴 찌푸리지 말아요 eostoken
싹트네,마음 사랑 마음 사랑 파도 마음 사랑 마음 사랑 반복,sostoken 싹트네,싹트네 eostoken
작은 초등학교 학년 과정,구슬 저녁하늘 금강석 깔아논듯 소근 소근 햇님 얼굴 반복,sostoken 작은 초등학교 학년 과정,작은 초등학교 학년 과정 eostoken
다시 한번 만화 또봇 오프닝,그곳 함께인걸 어려움 세상 험난해 때론 한번 때론 한번,sostoken 다시 한번 만화 또봇 오프닝,다시 한번 만화 또봇 오프닝 eostoken
꿈꾸지 않으면,가려네 사랑 마음 사랑 우리 아무 가지 우리들 누구 우리들 세상 희망 희망 희망 희망 희망 희망,sostoken 꿈꾸지 않으면,꿈꾸지 않으면 eostoken
당신은 사랑받기 위해 태어난 사람,당신 사랑받기 사람 당신 사랑 당신 사랑받기 사람 당신 사랑 태초 시작 하나님 사랑 우리 열매 당신 세상 존재함 우리 당신 사랑받기 사람 사랑 당신 사랑받기 사람 사랑 간주 태초 시작 하나님 사랑 우리 열매 당신 세상 존재함 우리 당신 사랑받기 사람 사랑 당신 사랑받기 사람 사랑 당신 사랑받기 사람 사랑 당신 사랑받기 사람 사랑 사랑 사랑,sostoken 당신은 사랑받기 위해 태어난 사람,당신은 사랑받기 위해 태어난 사람 eostoken
러브송,미소 꽃잎 우리 사랑 축복 순간 마법 그대 사랑 되고파 시간 이젠 자리 된거 미소 꽃잎 우리 사랑 축복해 간주 행복 팝콘 처럼 부풀길 때론 시간 희망 잠들길 소박 약속 간직 미소 꽃잎 우리 사랑 축복해 간주 그대 사랑 그댄 영원 우리 오늘 사랑해 하늘 그대 사랑 그댄 영원 우리 오늘 사랑해 하늘,sostoken 러브송,러브송 eostoken
높임말 친구 창작동요대회,우리들 이상해 어른들 하늘높이 우리들 이상해 어른들 요구르트 달콤 요술 신기한데 요요요요 잉잉잉 우리들 하는말은 이상해 어른들 친구 간주 요요요요 잉잉잉 우리들 이상해 어른들 친구 랄라라랄라 랄라라랄랄라 랄라라랄라 랄랄랄라 랄라라랄라 랄랄라 친구,sostoken 높임말 친구 창작동요대회,높임말 친구 창작동요대회 eostoken
좋은 창작동요제,사랑 한마디 우리 식구 사랑 한마디 엄마 아빠 가슴 콩닥콩닥 뛴데요 사랑 한마디 한마디 한마디 반복 사랑 사랑,sostoken 좋은 창작동요제,좋은 창작동요제 eostoken
아빠 힘내세요 창작동요제,딩동댕 초인종 소리 아빠 아빠 오늘 아빠 얼굴 우울 걱정 마음 오늘 아빠 우리 아빠 우리 간주 딩동댕 초인종 소리 아빠 아빠 오늘 아빠 얼굴 우울 걱정 마음 오늘 아빠 우리 아빠 우리 아빠,sostoken 아빠 힘내세요 창작동요제,아빠 힘내세요 창작동요제 eostoken
예쁜 아기곰 창작동요제,털옷 아기곰 소망 얘기 행복해 비밀 얼굴 아기곰 반복,sostoken 예쁜 아기곰 창작동요제,예쁜 아기곰 창작동요제 eostoken
악어떼,정글 엉금 엉금 늪지대 악어떼 나올라 악어떼 반복,sostoken 악어떼,악어떼 eostoken
머리 어깨 무릎,머리 어깨 무릎 무릎 머리 어깨 무릎 무릎 머리 어깨 무릎 머리 어깨 무릎 반복,sostoken 머리 어깨 무릎,머리 어깨 무릎 eostoken
작은 동물원,삐약 삐약 병아리 음메 음메 송아지 따당 따당 사냥꾼 뒤뚱 뒤뚱 물오리 개구리 가재 푸르르르르르 물풀 반복,sostoken 작은 동물원,작은 동물원 eostoken
꼬부랑 할머니,꼬부랑 할머니 꼬부랑 고갯길 꼬부랑 꼬부랑 꼬부랑 꼬부랑 꼬부랑 꼬부랑 고개 열두고개 고개 고개 반복,sostoken 꼬부랑 할머니,꼬부랑 할머니 eostoken
우유송,콜라 홍차 커피 핫쵸코 사이 우유 맛좋고 색깔 영양 최고 깔끔한 입맛 우유 단백질 칼슘 비타민 건강 입맛 우유 우유 우유 우유 우유 우유 세상 우유 세상 상상하기 우유 우유 영어 밀크 우유 공부 한잔 게임 한잔 우유 우유 우유병 신선한 우유만 진짜 우유 우유 튼튼 얼른자라서 일꾼 되볼랍니다 우유 우유 우유 우유 우유 세상 우유 우유 우유 우유 우유 세상 세상,sostoken 우유송,우유송 eostoken
솜사탕 초등학교 학년 과정,나뭇가지 솜사탕 깨끗 솜사탕 엄마 나들이 솜사탕 구멍 솜사탕 반복,sostoken 솜사탕 초등학교 학년 과정,솜사탕 초등학교 학년 과정 eostoken
아기 다람쥐 또미 창작동요제,쪼로로롱 산새 아기 다람쥐 울창한 나무 아기다람쥐 또미 랄라 노래 아침 트랄라 아기다람쥐 또미 반복,sostoken 아기 다람쥐 또미 창작동요제,아기 다람쥐 또미 창작동요제 eostoken
피노키오,꼭두각시 인형 피노키오 머리 천사 피아노 미술 영어 공부 말썽쟁이 피노키오야 우리 아빠 꿈속 오늘밤 놀이 꼭두각시 인형 피노키오 장난감 숙제 시험 청개구리 피노키오야 우리 엄마 꿈속 오늘밤 간주 꼭두각시 인형 피노키오 머리 천사 학교 학원 독서실 페트 피노키오야 엄마 아빠 꿈속 오늘밤 피노키오 줄타 꼭두각시 줄타 아이,sostoken 피노키오,피노키오 eostoken
클로버 창작동요제,산골짜기 사이 샘터 사이 이슬 클로버 랄랄라 랄랄라 랄랄라 랄랄라 행운 얼굴 미소 한줄기 따스 햇살 희망 가득 친구 반복,sostoken 클로버 창작동요제,클로버 창작동요제 eostoken
도깨비 나라,이상 도깨비 방망이 무엇 뚝딱 뚝딱 반복,sostoken 도깨비 나라,도깨비 나라 eostoken
나비야,나비 나비 이리날 오너 노랑나비 흰나비 오너 봄바람 꽃잎 방긋방긋 참새 짹짹짹 반복,sostoken 나비야,나비야 eostoken
파란마음 하얀마음 초등학교 학년 과정,우리들 마음 여름 여름 산도들 나무 하늘 간주 우리들 마음 겨울 겨울 산도들 지붕 깨끗 마음 자라,sostoken 파란마음 하얀마음 초등학교 학년 과정,파란마음 하얀마음 초등학교 학년 과정 eostoken
고향의 초등학교 학년 과정,고향 산골 복숭아꽃 살구꽃 아기 진달래 대궐 자리 동네 꽃동네 새동네 고향 남쪽 바람 냇가 수양버들 동네,sostoken 고향의 초등학교 학년 과정,고향의 초등학교 학년 과정 eostoken
노을 창작동요제,바람 저녁연기 색동옷 언덕 노을 허수아비 웃음 초가지붕 고개 논밭 열매 가을바람 저녁연기 색동옷 언덕 저녁놀 반복,sostoken 노을 창작동요제,노을 창작동요제 eostoken
시골 하루 창작동요제,뽀오얀 안개 산무등 닭소리 초가집 굴뚝 연기 시골 하루 시작 산비둘기 구구 염소 음매 한가 강아지 농부 빨래 소리 뚝딱 물레방아 초생달 서산 귀뚜라미 자장가 아기 감기 소리 반복,sostoken 시골 하루 창작동요제,시골 하루 창작동요제 eostoken
가을 초등학교 학년 과정,하늘 고운길 트랄랄랄라 트랄랄랄라 트라랄랄랄라 노래 비단길 간주 하늘 고운길 트랄랄랄라 트랄랄랄라 트라랄랄랄라 노래 숲속 우리길,sostoken 가을 초등학교 학년 과정,가을 초등학교 학년 과정 eostoken
나무야,나무 나무 나무 나무 나무 다리 나무 나무 반복,sostoken 나무야,나무야 eostoken
동생,동생 곱슬머리 개구장이 동생 이름 하나 별명 서너 엄마 꿀돼지 아빠 두꺼비 누나 왕자님 어떤게 진짜 간주 동생 곱슬머리 개구쟁이 동생 이름 하나 별명 서너 건강 꿀돼지 두꺼비 용감 슬기 왕자님 어떤게 진짜,sostoken 동생,동생 eostoken
둥근 해가 떴습니다,자리 윗니 아랫니 세수 이쪽 저쪽 머리 거울 가방 인사 유치원 씩씩,sostoken 둥근 해가 떴습니다,둥근 해가 떴습니다 eostoken
도레미 초등학교 학년 과정,도화지 레코드 미나리 파랑새 솔방울 라디오 시냇물 도레미파솔라시 도도시라솔파미레 도미미 미솔솔 레파파 라시시 도미미 미솔솔 레파파 라시시 도레미파솔라시 도솔,sostoken 도레미 초등학교 학년 과정,도레미 초등학교 학년 과정 eostoken
돌과 바윗돌깨트려,바윗돌 돌덩이 돌덩이 돌맹이 돌맹이 자갈돌 자갈돌 모래알 랄라 랄라 랄라 랄라 간주 도랑물 개울물 개울물 시냇물 시냇물 강물 강물 바닷물 랄라 랄라 랄라 랄라,sostoken 돌과 바윗돌깨트려,돌과 바윗돌깨트려 eostoken
푸른 세상 만들기 창작동요제,하늘 뭉게구름 노래 숲속 아빠 엄마 우리 세상 우리 씨앗 우리 하늘 간주 아빠 엄마 우리 세상 우리 씨앗 우리 하늘 하자,sostoken 푸른 세상 만들기 창작동요제,푸른 세상 만들기 창작동요제 eostoken
아이들은 창작동요제,세상 노래 집집 노래 때문 어른들 아이들 아이들 아이들 노랫소리 반복,sostoken 아이들은 창작동요제,아이들은 창작동요제 eostoken
코끼리 초등학교 학년 과정,코끼리 아저씨 과자 코끼리 아저씨 소방수 반복,sostoken 코끼리 초등학교 학년 과정,코끼리 초등학교 학년 과정 eostoken
올챙이와 개구리 브레인 서바이버,개울가 올챙이 마리 꼬물꼬물 뒷다리 앞다리 팔딱팔딱 개구리 꼬물꼬물 꼬물꼬물 꼬물꼬물 올챙이 뒷다리 앞다리 팔딱팔딱 개구리 반복,sostoken 올챙이와 개구리 브레인 서바이버,올챙이와 개구리 브레인 서바이버 eostoken
숫자쏭,초조한데 이야이 이야이 사랑해 사랑해 오늘 육십억 지구 럭키 사랑해 요기조 미소 팔딱팔딱 가슴 구해 마음 사랑해 이맘 변치 않을,sostoken 숫자쏭,숫자쏭 eostoken
씨앗,뿌리 하룻밤 이틀 간주 하룻밤 이틀 뽀로롱 뽀로롱 뽀로롱,sostoken 씨앗,씨앗 eostoken
옆에 옆에,아래 아래 아래 아래 간주 아래 아래 아래 아래 간주 아래 아래 아래 아래,sostoken 옆에 옆에,옆에 옆에 eostoken
쥐가 마리,마리 마리 마리 마리 다섯 마리 여섯 마리 일곱 마리 여덟 마리 아홉 마리 마리 고양이 고양이 어디 쥐구멍 쥐구멍 쥐구멍 반복,sostoken 쥐가 마리,쥐가 마리 eostoken
산중호걸,산중호걸 생일날 각색 짐승 공원 무도회 토끼 여우 바이올린 짠짠 찌가찌 찐짠 찐짠 찐짠하더라 까불하더 반복,sostoken 산중호걸,산중호걸 eostoken
시계 초등학교 학년 과정,시계 아침 똑딱똑딱 시계 아침 똑딱똑딱 소리 똑딱똑딱 시계 똑딱똑딱 시계 똑딱똑딱 모두들 똑딱똑딱 반복,sostoken 시계 초등학교 학년 과정,시계 초등학교 학년 과정 eostoken
산토끼,산토끼 토끼 어디 깡총 깡총 어디 산고개 고개 나혼자 알밤,sostoken 산토끼,산토끼 eostoken
비행기 초등학교 학년 과정,비행기 우리 비행기 간주 비행기 우리 비행기,sostoken 비행기 초등학교 학년 과정,비행기 초등학교 학년 과정 eostoken
엄마돼지 아기돼지,아기돼지 엄마돼지 오냐오냐 꿀꿀꿀꿀 꿀꿀꿀꿀 꿀꿀꿀꿀꿀 아기돼지 바깥 엄마돼지 반복,sostoken 엄마돼지 아기돼지,엄마돼지 아기돼지 eostoken
나라의 어린이,나라 어린이 잠꾸러기 우리나라 나라 어린이 욕심쟁이 우리나라 간주 나라 어린이 거짓말 우리나라 나라,sostoken 나라의 어린이,나라의 어린이 eostoken
호키포키,오른손 오른손 오른손 호키포키 왼손 왼손 왼손 호키포키 오른발 오른발 오른발 호키포키 왼발 왼발 왼발 호키포키 키포키 키포키 키포키,sostoken 호키포키,호키포키 eostoken
옥수수 하모니카 초등학교 학년 과정,우리 아기 하모니카 옥수수 옥수수알 우리 아기 하모니카 도레미파 솔라시 소리 도미솔 도솔미 반복,sostoken 옥수수 하모니카 초등학교 학년 과정,옥수수 하모니카 초등학교 학년 과정 eostoken
코스모스,길가 코스모스 얼굴 길가 코스모스 얼굴 길가 코스모스 얼굴 반복,sostoken 코스모스,코스모스 eostoken
우리 유치원,꽃밭 우리들 유치원 우리 유치원 우리 유치원 아이들 꽃동산 간주 미끄럼 그네뛰기 선생님 풍금 우리 유치원 우리 유치원 아이들 꽃동산,sostoken 우리 유치원,우리 유치원 eostoken
밀과 보리,보리 보리 보리 누구 농부 손뼉 사방 간주 친구 친구 사람 랄라랄라 랄라 랄라랄라 랄라 랄라 랄라 랄라 랄라 랄라 랄라 랄라 랄라,sostoken 밀과 보리,밀과 보리 eostoken
비누방울 만화 아기공룡 둘리 삽입곡,쏙쏙쏙 방울 방울 내방울 내방울 쏙쏙쏙 방울 방울 무지개 하늘 하늘 동글동글 내방울 내방울 하늘 하늘 동글동글 무지개 구름 마음 두리둥실 두리둥실 아롱다롱 꽃잔치 두리둥실 두리둥실 쏙쏙쏙 방울 방울 내방울 내방울 쏙쏙쏙 방울 방울 무지개 하늘 하늘 동글동글 내방울 내방울 하늘 하늘 동글동글 무지개 바다건너 먼나라 간주 쏙쏙쏙 방울 방울 내방울 내방울 쏙쏙쏙 방울 방울 무지개 하늘 하늘 동글동글 내방울 내방울 하늘 하늘 동글동글 무지개 구름 마음 두리둥실 두리둥실 아롱다롱 꽃잔치 두리둥실 두리둥실 쏙쏙쏙 방울 방울 내방울 내방울 쏙쏙쏙 방울 방울 무지개 하늘 하늘 동글동글 내방울 내방울 하늘 하늘 동글동글 무지개,sostoken 비누방울 만화 아기공룡 둘리 삽입곡,비누방울 만화 아기공룡 둘리 삽입곡 eostoken
뾰로롱 꼬마 마녀 만화 뾰로롱 꼬마 마녀 오프닝,뾰로롱 꼬마 마녀 열두 마법 마법 천사 무지갯빛 미소 당신 신비 행복 가게 행복 가게 무엇 싶으세요 그것 스위트밍트 우리 친구 사이 고민 당신 눈동자 뾰로롱 꼬마 마녀 마법 나라 오로라 당신 보내드릴게요 신비 행복 가게 행복 가게 무엇 싶으세요 그것 스위트밍트 우리 친구 사이 고민 당신 눈동자 뾰로롱 꼬마 마녀 마법 나라 오로라 당신,sostoken 뾰로롱 꼬마 마녀 만화 뾰로롱 꼬마 마녀 오프닝,뾰로롱 꼬마 마녀 만화 뾰로롱 꼬마 마녀 오프닝 eostoken
우리 아빤 슈퍼맨 슈퍼맨이 돌아왔다 삽입곡,아빠 이틀 생각 쉽진 아빠 내겐 재밌지 아빤 슈퍼맨일까 아빠 슈퍼맨이야 아빠 이틀 내겐 행운 아빠 내겐 우리 아빤 슈퍼맨 간주 아빤 슈퍼맨일까 아빠 슈퍼맨이야 아빠 이틀 내겐 행운 아빠 내겐 우리 아빤 슈퍼맨,sostoken 우리 아빤 슈퍼맨 슈퍼맨이 돌아왔다 삽입곡,우리 아빤 슈퍼맨 슈퍼맨이 돌아왔다 삽입곡 eostoken
말썽쟁이 짱구 만화 짱구는 못말려 주제가,하나 짱구 세상 제일 말썽쟁이 짱구 천방지축 얼렁뚱땅 앞뒤 짱구 짱구 심심 답답 장난 천재 하늘 해님 사랑 비취 짱구 마음 있을거 친구들 오늘 장난 짱구 오늘 장난 말썽 짱구,sostoken 말썽쟁이 짱구 만화 짱구는 못말려 주제가,말썽쟁이 짱구 만화 짱구는 못말려 주제가 eostoken
치키치키차카차카 만화 날아라 슈퍼보드 오프닝,치키치키차카차카초코초코초 치키치키차카차카초코초코초 치키치키차카차카초코초코초 치키치키차카차카초코초코초 우리 있다네 우리 손오공 치키치키차카차카초코초코초 치키치키차카차카초코초코초 사랑 치키치키차카차카초코초코초 치키치키차카차카초코초코초 평화 반복 평화,sostoken 치키치키차카차카 만화 날아라 슈퍼보드 오프닝,치키치키차카차카 만화 날아라 슈퍼보드 오프닝 eostoken
안녕 자두야 오프닝 만화 안녕 자두야 오프닝,새콤하 달콤 오늘 우리 친구 이름 자두 명랑소녀 자두 어디 오늘 우리 친구 이름 자두 명랑소녀 자두 랄랄랄라 새콤해 랄랄랄라 달콤해 마음 새콤하 달콤 친구 최고 친구 기분 최고 새콤하 달콤 친구 최고 친구 어디,sostoken 안녕 자두야 오프닝 만화 안녕 자두야 오프닝,안녕 자두야 오프닝 만화 안녕 자두야 오프닝 eostoken
카드캡터 체리 만화 카드캡터 체리 오프닝,기분인걸 속마음 사랑 마법 열쇠 그것 세상 이유 이젠 숨바꼭질 우울 하늘 오늘 마음 간주 누군가 느낌인걸 향기만 가득 순수 마음 어디 한눈 이젠 숨바꼭질 우울 하늘 오늘 마음,sostoken 카드캡터 체리 만화 카드캡터 체리 오프닝,카드캡터 체리 만화 카드캡터 체리 오프닝 eostoken
함께 걸어가는 만화 포켓몬스터 엔딩송,빠람 빠람 하늘 그곳 빠람 빠람 그곳 무엇 노랠 두려움 우리 행복만 빠람 빠람 우리 빠람 빠람 따뜻한 모닥불 서로,sostoken 함께 걸어가는 만화 포켓몬스터 엔딩송,함께 걸어가는 만화 포켓몬스터 엔딩송 eostoken
구름빵 만화 구름빵 오프닝,동글동글 동글 구름빵 몽실몽실 몽실 구름빵 홍비 홍시 친구들 하늘 엄마 구름 구름빵 구름 구름빵 구름빵 구름빵 여행 동글동글 동글 구름빵 몽실몽실 몽실 구름빵 홍비 홍시 친구들 하늘 엄마 아빠 친구들 할아버지 할머니 웃음 이야기 구름빵 구름빵 구름빵 여행 구름빵 구름빵 구름빵 여행,sostoken 구름빵 만화 구름빵 오프닝,구름빵 만화 구름빵 오프닝 eostoken
꼬마 자동차 붕붕 만화 꼬마 자동차 붕붕 오프닝,붕붕붕 자동차 꼬마 자동차 붕붕붕 꽃향기 꼬마 자동차 엄마 모험 세계여행 우리 꼬마차 꼬마차 랄랄라 랄랄라 꼬마차 친구 희망 사랑 꼬마 자동차 반복,sostoken 꼬마 자동차 붕붕 만화 꼬마 자동차 붕붕 오프닝,꼬마 자동차 붕붕 만화 꼬마 자동차 붕붕 오프닝 eostoken
개구리 왕눈이 만화 개구리 왕눈이 오프닝,개구리 소년 개구리 소년 무지개 연못 비바람 일곱 피리 불어 삘릴리 개굴개굴 삘릴릴리 삘릴리 개굴개굴 삘릴릴리 무지개 연못 웃음 반복,sostoken 개구리 왕눈이 만화 개구리 왕눈이 오프닝,개구리 왕눈이 만화 개구리 왕눈이 오프닝 eostoken
달려라 하니 만화 달려라 하니 주제곡,엄마 세상 하늘땅 엄마 세상 모습 눈물 세상 별명 악바리 엄마품 세상 세상 세상,sostoken 달려라 하니 만화 달려라 하니 주제곡,달려라 하니 만화 달려라 하니 주제곡 eostoken
장금이의 만화 장금이의 주제곡,아침 햇살 상쾌 바람 따뜻한 풀잎 손길 이슬 모두 행복 두렵진 미소 세상 가득 시작할래요 서투를진 처음 하나씩 하나씩 사랑 햇살 간주 행복 가득 미소 세상 가득 시작할래요 서투를진 처음 하나씩 하나씩 사랑 햇살,sostoken 장금이의 만화 장금이의 주제곡,장금이의 만화 장금이의 주제곡 eostoken
디지몬 어드벤처 오프닝,비밀 열쇠 미로 모험들 현실 세상 환상 디지털 세상 마음속 날개 이대 희망 어둠 어쩌다 함정 위기 생각 우리 그곳 어디 디지몬 친구들 세상 승리 우리 디지몬 친구들 세상 승리 우리 반복,sostoken 디지몬 어드벤처 오프닝,디지몬 어드벤처 오프닝 eostoken
태극천자문 만화 태극천자문 오프닝,하늘 대지 생명 우주 시간 삼라만상 세상 이치 천자문 지수화풍 천지 태극천자문 해달처럼 위어조 언재호 파파파 절대 말거야 태극천자문,sostoken 태극천자문 만화 태극천자문 오프닝,태극천자문 만화 태극천자문 오프닝 eostoken
세쌍둥이송 슈퍼맨이 돌아왔다 삽입곡,하나 하나 하나 하나 하나 생각 기적 엄마 아빠 기적 대한민국 만세 하나 하나 하나 하나,sostoken 세쌍둥이송 슈퍼맨이 돌아왔다 삽입곡,세쌍둥이송 슈퍼맨이 돌아왔다 삽입곡 eostoken
빛으로 세상을 한국전력,세상 따뜻해 우리들 마음 가득 사랑 행복 행복 세상,sostoken 빛으로 세상을 한국전력,빛으로 세상을 한국전력 eostoken
뭉게구름,뭉게구름 하늘 하늘 빗물 어디 우리 뭉게구름 반복,sostoken 뭉게구름,뭉게구름 eostoken
아름다운 세상 초등학교 학년 과정,하늘 태양 아래 하나 눈빛 나지막 사랑 노래 가슴 가슴 마다 고운사랑 우리 세상 간주 혼자선 세상 무엇 사랑 안개꽃 서로 가슴 가슴 마다 고운사랑 우리 세상 간주 가슴 가슴 마다 고운사랑 우리 세상 가슴 가슴 마다 고운사랑 우리 세상 라라라 가슴 가슴 마다 고운사랑 우리 세상 가슴 가슴 마다 고운사랑 우리 세상 라라라,sostoken 아름다운 세상 초등학교 학년 과정,아름다운 세상 초등학교 학년 과정 eostoken
예쁜 예쁜,마음 나비 마음 고우 구름 나비 무꽃 구름 반복 마음 나비 마음 나비,sostoken 예쁜 예쁜,예쁜 예쁜 eostoken
도토리의 부산 창작동요대회,숲속 도토리 풀잎 산새 노래 참나무 꾼다네 하늘 가지 시원 나뭇잎 그늘 도토리 마음 행복 반복,sostoken 도토리의 부산 창작동요대회,도토리의 부산 창작동요대회 eostoken
궁금이 창작동요제,창문 미루나무 길쭉 여름 해님 새벽 가슴 세상 투성이 세상 알고픈 투성이 세상 궁금 투성이 별명 궁금 창문 미루나무 길쭉 여름 해님 간주 어딘가 엄마 우리 아빠 강아지 강아지 세상 투성이 세상 알고픈 투성이 세상 궁금 투성이 별명 별명 궁금,sostoken 궁금이 창작동요제,궁금이 창작동요제 eostoken
아기 고양이 창작동요제,꼬리 엉덩이 실룩 폴짝쿵 폴짝쿵 아기고양이 앞발 선반 뒷발 식탁 폴짝쿵 눈치 치즈 야금 콜까닥 냠냠 폴짝쿵 입가 치즈 노랑 치즈 당당 발걸음 아기고양이 하나 주인 간주 꼬리 엉덩이 실룩 폴짝쿵 폴짝쿵 아기고양이 앞발 선반 뒷발 식탁 폴짝쿵 눈치 치즈 한개 야금 콜까닥 냠냠 폴짝쿵 입가 치즈 노랑 치즈 당당 발걸음 아기고양이 하나 주인,sostoken 아기 고양이 창작동요제,아기 고양이 창작동요제 eostoken
아빠 붕붕카,아빠 붕붕카 붕붕카 어른 아빠 운전할래요 오늘 아빠 붕붕카 회사 빠이빠 빠이빠 아빠 붕붕카 저녁 아빠 붕붕카 반복,sostoken 아빠 붕붕카,아빠 붕붕카 eostoken
가을바람 초등학교 학년 과정,가을바람 뱅글뱅글뱅글 단풍잎 뱅글뱅글뱅글 은행잎 가을바람,sostoken 가을바람 초등학교 학년 과정,가을바람 초등학교 학년 과정 eostoken
즐거운 여름,여름 여름 여름 여름 시원 냇가 고기잡이 랄랄라 미꾸라지 뱀장어 송사리떼 올챙이 반복,sostoken 즐거운 여름,즐거운 여름 eostoken
겨울 물오리,얼음 강물 동동동 물오리들아 얼음장 맨발 물오리 이젠 찬바람 오리들 반복,sostoken 겨울 물오리,겨울 물오리 eostoken
어른들은 몰라요,우리 무엇 어른들 우리 무엇 어른들 장난감 어른들 아무것 마음 어른들 아무것 알약 물약 소용 혼자 우리들 따뜻 사랑 간주 장난감 어른들 아무것 마음 어른들 아무것 알약 물약 소용 혼자 우리들 따뜻 사랑 주세요,sostoken 어른들은 몰라요,어른들은 몰라요 eostoken
어리둥절 코끼리 나라,코끼리 백화점 코걸이 인기 간주 개구리 백화점 물안경 인기 간주 코끼리 백화점 허리띠 인기,sostoken 어리둥절 코끼리 나라,어리둥절 코끼리 나라 eostoken
당근쏭,당근쏭 당근 당근 당근 당근 당근 당근 사랑 당근 당근 당근 당근 당근 언제 당근 당근 당근 당근 행복 당근 당근 사랑해 사랑해 당근 짜증 생각해 생각 당근쏭,sostoken 당근쏭,당근쏭 eostoken
아빠는 엄마를 좋아해,앞뜰 나뭇잎 해님 방긋 고개 우리 웃음꽃 아빠 엄마 엄마 아빠 아빠 엄마 엄마 아빠 아빠 퇴근 양손 선물 우리 꼬마들 엄마 아빠 엄마 엄마 아빠 아빠 엄마 엄마 아빠 휴일 아무 살짝꿍 우리 꼬마들 아빠 엄마 아빠 엄마 엄마 아빠 아빠 엄마 엄마 아빠 랄라 랄랄랄라 랄라 랄랄랄라 랄라 랄랄랄라 랄라 랄랄랄라,sostoken 아빠는 엄마를 좋아해,아빠는 엄마를 좋아해 eostoken
마귀할멈과 유리공주,도깨비 마귀할멈 유리성 유리공주 마술 그때 왕자님 도깨비 마귀할멈 용감 공주님 결혼 행복 살았대 반복,sostoken 마귀할멈과 유리공주,마귀할멈과 유리공주 eostoken
검은 고양이 네로,그대 고양이 리본 어쩌다 토라져 마음 고양이 친구 고양이 고양이 이랬다저랬다 장난꾸러기 랄랄랄랄랄 랄랄라 멋쟁이 그대 고양이 달콤한 후회 고양이 친구 검은고양 고양이 이랬다저랬다 장난꾸러기 랄랄랄랄랄 랄랄라 세상 그대 눈동자 고요 어둠 그대 마음 든든해 고양이 친구 고양이 고양이 이랬다저랬다 장난꾸러기 랄랄랄랄랄 랄랄라 고요 어둠속 그대 마음 든든해 고양이 친구 고양이 장난 고등어 통조림 랄랄랄랄랄 랄랄라,sostoken 검은 고양이 네로,검은 고양이 네로 eostoken
여름 냇가 시냇물은 졸졸졸졸,시냇물 졸졸졸졸 고기들 버들가지 꾀꼬리 꾀꼴꾀꼴 황금 여름 아씨 마중 노랑 치마 단장 시냇가 빨래,sostoken 여름 냇가 시냇물은 졸졸졸졸,여름 냇가 시냇물은 졸졸졸졸 eostoken
암탉을 잡으려다 귀여운 꼬마,꼬마 닭장 암탉 놓쳤다네 닭장 여우 갔다네 꼬꼬댁 암탉 소리 꼬꼬댁 암탉 소리 꼬마 망설였다네 간주 꼬마 돼지우리 돼지 놓쳤다네 늑대 같다네 꿀꿀꿀 돼지 소리 꿀꿀꿀 돼지 소리 꼬마 망설였다,sostoken 암탉을 잡으려다 귀여운 꼬마,암탉을 잡으려다 귀여운 꼬마 eostoken
어린 송아지,송아지 엄마 엄마 엉덩이 간주 송아지 얼음 아빠 아빠 엉덩이,sostoken 어린 송아지,어린 송아지 eostoken
뚱보 아저씨,뚱보 아저씨 일곱 아들 하나 나머지 오른손 왼손 뚱보 아저씨 일곱 아들 하나 나머지 고개 엉덩이 뚱보 아저씨 일곱 아들 하나 나머지,sostoken 뚱보 아저씨,뚱보 아저씨 eostoken
귀요미송,귀귀귀 귀요미 귀귀귀 귀요미 초코 머핀 조각 고소한 우유한잔 오빠 손바닥 낙서 한눈 누구 뭐래 내꺼 내꺼 여자 섞지마 니꺼 니꺼 새끼 손가락 약속 귀요미 귀요미 귀요미 귀귀 귀요미 귀귀 귀요미 귀요미 귀요미 귀요미 귀요미 한눈 누구 뭐래 내꺼 내꺼 여자 섞지마 니꺼 니꺼 새끼 손가락 약속 하나 뽀뽀 입술 귀요미 귀요미 귀요미 귀귀 귀요미 귀귀 귀요미 귀요미 귀요미 귀요미 귀요미 한눈 누구 뭐래 내꺼 내꺼 여자 섞지마 니꺼 니꺼 새끼 손가락 약속,sostoken 귀요미송,귀요미송 eostoken
밥상,우리 아버지 아버지 우리 어머니 어머니 밥상 것들 어머니 손맛 소중 밥상 쌀밥 보리밥 조밥 콩밥 팥밥 오곡밥 된장국 배춧국 호박국 뭇국 시금칫국 시래깃국 배추김치 총각김치 열무김치 갓김치 동치미 깍두기 가지나물 호박나물 콩나물 고춧잎 무말랭이 장아찌,sostoken 밥상,밥상 eostoken
잉잉잉,고추밭 고추 고추 고추 초록 고추 댕글댕글 사과 아야아야 잉잉잉 간주 오이밭 날씬 날씬 호박 잉잉잉,sostoken 잉잉잉,잉잉잉 eostoken
둘이서 잡고,둘이 둘이 맹맹 맹맹 맹맹 둘이 둘이 돌돌 돌돌 돌돌 둘이 둘이 동동 동동 동동 둘이 둘이 빙빙 빙빙 빙빙,sostoken 둘이서 잡고,둘이서 잡고 eostoken
깡깡총 체조 유치원 하나둘셋 율동체조,쭉쭉쭉 쿵쿵쿵 엉덩이 씰룩쌜룩 이쪽저쪽 씰룩쌜룩 빙글뱅글 빙글뱅글 깡깡총 깡총 깡총 깡깡총 반복,sostoken 깡깡총 체조 유치원 하나둘셋 율동체조,깡깡총 체조 유치원 하나둘셋 율동체조 eostoken
둥글게 둥글게,손뼉 노래 랄랄랄라 링가링 링가링가링 링가링 링가링가링 손뼉 노래 랄랄랄라 반복,sostoken 둥글게 둥글게,둥글게 둥글게 eostoken
얼음과자,어름과 한개 두개 얼음과 병원 우리 엄마 얼굴 주름 반복,sostoken 얼음과자,얼음과자 eostoken
거미 거미가 줄을 타고 올라갑니다,거미 거미 해님 거미 거미 반복,sostoken 거미 거미가 줄을 타고 올라갑니다,거미 거미가 줄을 타고 올라갑니다 eostoken
도토리,때굴때굴 때굴때굴 도토리 어디 단풍잎 산골짝 때굴때굴 때굴때굴 도토리 어디 산골 종소리 간주 때굴때굴 때굴때굴 도토리 어디 다람쥐,sostoken 도토리,도토리 eostoken
노래,랄랄라 하나 랄랄라 랄랄라 랄랄라 랄랄라 다섯 랄랄라 여섯 일곱 여덟 아홉 다섯 여섯 일고여덟 아홉 반복,sostoken 노래,노래 eostoken
도깨비 빤스,도깨비 빤쓰 튼튼 튼튼 호랑 가죽 간주 도깨비 빤스 냄새 호랑 가죽 동안,sostoken 도깨비 빤스,도깨비 빤스 eostoken
우산,이슬비 아침 우산 우산 검정 우산 우산 학교 우산 이마 반복,sostoken 우산,우산 eostoken
미소,얼굴 얼굴 얼굴 얼굴 어디 미소 어디 미소 반복,sostoken 미소,미소 eostoken
구슬비,송알송알 싸리잎 은구슬 조롱조롱 거미줄 옥구슬 풀잎 꽃잎 송송송 간주 오색실 달빛 창문가 포슬포슬 구슬비 구슬 솔솔솔,sostoken 구슬비,구슬비 eostoken
꼭꼭 약속해 초등학교 학년 과정,친구 새끼손가락 약속 싸움 친구 사랑 새끼손가락 약속 새끼손가락 약속해,sostoken 꼭꼭 약속해 초등학교 학년 과정,꼭꼭 약속해 초등학교 학년 과정 eostoken
둘리,요리보고 둘리 둘리 빙하 친구 옛날 보고픈 엄마 둘리 아기공룡 호잇 호잇 둘리 초능력 친구 둘리 아기공룡 호잇 호잇 둘리 초능력 재주꾼 간주 우리 둘리 둘리 세월 둘리 친구 고향 모두 한마음 아득 엄마 우리 둘리 아기공룡 호잇 호잇 둘리 초능력 친구 둘리 아기공룡 호잇 호잇 둘리 초능력 재주꾼,sostoken 둘리,둘리 eostoken
방울새 초등학교 학년 과정,방울새 방울새 쪼로롱 방울새 간밤 고방울 어디 쪼로롱 고방울 어디 간주 방울새 방울새 쪼로롱 방울새 갈째 고방울 쪼로롱 고방울,sostoken 방울새 초등학교 학년 과정,방울새 초등학교 학년 과정 eostoken
사과 같은 얼굴,사과 얼굴 얼굴 길쭉 길쭉 길쭉 길쭉 간주 호박 얼굴,sostoken 사과 같은 얼굴,사과 같은 얼굴 eostoken
방울꽃,아무 산속 쪼로롱 방울꽃 산새들 몰래몰래 갈래 쪼로롱 소리 산바람 쪼로롱 방울 소리 산노루 울음소리 쪼로롱 방울 소리,sostoken 방울꽃,방울꽃 eostoken
맴맴,아버지 나귀 할머니 건넛마을 아저씨 고추 간주 할머니 머리 꼬불꼬불 산골길 고추 아버지 옷감 나귀 딸랑딸랑 고개 고추,sostoken 맴맴,맴맴 eostoken
퐁당퐁당,퐁당퐁당 누나 냇물아 건너편 나물 우리 누나 손등 반복 퐁당퐁당 누나 냇물아 퍼저 고운노래 한마디 들려달라 우리 누나 손등 주어라,sostoken 퐁당퐁당,퐁당퐁당 eostoken
에델바이스,에델바이스 에델바이스 아침 이슬 미소 순결 우리들 자랑 에델바이스 에델바이스 마음속 꽃이 반복,sostoken 에델바이스,에델바이스 eostoken
과수원 초등학교 학년 과정,동구 과수원 아카시아 이파리 눈송이 향긋 꽃냄새 실바람 둘이 얼굴 아카시아 옛날 과수원 반복 과수원,sostoken 과수원 초등학교 학년 과정,과수원 초등학교 학년 과정 eostoken
클레멘타인,바닷가 오막살이 아버지 철모르 사랑 사랑 사랑 클레멘타 아비 어딜 반복,sostoken 클레멘타인,클레멘타인 eostoken
봄비 창작동요제,소록소록 봄비 새싹들 얼굴 세상 어린이 봄바람 사르르르 뿌리 진달래 얼굴 개나리꽃 종달새 나비 소록소록 봄비 선녀들 무지개 세상 어린이 일곱 빛깔 웃음꽃 뿌리 반복,sostoken 봄비 창작동요제,봄비 창작동요제 eostoken
여름,바구니 도라지 누나 웬일 라라 라라 라라 바둑 간주 은하수 물결 마을 언니 라라 라라 라라 큰언니,sostoken 여름,여름 eostoken
속의 아침,짹짹 참새 세수 세수 삐약삐약 병아리 물가 다람쥐 몰래 오물오물 뒤뚱뒤뚱 물오리 소풍 간대요 토닥토닥토닥토닥 콩콩콩 첨벙첨벙첨벙첨벙 간주 물가 멋쟁이 물가 산토끼 인사 나비 노랑나비 소풍 간대요 뒹굴뒹굴뒹굴뒹굴 콩콩콩 하나,sostoken 속의 아침,속의 아침 eostoken
통통통통,통통통통 털보 영감님 통통통통 혹부리 영감님 통통통통 코주부 영감님 통통통통 안경 영감님 통통통통 팔랑팔랑 팔랑팔랑 무릎 간주 무릎 레레레레 배꼽 미미미미 가슴 파파파파 어깨 솔솔솔솔 머리 팔랑팔랑 팔랑팔랑 무릎,sostoken 통통통통,통통통통 eostoken
꼬마 인디언,꼬마 꼬마 꼬마 인디언 꼬마 다섯 꼬마 여섯 꼬마 인디언 일곱 꼬마 여덟 꼬마 아홉 꼬마 인디언 꼬마 인디언 간주 꼬마 아홉 꼬마 여덟 꼬마 인디언 일곱 꼬마 여섯 꼬마 다섯 꼬마 인디언 꼬마 꼬마 꼬마 인디언 꼬마 인디언 보이,sostoken 꼬마 인디언,꼬마 인디언 eostoken
꽃밭에서,아빠 꽃밭 채송화 봉숭아 한창 아빠 새끼줄 나팔꽃 간주 뛰어놀다 아빠 아빠 꽃보,sostoken 꽃밭에서,꽃밭에서 eostoken
달맞이,아가 달맞이 앵두 검둥개 냇가 물결 남실남실 어깨 머리 수양버들 거문고 달밤 소금쟁 간주 아가 냇가 달밤 딸각딸각 나막신 도랑물 쫄랑쫄랑 달맞이,sostoken 달맞이,달맞이 eostoken
바람새 창작동요제,바람새 풀밭 나래깃 바람새 동동동동 비눗방울 하늘 어느샌 간주 바람새 풀밭 나래깃 바람새 동동동동 풍선 하늘 어느샌 두리둥실,sostoken 바람새 창작동요제,바람새 창작동요제 eostoken
그림 그리고 싶은 창작동요대회,종이 아빠 얼굴 종이 엄마 얼굴 고생 부모님 사랑 간주 종이 학교 교정 종이 선생님 얼굴 선생님 고마움,sostoken 그림 그리고 싶은 창작동요대회,그림 그리고 싶은 창작동요대회 eostoken
아기 초등학교 학년 과정,엄마 그늘 아기 바다 자장노래 스르르르 간주 아기 갈매기 울음소리 바구니 머리 엄마 모랫길,sostoken 아기 초등학교 학년 과정,아기 초등학교 학년 과정 eostoken
나뭇잎배 초등학교 학년 과정,나뭇잎배 엄마 생각 구름 연못 간주 연못 나뭇잎배 엄마 생각 갈잎 혼자,sostoken 나뭇잎배 초등학교 학년 과정,나뭇잎배 초등학교 학년 과정 eostoken
스승의 은혜,스승 은혜 하늘 스승 마음 어버이 스승 사랑 보답하리 스승 은혜 태산 스승 사랑 스승 은혜 어디간들 언제 잊사오리까 마음 스승 은혜 스승 사랑 보답하리 스승 은혜 간주 바다 스승 사랑 하나 살아생전 교훈 마음 겨레 스승 사랑 보답하리 스승 은혜,sostoken 스승의 은혜,스승의 은혜 eostoken
여름 냇가 창작동요제,하늘 요술 도화지 솜털 구름 바퀴 물고기 냇가 그늘 여름 엄마 소리 따뜻한 욜랑욜랑 바람 겨드랑이 간질어피 누나 학교 풍금 소리 낮잠 반복,sostoken 여름 냇가 창작동요제,여름 냇가 창작동요제 eostoken
나무를 심자,하늘 누가누 하늘 누가누 내기 내기 나무 나무 파레라 요룰레 요룰레 요룰레 요룰레 요룰레 요룰레 요룰레 요룰레 간주 누가누 누가누 내기 내기 나무 나무 파레라 요룰레 요룰레 요룰레 요룰레 요룰레 요룰레 요룰레 요룰레,sostoken 나무를 심자,나무를 심자 eostoken
종이접기 창작동요제,색종이 색칠 오색실 꼬리 비행기 뒷동산 동네 친구 하늘 하늘 간주 도화지 색연필 색칠 노랑 파랑 은행잎 돛대 종이배 시냇가 동네 친구 시냇물 동해바다,sostoken 종이접기 창작동요제,종이접기 창작동요제 eostoken
초록 바다 초등학교 학년 과정,초록빛 바닷물 초록빛 바닷물 하늘빛 초록빛 초록빛 여울물 초록빛 두발 물결 물결 반복,sostoken 초록 바다 초등학교 학년 과정,초록 바다 초등학교 학년 과정 eostoken
나팔 불어요 초등학교 학년 과정,해님 아침 나팔꽃 아가씨 나팔 잠꾸러기 나팔꽃 또또따따 나팔 나팔꽃 아가씨 늦잠 아침 나팔 잠꾸러기 나팔꽃 또또 따따 나팔 반복,sostoken 나팔 불어요 초등학교 학년 과정,나팔 불어요 초등학교 학년 과정 eostoken
뽀뽀뽀,아빠 출근 뽀뽀뽀 엄마 뽀뽀뽀 뽀뽀뽀 뽀뽀뽀 우리 귀염둥이 뽀뽀뽀 친구 뽀뽀뽀 뽀뽀뽀 뽀뽀뽀 친구 반복,sostoken 뽀뽀뽀,뽀뽀뽀 eostoken
훌랄라 폴카,손목 훌랄라랄라 훌랄라랄라 훌랄라랄라 랄랄라 간주 동산 해님 숲속 훌랄라랄라 훌랄라랄라 훌랄라랄라 랄랄라,sostoken 훌랄라 폴카,훌랄라 폴카 eostoken
허수아비 아저씨 초등학교 학년 과정,하루 허수아비 아저씨 아이 하루 허수아비 아저씨 간주 하루 허수아비 아저씨 조심 모자 하루 허수아비 아저씨,sostoken 허수아비 아저씨 초등학교 학년 과정,허수아비 아저씨 초등학교 학년 과정 eostoken
연날리기 창작동요제,에헤 에헤야 하늘 무지개 하늘 꼬리 친구 에헤 에헤야 우리 반복,sostoken 연날리기 창작동요제,연날리기 창작동요제 eostoken
구름 초등학교 학년 과정,미루나무 꼭대기 조각구름 솔바람 간주 뭉게구름 구름 마음씨 솔바람 어디 간대요,sostoken 구름 초등학교 학년 과정,구름 초등학교 학년 과정 eostoken
종이배,시냇물 종이배 냇물 마음 종이배 마음 바위 사이 시냇물 종이배 냇물 마음,sostoken 종이배,종이배 eostoken
가보고 싶다 창작동요제,진달래 동산 모습 낙동강 강가 압록강 두만강 햇볕 여름날 송사리 깜둥이 간주 단풍잎 언덕 동화책 모습 한라산 설악산 백두산 금강산 노래,sostoken 가보고 싶다 창작동요제,가보고 싶다 창작동요제 eostoken
소낙비 친구 창작동요제,개나리 수업 종소리 소낙비 친구들 엄마 마음 운동장 웃음 우산 친구 소낙비 친구 반복,sostoken 소낙비 친구 창작동요제,소낙비 친구 창작동요제 eostoken
바람개비 창작동요제,색종이 무지갯빛 색칠 바람개비 빙그르르 빙그르르 골목길 빙그르 무지갯빛 날개 우리 간주 색종이 오색나비 색칠 바람개비 빙그르르 빙그르르 빙그르 오색빛깔 날개 우리,sostoken 바람개비 창작동요제,바람개비 창작동요제 eostoken
종달새의 하루,하늘 보리밭 종달새 비비배배 거리 오르락 내리락 오르락 내리락하다 하루해 간주 하늘 비비배배 거리 오르락 내리락 오르락 내리락하다 하루해,sostoken 종달새의 하루,종달새의 하루 eostoken
가끔은 초등학교 학년 과정,하늘 마음 미소 하늘 날갯짓 연두 빛깔 잎새들 하늘 간주 오솔길 마음 휘파람 마음 산길 풀내음 냇물 소리 방울새 노래 솔바람 소리 하늘 오솔길 마음 노래,sostoken 가끔은 초등학교 학년 과정,가끔은 초등학교 학년 과정 eostoken
아이들이 그리는 세상 창작동요대회,도화지 어른들 세상 도화지 진심 사랑 무지개 세상 반복,sostoken 아이들이 그리는 세상 창작동요대회,아이들이 그리는 세상 창작동요대회 eostoken
바닷가에서,해당화 바닷가 수평선 갈매기 한두 물결 잔잔한 바닷가 간주 저녁놀 바닷가 조개 수평선 바닷물 꽃무늬 모래 바닷가,sostoken 바닷가에서,바닷가에서 eostoken
산딸기,잎새 산딸기 나그네 잎새 몰래몰래 산딸기 탐스러운 산딸기 반복,sostoken 산딸기,산딸기 eostoken
자장가,우리 아가 앞뜰 뒷동산 아가 다들 영창 은구슬 금구슬 우리 아가 간주 누리 선반 생쥐 다들 뒷방 이야기 적막 우리 아가,sostoken 자장가,자장가 eostoken
고향 생각,사람 동무 저일 생각 눈물 간주 고향 하늘 마음 서쪽 단잠 어찌해,sostoken 고향 생각,고향 생각 eostoken
소풍 초등학교 학년 과정,시원 바람 우리 하늘 우리 산골짝 시냇물 노래 하늘 우리 노래,sostoken 소풍 초등학교 학년 과정,소풍 초등학교 학년 과정 eostoken
화가 창작동요제,공원 턱수염 아저씨 나비 모습 랄랄랄랄랄라 랄랄랄랄랄라 콧노래 동심 반복,sostoken 화가 창작동요제,화가 창작동요제 eostoken
기차를 타고 창작동요대회,산새 물새 세상 간주 따뜻한 마음 사람 이웃 즐거움 세상,sostoken 기차를 타고 창작동요대회,기차를 타고 창작동요대회 eostoken
이렇게 살아가래요 창작동요제,나비 꽃밭 산새 숲속 그윽 향기 뿌리 방긋 웃음 나비 꽃밭 산새 숲속 랄랄라라 랄라 랄랄라라 랄라 랄라 랄랄라랄랄라라라 반복,sostoken 이렇게 살아가래요 창작동요제,이렇게 살아가래요 창작동요제 eostoken
닮았대요,엄마 손목 사람 엄마 닮았대 머루눈 닮았대 볼우물 엄마 닮았대 간주 아빠 손목 사람 아빠 닮았대 닮았대 곱슬곱슬 머리 아빠 닮았대 엄마 손목 사람 엄마 닮았대 머루눈 닮았대 볼우물 엄마 닮았대,sostoken 닮았대요,닮았대요 eostoken
참새,아침 이슬 촉촉 잎사귀 처마 참새들 랄라 랄라 랄라 랄라 랄라 랄라 랄라라 여름 아침 반복,sostoken 참새,참새 eostoken
정말 잘한다,짝짜꿍 짝짜꿍 엄마 짝짜꿍 짝짜꿍 짝짜꿍 아빠 짝짜꿍 우리 아기 우리 아기 짝짜꿍 짝짜꿍 간주 짝짜꿍 짝짜꿍 언니 짝짜꿍 짝짜꿍 짝짜꿍 오빠 짝짜꿍 우리 아기 우리 아기 짝짜꿍 짝짜꿍,sostoken 정말 잘한다,정말 잘한다 eostoken
복남이네 어린아이,복남이네 어린아이 엣취 복남이네 어린아이 엣취 복남이네 어린아이 위로 반복,sostoken 복남이네 어린아이,복남이네 어린아이 eostoken
설날,까치까치 설날 어저께 우리 우리 설날 오늘 댕기 신발 간주 우리 언니 저고리 노랑 저고리 우리 동생 저고리 색동저고리 아버지 어머니 호사하시 우리들,sostoken 설날,설날 eostoken
오른발 왼발,왼발 오른발 왼발 오른발 왼발 오른발 왼발 오른발 악수 인사 반복,sostoken 오른발 왼발,오른발 왼발 eostoken
공놀이 초등학교 학년 과정,하나 노래 다섯 여섯 일고여덟 우리들 공놀이 간주 하나 다섯 여섯 일고여덟 우리들 공놀이,sostoken 공놀이 초등학교 학년 과정,공놀이 초등학교 학년 과정 eostoken
앉은뱅이꽃,보라빛 고운빛 우리 문패 앉은뱅이 반복,sostoken 앉은뱅이꽃,앉은뱅이꽃 eostoken
자전거 초등학교 학년 과정,자전거 따르르릉 사람 조심 큰일 간주 자전거 아버지 꼬부랑 꼬부랑 고개 비탈길 주르르르 반복,sostoken 자전거 초등학교 학년 과정,자전거 초등학교 학년 과정 eostoken
코끼리와 거미줄,마리 코끼리 거미줄 그네 탔다네 재미 랄랄라 친구 코끼리 마리 코끼리 거미줄 그네 탔다네 재미 랄랄라 친구 코끼리 마리 코끼리 거미줄 그네 탔다네 재미 랄랄라 친구 코끼리 마리 코끼리 거미줄 그네 탔다네 재미 랄랄라 친구 코끼리 다섯 마리 코끼리 거미줄 그네 탔다네 코끼리 올라올라 랄랄라,sostoken 코끼리와 거미줄,코끼리와 거미줄 eostoken
고기잡이 초등학교 학년 과정,바다 가지 라라라 라라라 온다 선생님 우리 우리 라라라 라라라 간다 간주 솨솨솨 쉬쉬쉬 선생님 온다 라라라라 라라라라 굿바,sostoken 고기잡이 초등학교 학년 과정,고기잡이 초등학교 학년 과정 eostoken
아빠의 얼굴,어젯밤 꿈속 날개 구름 무지개 동산 아빠 얼굴 무지개 동산 아빠 얼굴 간주 어린이 동산 아빠 얼굴 어린이 동산 아빠 얼굴,sostoken 아빠의 얼굴,아빠의 얼굴 eostoken
따오기 초등학교 학년 과정,따옥 따옥 따옥 소리 처량 소리 어디메이뇨 어머니 간주 따옥 따옥 따옥 소리 처량 소리 어디메이뇨 아버지 나라,sostoken 따오기 초등학교 학년 과정,따오기 초등학교 학년 과정 eostoken
아리랑 초등학교 학년 과정,아리랑 아리랑 아라리요 아리랑 고개 십리 발병 반복,sostoken 아리랑 초등학교 학년 과정,아리랑 초등학교 학년 과정 eostoken
섬마을 창작동요제,노을 섬마을 물결 갈매기 고깃배 오색실 뚜뚜뚜 고동 소리 에헤 에헤 에헤 에헤야 에헤 에헤 에헤 에헤야 반복,sostoken 섬마을 창작동요제,섬마을 창작동요제 eostoken
메기의추억,옛날 금잔디 동산 물레방아소리 사랑 메기 동산수풀 우거지 장미화 만발 물레방아 소리 사랑 메기 반복,sostoken 메기의추억,메기의추억 eostoken
오빠 생각 초등학교 학년 과정,뜸뿍 뜸뿍 뜸뿍새 뻐꾹 뻐꾹 뻐꾹새 울재 우리 오빠 서울 구두 오신다더 간주 기럭기럭 기러기 귀뚤귀뚤 귀뚜라미 서울 오빠 소식 나뭇잎,sostoken 오빠 생각 초등학교 학년 과정,오빠 생각 초등학교 학년 과정 eostoken
아빠 사랑해요 창작동요제,밤하늘 별빛 생각 따스한 손길 눈빛 사랑하시 마음 밤하늘 별빛 이젠 아빠 마음 아빠 사랑,sostoken 아빠 사랑해요 창작동요제,아빠 사랑해요 창작동요제 eostoken
산마루에서 창작동요제,산마루 야하호 나무들 야하호 새소리 물소리 골짜기 깃발 산마루 야하호 나무들 야하호 반복,sostoken 산마루에서 창작동요제,산마루에서 창작동요제 eostoken
푸르다,허리 구름 토끼 구름 나비 구름 딸랑딸랑 구름 마차 간주 그늘아래 서늘 어깨동무 내동무들 매앰매앰 매미소리,sostoken 푸르다,푸르다 eostoken
시장잔치,수박 수박 시원 수박 참외 참외 참외 꿀맛 내일 내일 간주 호박 호박 호박 오이 날씬 오이 멋쟁이 내일 내일 다떨어,sostoken 시장잔치,시장잔치 eostoken
동네 바퀴 초등학교 학년 과정,동네 바퀴 아침 동네 바퀴 우리 나팔꽃 인사 우리 인사 동네 바퀴 바둑 동네 바퀴 반복,sostoken 동네 바퀴 초등학교 학년 과정,동네 바퀴 초등학교 학년 과정 eostoken
햇볕은 쨍쨍 초등학교 학년 과정,햇볕 모래알 모래알 떡해 조약돌 소반 언니 누나 냠냠 햇볕 모래알 호미 괭이 엄마 아빠 냠냠 반복,sostoken 햇볕은 쨍쨍 초등학교 학년 과정,햇볕은 쨍쨍 초등학교 학년 과정 eostoken
강아지 초등학교 학년 과정,우리 강아지 강아지 어머니 빨래 멍멍멍 멍멍멍 간주 우리 강아지 강아지 학교 멍멍멍 꼬리 멍멍멍,sostoken 강아지 초등학교 학년 과정,강아지 초등학교 학년 과정 eostoken
아름다운 베르네 산골,베르네 시냇물 넘쳐흐르네 알핀로제스 이슬 다스 오버 렌야 오버랜 베르네산골 다스 오버 렌야 오버렌 사랑 베르네 후디리리요 후디리리 후디리리요 후디리리 후디리리요 후디리리 후디리리요 후디리리 간주 베르네 시냇물 에델바이스 청초 다스 오버 렌야 오버랜 베르네산골 다스 오버 렌야 오버렌 사랑 베르네 후디리리요 후디리리 후디리리요 후디리리 후디리리요 후디리리 후디리리요 후디,sostoken 아름다운 베르네 산골,아름다운 베르네 산골 eostoken
동물흉내,오리 오리 염소 음매 염소 음매 음매 음매 반복,sostoken 동물흉내,동물흉내 eostoken
돌다리,누구 누구 돌다리 징검다리 간주 언제 돌다리 바둑 징검다리,sostoken 돌다리,돌다리 eostoken
안마를 합시다,좜좜좜좜 찌개찌게찌 좜좜좜좜 찌게찌게찌 어깨춤 앞사람 안마합 쿵쿵쿵쿵 살살살살 쿵쿵쿵쿵쿵 쿵쿵쿵쿵 살살살살 반복,sostoken 안마를 합시다,안마를 합시다 eostoken
고드름,고드름 고드름 수정 고드름 고드름 각시 영창 각시님 각시님 안녕 햇님 문안 오시 간주 고드름 고드름 각시님 방안 드실라,sostoken 고드름,고드름 eostoken
태극기,태극기 하늘 간주 태극기 마을 집집,sostoken 태극기,태극기 eostoken
금강산 초등학교 학년 과정,금강산 일만이천 신기하구 이름 금강 금강 간주 금강산 폭포 옛이야 이름 찬란 금강 금강,sostoken 금강산 초등학교 학년 과정,금강산 초등학교 학년 과정 eostoken
꼬마 눈사람,한겨울 밀짚모자 꼬마 눈사람 눈썹 거울 꼬마 눈사람 하루종일 꼬마 눈사람 무엇 생각 꼬마 눈사람 반복,sostoken 꼬마 눈사람,꼬마 눈사람 eostoken
모두 뛰놀자 초등학교 학년 과정,모두 홉홉홉 모두 훨훨훨 모두 동동동 모두 빙빙빙 모두 홉홉홉 모두 훨훨훨 모두 동동동 모두 빙빙빙,sostoken 모두 뛰놀자 초등학교 학년 과정,모두 뛰놀자 초등학교 학년 과정 eostoken
가위 바위,아침 찬바람 기러기 우리 선생 엽서 구리구리 멍텅구리 가위 바위 반복,sostoken 가위 바위,가위 바위 eostoken
우리 모두 같이,우리 손뼉 우리 손뼉 우리 우리 손뼉 우리 우리 우리 우리 간주 우리 인사 안녕 우리 인사 안녕 우리 우리 인사 안녕하세요,sostoken 우리 모두 같이,우리 모두 같이 eostoken
나의 하루,아침 햇빛 아침 하루 생각 학교 동무들 공부 심부름 간주 저녁노을 하루 얘기 아빠 엄마 집안 공부 예습,sostoken 나의 하루,나의 하루 eostoken
할미꽃,뒷동산 할미꽃 할미꽃 할미꽃 할미꽃 우섭다 할미꽃 아지랑이 간주 뒷동산 할미꽃 할미꽃 할미꽃 할미꽃,sostoken 할미꽃,할미꽃 eostoken
내가 제일 좋아하는 창작동요제,몇천 어머니 어머니 얼굴 사랑 몇천 어머니 어머니 반복,sostoken 내가 제일 좋아하는 창작동요제,내가 제일 좋아하는 창작동요제 eostoken
귀뚜라미 우는,귀뚜라미 또르르 달밤 동무 동무 그곳 지금 귀뚜리 간주 귀뚜라미 또르르 달밤 동무 지난날 동무 지금 생각 있을까,sostoken 귀뚜라미 우는,귀뚜라미 우는 eostoken
할아버지 시계,마루 시계 우리 할아버지 시계 할아버지 아침 시계란다 시계 할아버지 옛날 시계 이젠 가지 동안 쉬잖고 똑딱똑딱 할아버지 똑딱똑딱 이젠 가지 반복,sostoken 할아버지 시계,할아버지 시계 eostoken
고향 초등학교 학년 과정,고향 여기 하늘 끝닿 저기 거긴 아카시아 고향 뻐꾹새 간주 고개 너머 고개 아득 고향 저녁 저기 거긴 논길 휘파람 아이들,sostoken 고향 초등학교 학년 과정,고향 초등학교 학년 과정 eostoken
가을,단풍잎 동화책 갈피 은행잎 그림책 갈피 간주 라시도레미파미 레도시라솔라시 라시도레미파미레 도시라,sostoken 가을,가을 eostoken
봄을 그리는 색연필 창작동요대회,남청 색연필 하늘 하양 초록 색연필 정성 토끼 구름 솜구름 골짜기 냇물 보리밭 물결 도화지 종달새 간주 초록 연두 색연필 나뭇가지 노랑 분홍 색연필 정성 새싹들 하르르 살구꽃 진달래꽃 꽃다지 민들레꽃 도화지 노랑나비,sostoken 봄을 그리는 색연필 창작동요대회,봄을 그리는 색연필 창작동요대회 eostoken
수건 돌리기 창작동요제,하늘 잔디밭 모여앉아서 수건돌리기 랄랄라 누가누 술래 가위 바위 술래 우리 손뼉 노래 하늘 소리 노래 간주 시냇물 구름 모래밭 수건돌리기 랄랄라 누가누 술래 가위 바위 술래 누구 수철이 노래 손뼉,sostoken 수건 돌리기 창작동요제,수건 돌리기 창작동요제 eostoken
속을 걸어요 창작동요제,산새들 꽃향기 그윽 해님 다람쥐 얼굴 우리 숲속 간주 솔바람 도랑물 산노루 웃음 얼굴 우리,sostoken 속을 걸어요 창작동요제,속을 걸어요 창작동요제 eostoken
푸른 잔디,냄새 잔디 하늘 구름 가슴 노래 간주 우리들 노랫소리 하늘 구름 노래,sostoken 푸른 잔디,푸른 잔디 eostoken
구름 초등학교 학년 과정,하늘 구름 외양간 송아지 음메 음메 어머니 얼굴 고향 구름 간주 하늘 구름 뒤뜰 봉선화 고향 구름,sostoken 구름 초등학교 학년 과정,구름 초등학교 학년 과정 eostoken
꽃동산 초등학교 학년 과정,꽃동산 우리 고장 오늘 동산 일꾼 반복,sostoken 꽃동산 초등학교 학년 과정,꽃동산 초등학교 학년 과정 eostoken
앞으로 초등학교 학년 과정,지구 세상 어린이 세상 어린이 소리 달나라 반복,sostoken 앞으로 초등학교 학년 과정,앞으로 초등학교 학년 과정 eostoken
기린이랑 사슴이랑,기린 사슴 숨바꼭질 재밌다 바위 나무 사슴뿔 반복,sostoken 기린이랑 사슴이랑,기린이랑 사슴이랑 eostoken
파란 하늘 초등학교 학년 과정,하늘 하늘 흰구름 우리들 하늘 하늘 흰구름 우리 반복,sostoken 파란 하늘 초등학교 학년 과정,파란 하늘 초등학교 학년 과정 eostoken
푸른 꿈을 키워가요 창작동요제,날개 하늘 세상 망망한 바다 우리 희망 숲속 기상 마음 하늘 새싹들 간주 가슴속 세계 마음 가득 가슴속 사랑 미소 얼굴 평화 마음 하늘 새싹들,sostoken 푸른 꿈을 키워가요 창작동요제,푸른 꿈을 키워가요 창작동요제 eostoken
어린이 행진곡 초등학교 학년 과정,어깨동무 우리들 씩씩 어린이라 금수강산 새싹 간주 하나 주먹 우리들 용감 어린이라 자유대한 새싹,sostoken 어린이 행진곡 초등학교 학년 과정,어린이 행진곡 초등학교 학년 과정 eostoken
코끼리 아저씨,화창 봄날 코끼리 아저씨 가랑잎 태평양 고래 아가씨 코끼리 아저씨보고 첫눈 웃음 손짓 당신 육지 멋쟁이 바다 이쁜이 천생연분 결혼 예식장 용궁 예식장 주례 문어 아저씨 피아노 오징어 예물 조개껍데기 반복,sostoken 코끼리 아저씨,코끼리 아저씨 eostoken
인사노래,아침 굿모닝 점심 굿에프터눈 친구 굿바 잠자리 굿나잇 반복,sostoken 인사노래,인사노래 eostoken
봄동산 꽃동산,도레미 소리 도레미 노래 동생 언니 우리 봄동산 간주 도레미 소리 도레미 노래 냇물 다들 우리 동네 꽃동산,sostoken 봄동산 꽃동산,봄동산 꽃동산 eostoken
달밤,달밤 동이 깃자 물깃 동이 깃자 달밤 물깃 아가씨들 밤길 달밤 동이 깃자 물깃 동이 깃자 물깃다 달깃 아가씨들 조심조,sostoken 달밤,달밤 eostoken
뻐꾸기 초등학교 학년 과정,한적 산길 우거진 뻐꾸기 노랫소리 뻐뻐꾹 랄라랄랄랄라 랄라라 뻐꾹 랄라랄랄랄라 랄라라 뻐꾹 랄라랄랄랄라 랄라라 뻐꾹 랄라랄랄라 뻐꾹 간주 시냇물 뻐꾸기 노랫소리 뻐뻐꾹 랄라랄랄랄라 랄라라 뻐꾹 랄라랄랄랄라 랄라라 뻐꾹 랄라랄랄랄라 랄라라 뻐꾹 랄라랄랄라 뻐꾹,sostoken 뻐꾸기 초등학교 학년 과정,뻐꾸기 초등학교 학년 과정 eostoken
이슬 창작동요제,호롱 호롱 호롱 산새 소리 풀잎 송송 이슬 은쟁반 아가 색실 엄마 목걸이 호롱 호롱 호롱 산새 소리 풀잎 송송 이슬 간주 호롱 호롱 호롱 산새 소리 꽃잎 송송 이슬 해님 햇살 구름 호롱 호롱 호롱 산새 소리 꽃잎 송송 이슬,sostoken 이슬 창작동요제,이슬 창작동요제 eostoken
새싹들이다 창작동요제,마음 하늘 하늘 가슴 우리들 새싹들이 두리둥실 구름 씩씩 어깨 간주 마음 하늘 하늘 가슴 우리들 새싹들이 해님 세상 무지개 빛깔 우리 우리,sostoken 새싹들이다 창작동요제,새싹들이다 창작동요제 eostoken
같이 노래를 초등학교 학년 과정,아침 아침 햇빛 저녁 포근한 노래 노래 우리 앞날 무지개 꽃동산 간주 새봄 새싹 가을 가지 열매 노래 노래 우리 앞날 무지개 꽃동산,sostoken 같이 노래를 초등학교 학년 과정,같이 노래를 초등학교 학년 과정 eostoken
저금통,벙어리 저금통 우리 어린이 저축 알뜰 어린이 어린이 창구 언니 동전 부자 우리 어린이 저축 알뜰 어린이 간주 우리들 부자 우리나라 부자 우리 어린이 저축 알뜰 어린이,sostoken 저금통,저금통 eostoken
우체부 아저씨,아저씨 아저씨 우체부 아저씨 가방 어디가세요 가방 모자 간주 편지요 편지요 언니 온데요,sostoken 우체부 아저씨,우체부 아저씨 eostoken
괜찮아요 초등학교 학년 과정,쌩쌩 난난난 털오바 때문 털장갑 때문 씩씩 난난난 간주 난난난 털모자 때문 털구두 때문 용감 난난난,sostoken 괜찮아요 초등학교 학년 과정,괜찮아요 초등학교 학년 과정 eostoken
초등학교 학년 과정,눈이옵니다 눈이옵니다 하늘나라 선녀님 송이송이 간주 눈이옵니다 하늘 눈이옵니다 하늘나라 선녀님 가루 떡가루,sostoken 초등학교 학년 과정,초등학교 학년 과정 eostoken
안녕 초등학교 학년 과정,안녕 선생님 친구 인사 어린이 어린이 반복,sostoken 안녕 초등학교 학년 과정,안녕 초등학교 학년 과정 eostoken
잘잘잘,할머니 지팡이 잘잘잘 둘하 두부 장수 두부 잘잘잘 셋하 새색시 거울 잘잘잘 넷하 냇가 빨래 잘잘잘 다섯하 다람쥐 도토리 잘잘잘 여섯하 여학생 공부 잘잘잘 일곱하 일꾼들 나무 잘잘잘 여덟하 엿장수 호박엿 잘잘잘 아홉하 아버지 신문 잘잘잘 열하 열무 장수 열무 잘잘잘,sostoken 잘잘잘,잘잘잘 eostoken
리자로 끝나는 말은 초등학교 학년 과정,리자 괴나리 보따리 댑싸리 소쿠리 유리 항아리 리자 꾀꼬리 목소리 개나리 울타리 오리 마리,sostoken 리자로 끝나는 말은 초등학교 학년 과정,리자로 끝나는 말은 초등학교 학년 과정 eostoken
삐뚤빼뚤,삐뚤빼뚤 삐뚤빼뚤 짝짝짝 삐뚤빼뚤 삐뚤빼뚤 짝짝짝 삐뚤빼뚤 삐뚤빼뚤 쭈욱쭈욱 삐뚤빼뚤 삐뚤빼뚤 쭈욱쭈욱 쿵덕쿵덕 쿵더쿵 쿵덕쿵덕 쿵더쿵 오른발 왼발 오른발 왼발 쿵덕쿵덕 쿵더쿵 오른발 왼발 오른발 왼발 쿵덕 쿵더쿵 아래 아래 붕붕붕붕 붕붕붕붕 붕붕붕붕 붕붕붕붕 붕붕붕붕 붕붕붕붕 붕붕붕붕 하나 아래 아래 붕붕붕붕 붕붕붕붕 붕붕붕붕 붕붕붕붕 붕붕붕붕 붕붕붕붕 붕붕붕붕 하나,sostoken 삐뚤빼뚤,삐뚤빼뚤 eostoken
속의 음악가,음악 다람쥐 익숙 솜씨 바이올린 애애앵앵앵 애애앵앵앵 애애앵앵앵 애애앵앵앵 간주 음악 파랑새 익숙 솜씨 피리 삐리삐삐삐 삐리삐삐삐 삐리삐삐삐 삐리삐삐삐,sostoken 속의 음악가,속의 음악가 eostoken
얼룩 송아지,송아지 송아지 얼룩 송아지 엄마소 얼룩소 엄마 간주 송아지 송아지 얼룩 송아지 얼룩,sostoken 얼룩 송아지,얼룩 송아지 eostoken
무엇을 주련,무엇 음매 음매 우유 염소 염소 무엇 따뜻한 털옷 간주 암탉아 암탉아 무엇 꼬꼬댁 꼬꼬댁 놔줄 무엇 히힝 히힝,sostoken 무엇을 주련,무엇을 주련 eostoken
반달 초등학교 학년 과정,하늘 은하수 쪽배 계수나무 나무 토끼 마리 돛대 삿대 서쪽 나라 간주 은하수 구름 나라 구름 어디 비치 샛별 등대란다,sostoken 반달 초등학교 학년 과정,반달 초등학교 학년 과정 eostoken
가을맞이,실바람 오색가을 넘실넘실 넘날아오네 가을 오네 목동들 노래 코스모스 방실방실 간주 구름 금빛 넘실넘실 넘날아오네 붉은빛 가을 오네 돌돌돌돌 귀뚜라미 노래 팔랑팔랑,sostoken 가을맞이,가을맞이 eostoken
감자도리 고백송,상관 고백 두근두근 마음 새록새록 보고픈 마음 마음 누구 사랑 용기 고백 거울 패션쇼 어제 오늘 오늘 오늘 내일 내일 내일 모레 사랑 고백 고백 고백 평생 후회 고백 사랑 고백 사랑 사랑,sostoken 감자도리 고백송,감자도리 고백송 eostoken
동생 참새래요 창작동요제,동생 참새 짹짹짹짹 짹짹짹짹 입술 오물조물 동글 조용 숙제 노래 동생 짹짹 랄랄랄라 엄마 아빠 짹짹짹짹짹 동생 간주 동생 참새 짹짹짹짹 짹짹짹짹 조용 만화 친구 동생 짹짹 랄랄랄라 엄마 짹짹짹 동생 심술 동생,sostoken 동생 참새래요 창작동요제,동생 참새래요 창작동요제 eostoken
오리 가족,개울가 개나리 방긋방긋 노랑 하늘 햇살들 게으름뱅이 부지런 오리가족 봄나들이하 졸졸졸졸 엄마 뒤뚱뒤뚱 개울 시냇가 붕어들 몽글몽글 인사 하늘 뭉게구름 간주 아기 오리들 엄마 오리 땀방울 부지런 오리가족 봄나들이하,sostoken 오리 가족,오리 가족 eostoken
옹달샘,산속 옹달샘 누구 옹달샘 누구 새벽 토끼 세수 간주 산속 옹달샘 누구 옹달샘 누구 달밤 노루 숨바꼭질 가지요,sostoken 옹달샘,옹달샘 eostoken
시냇물,냇물 어디 강물 간주 강물아 어디 세상 바다,sostoken 시냇물,시냇물 eostoken
기러기 초등학교 학년 과정,가을밤 기러기들 어디 고단한 날개 갈대들 기러기 간주 우리 기러기들,sostoken 기러기 초등학교 학년 과정,기러기 초등학교 학년 과정 eostoken
장난감 기차,장난감 기차 퐁퐁퐁 장난감 기차 퐁퐁퐁 바퀴 마당 바퀴 간주 장난감 새마을 심술쟁이 아이,sostoken 장난감 기차,장난감 기차 eostoken
가게 놀이,재밌다 아이 재밌다 재밌다 과자 오십 그림책 재밌다 아이 재밌다 재밌다 반복,sostoken 가게 놀이,가게 놀이 eostoken
할아버지 농장,할아버지 농장 이야이야오 농장 오리 이야이야오 꽥꽥 할아버지 농장 이야이야오 반복,sostoken 할아버지 농장,할아버지 농장 eostoken
매미 초등학교 학년 과정,숲속 매미 노래 하늘 과수 열매 과수 열매 간주 숲속 매미 노래 이슬아침 가을 다가온다죠 가을 다가온다,sostoken 매미 초등학교 학년 과정,매미 초등학교 학년 과정 eostoken
누가 누가 잠자나,밤하늘 누구 누구 하늘나라 아기별 깜빡깜빡 간주 누구 누구 산새 들새 간주 포근포근 엄마 누구 누구 우리 아기 아기,sostoken 누가 누가 잠자나,누가 누가 잠자나 eostoken
산바람 강바람 초등학교 학년 과정,서늘 여름 나무꾼 나무 이마 준대요 반복 시원 사공 혼자 나룻배 간대요,sostoken 산바람 강바람 초등학교 학년 과정,산바람 강바람 초등학교 학년 과정 eostoken
짤랑짤랑,짤랑짤랑 짤랑짤랑 짤랑짤랑 짤랑짤랑 쭈욱쭈욱 으쓱으쓱으쓱 쭈욱쭈욱 랄랄랄랄 랄라 깡충깡충깡충 랄랄랄랄 랄랄랄라 랄랄랄랄 랄라 깡충깡충깡충 랄랄랄라 하늘 뚝딱딱 통통통 하늘 뚝딱뚝딱뚝딱 통통통 데구루루 데구루루,sostoken 짤랑짤랑,짤랑짤랑 eostoken
개구리 초등학교 학년 과정,개굴개굴 개구리 노래 아들 손자며느리 밤새 사람 개굴개굴 개구리 노래 개굴개굴 개구리 목청 반복,sostoken 개구리 초등학교 학년 과정,개구리 초등학교 학년 과정 eostoken
초막집,숲속 초막집 창가 아이 토끼 마리 포수 쏜대요 토끼 반복,sostoken 초막집,초막집 eostoken
다섯 작은 꾀꼬리,다섯 꾀꼬리 나무 마리 꾀꼬리 꾀꼬리 꾀꼬리 꾀꼬리 날으네 꾀꼬리 마루 마리 꾀꼬리 꾀꼬리 꾀꼬리 꾀꼬리 날으네 꾀꼬리 햇볕 마리 꾀꼬리 꾀꼬리 꾀꼬리 꾀꼬리 날으네 간주 꾀꼬리 지붕 마리 하나 꾀꼬리 꾀꼬리 꾀꼬리 꾀꼬리 날으네 꾀꼬리 꾀꼬리 꾀꼬리 꾀꼬리 꾀꼬리 날으,sostoken 다섯 작은 꾀꼬리,다섯 작은 꾀꼬리 eostoken
어린 음악대,따따따 따따따 주먹 따따따 따따따 나팔 우리들 음악대 동네 간주 쿵작작 쿵작작 차돌 쿵작작 쿵작작 구경꾼 어른들 하나 따따따 따따따 주먹 따따따 따따따 나팔 우리들 음악대 동네,sostoken 어린 음악대,어린 음악대 eostoken
목장길따라,목장길 밤길 고운님 목장길 밤길 고운님 스타도 스타도 스타도라품바 스타도라품바 스타도라품바 스타도 스타도 스타도라품바 스타도라품바 품품품 근처 두견새 사랑 고백 근처 두견새 사랑 고백 스타도 스타도 스타도라품바 스타도라품바 스타도라품바 스타도 스타도 스타도라품바 스타도라품바 품품품,sostoken 목장길따라,목장길따라 eostoken
하얀 나라,세상 나라 어젯밤 꿈속 썰매 눈싸움했죠 눈사람 세상 나라 어젯밤 꿈속 반복,sostoken 하얀 나라,하얀 나라 eostoken
과일의 노래,빨강빨강 이름 자두 여러분 여러분 이름 자두 자두 과일 노랑노랑 이름 살구 여러분 여러분 이름 살구 살구 과일 빨강빨강 이름 딸기 여러분 여러분 이름 딸기 딸기 과일,sostoken 과일의 노래,과일의 노래 eostoken
하늘나라 동화 창작동요제,동산 하늘 천사 얼굴 선녀 얼굴 마음속 하늘 실바람 날개 천사들 간주 동산 하늘 천사 얼굴 선녀 얼굴 마음속 하늘 실바람 선녀들 뛰어놀고,sostoken 하늘나라 동화 창작동요제,하늘나라 동화 창작동요제 eostoken
어머님 은혜 초등학교 학년 과정,하늘 하나 어머님 은혜 하늘 간주 바다 하나 사람 어머님 은혜,sostoken 어머님 은혜 초등학교 학년 과정,어머님 은혜 초등학교 학년 과정 eostoken
등대지기 초등학교 학년 과정,달그림자 물결 한겨울 생각 등대 사람 거룩 사랑 마음 간주 비바람 바다 천지 등대 사람 거룩한 정성이 바다,sostoken 등대지기 초등학교 학년 과정,등대지기 초등학교 학년 과정 eostoken
모래성,모래성 차례 아이들 하나 모래성 간주 물결 자취 모래성 하나 파도 어두움 마을 호롱불,sostoken 모래성,모래성 eostoken
소나무,소나무 소나무 쓸쓸 가을날 눈보라 소나무 소나무 반복,sostoken 소나무,소나무 eostoken
새봄 창작동요제,하늘 아지랑이 풀피리 소리 눈꽃 나비 꽃바람 진달래 산새 간주 하늘 버들가지 여울물 소리 장단 나비 꽃바람 개나리 산새 얘기하자,sostoken 새봄 창작동요제,새봄 창작동요제 eostoken
과꽃 초등학교 학년 과정,올해 과꽃 꽃밭 누나 과꽃 꽃밭 간주 과꽃 누나 얼굴 소식 누나 가을,sostoken 과꽃 초등학교 학년 과정,과꽃 초등학교 학년 과정 eostoken
어느 창작동요제,돌배 꽃잎 낮달 구름 낮잠 꿀벌 낮달 떠날라 돌배 꽃잎 낮달 구름 낮잠 간주 꿀벌아 낮달 떠날라 돌배 꽃잎 낮달 구름 낮잠,sostoken 어느 창작동요제,어느 창작동요제 eostoken
오는 소리 초등학교 학년 과정,땅속 꽃씨 언덕 숨결 소리 포시시 꽃망울 소리 간주 나무 뿌리 맥박 소리 쏙쏙쏙 고개 밭가 냉이들 소리,sostoken 오는 소리 초등학교 학년 과정,오는 소리 초등학교 학년 과정 eostoken
나란히나란히 초등학교 학년 과정,밥상 젓가락 댓돌 신발들 짐수레 바퀴들 학교길 동무들 반복,sostoken 나란히나란히 초등학교 학년 과정,나란히나란히 초등학교 학년 과정 eostoken
파란 나라,파란나라 사랑 가득 파란나라 천사들 파란나라 강물 파란나라 울타리 찌르찌르 파랑새 안데르센 무지개 파란나라 하늘 거기 동화책 텔레비전 아빠 엄마 아무리봐 사람 누구 한번 생각 우리 한번 세상 마음 한마음 간주 찌르찌르 파랑새 안데르센 무지개 파란나라 파란하늘 거기 동화책 텔레비전 아빠 엄마 사람 누구 한번 생각 우리 한번 세상 마음 한마음 우리 한번 세상 마음 한마음 우리 한번 세상 마음 한마음 우리 어린이,sostoken 파란 나라,파란 나라 eostoken
텔레비전,텔레비전 텔레비전 얼굴 텔레비전 텔레비전 엄마 텔레비전 엄마 아기 엄마 텔레비전 엄마 간주 텔레비전 텔레비전 얼굴 텔레비전,sostoken 텔레비전,텔레비전 eostoken
활짝 웃어요,걱정 스마 스마 스마 어린이답 세상 걱정 걱정 스마 스마 스마 반복,sostoken 활짝 웃어요,활짝 웃어요 eostoken
주먹 쥐고,주먹 손뼉 주먹 손뼉 머리 해님 해님 해님 주먹 손뼉 주먹 손뼉 머리 나비 나비 나비 간주 주먹 손뼉 주먹 손뼉 머리 나팔 뚜뚜 나팔 뚜뚜 나팔 뚜뚜 나팔 불어요,sostoken 주먹 쥐고,주먹 쥐고 eostoken
병원차와 소방차,병원차 삐뽀삐뽀 삐뽀삐뽀 사람 삐뽀삐뽀 병원 삐뽀삐뽀 간주 소방차 애앵애앵 애앵애앵 애앵애앵 애앵애앵앵,sostoken 병원차와 소방차,병원차와 소방차 eostoken
작은 세상,희망 공포 우리 세상 우리 세상 희망 공포 우리 세상,sostoken 작은 세상,작은 세상 eostoken
미술 시간 창작동요제,미술 시간 시끄럽긴 미술 시간 빨주노초파남보 무지개 탐스러운 사과 열리 미술 시간 우리들 마술사 미술 시간 우리들 세상 반복,sostoken 미술 시간 창작동요제,미술 시간 창작동요제 eostoken
그러면 안돼,아이스크림 하나 꾸르르르르 꾸르르르르 꾸륵 꾸륵 골치 병원 주사 동생들 또먹겠대요 떼엑 반복,sostoken 그러면 안돼,그러면 안돼 eostoken
기운이나요,아침 마당 잡곡밥 기운 이웃 마음 기운 반복,sostoken 기운이나요,기운이나요 eostoken
감자도리쏭,도리 도리 도리 도리 감자도리 빨간망또 감자도리 고구마 모험 오바겅쥬 유혹 감자도리 마법 보석 감자도리 오늘 가슴 콩닥콩당 널위해 두려움 어려움 당연한걸 꿈인걸 정말 다정다감 순수만점 감자도리 우리 내일 소원 고구마 있을걸 다정다감 순수만점 감자도리 우리 내일 소원 고구마 있을걸,sostoken 감자도리쏭,감자도리쏭 eostoken
파란 가을 하늘 초등학교 학년 과정,하늘 아래 단풍잎 바구니 가을 간주 따슨 햇빛 장대 가을,sostoken 파란 가을 하늘 초등학교 학년 과정,파란 가을 하늘 초등학교 학년 과정 eostoken
겨울밤,부엉 부엉새 부엉 춥다고 우리들 할머니 옛날이야기 가랑잎 춥다고 우리들 화롯가 옹말졸망 먹지요,sostoken 겨울밤,겨울밤 eostoken
꼬까신 초등학교 학년 과정,개나리 노오란 꽃그늘 아래 꼬까 신하 아기 맨발 나들이 꼬까신 하나 반복,sostoken 꼬까신 초등학교 학년 과정,꼬까신 초등학교 학년 과정 eostoken
빙고,앞집 이름 빙고라 빙고 이름 반복,sostoken 빙고,빙고 eostoken
짝짜꿍,엄마 짝짜꿍 아빠 짝짜꿍 엄마 한숨 아빠 주름살 간주 해님 짝짜꿍 도리도리 짝짜꿍 우리 엄마 우리 아빠,sostoken 짝짜꿍,짝짜꿍 eostoken
바둑이 방울,달랑달랑 달랑달랑 바둑 방울 학교 마중 꼬리 달랑달랑 달랑달랑 바둑 방울 간주 달랑달랑 달랑달랑 바둑 방울 대문 삐걱 달랑달랑 달랑달랑 바둑 방울,sostoken 바둑이 방울,바둑이 방울 eostoken
개구리 유치원,개구리 유치원 연못 공부한대요 파닥파닥 텀벙텀벙 간주 헤엄 개구리 선생님 파닥파닥 텀벙텀벙,sostoken 개구리 유치원,개구리 유치원 eostoken
다람쥐,산골짜기 다람쥐 아기 다람쥐 도토리 점심가지 소풍 다람쥐 다람쥐 재주 한번 파알딱 파알딱팔딱 반복,sostoken 다람쥐,다람쥐 eostoken
노래는 즐겁다 초등학교 학년 과정,노래 멧새 비배쫑 비배쫑 비배쫑 배쫑배쫑 노래 동무 간주 노래 냇물 졸졸졸졸 노래 동무,sostoken 노래는 즐겁다 초등학교 학년 과정,노래는 즐겁다 초등학교 학년 과정 eostoken
서로서로 도와가며 초등학교 학년 과정,아랫집 윗집 사이 울타리 여기 한집 우리 한겨레다 단군 자손 간주 우리 너희 사이 울타리 잘못 용서 형제 우리 한겨레다 단군 자손,sostoken 서로서로 도와가며 초등학교 학년 과정,서로서로 도와가며 초등학교 학년 과정 eostoken
기찻길,기찻길 오막살이 아기 아기 칙칙폭폭 칙칙폭폭 칙칙폭폭 기차 소리 요란해 아기 아기 간주 기찻길 옥수수밭 옥수수 칙칙폭폭 칙칙폭폭 칙칙폭폭 기차 소리 요란해 옥수수,sostoken 기찻길,기찻길 eostoken
눈꽃새,하얀 마음 간주 빨강 빨강 마음 파랑새 파랑새 파란,sostoken 눈꽃새,눈꽃새 eostoken
둥근,보름달 동산 마을 대낮 환해요 초가집 지붕 박꽃 활짝들 달구경 반복,sostoken 둥근,둥근 eostoken
둘이 살짝 초등학교 학년 과정,왼쪽 무릎치 어깨치 손뼉 손뼉 무릎치 어깨치 손뼉 손뼉 왼쪽 반복,sostoken 둘이 살짝 초등학교 학년 과정,둘이 살짝 초등학교 학년 과정 eostoken
병아리,삐요 삐요 병아리 노래 노래 병아리 아장 아장 병아리 병아리 소꿉놀자 삐요 삐요 병아리 노래 노래 병아리,sostoken 병아리,병아리 eostoken
한국을 빛낸 명의 위인들,금수강산 단군 할아버지 홍익인간 대대손손 훌륭 인물 고구 동명왕 백제 온조왕 혁거세 만주벌판 광개토대왕 이사부 백결선생 떡방아 삼천궁녀 의자왕 황산벌 계백 관창 역사 말목 김유 문무왕 원효대사 해골 혜초 천축국 바다 왕자 장보 대조영 귀주대첩 강감찬 서희 거란족 정치 정중부 화포 최무선 죽림칠현 김부식 지눌국사 조계종 의천 천태종 대마도정벌 이종무 일편단심 정몽주 목화씨 문익점 해동공자 최충 삼국유사 일연 역사 간주 황금 최영 장군 말씀 황희 정승 맹사성 과학 장영실 숙주 한명회 역사 양병 이율곡 이퇴계 사임당 오죽헌 곽재우 조헌 김시민 이순신 태정태세문단세 사육신 생육신 논개 행주치마 권율 역사 홍길동 의적 임꺽정 대쪽 삼학사 어사 박문수 삼년 공부 한석봉 단원 풍속 방랑시인 김삿갓 김정호 영조대왕 신문 정조 규장각 목민심 정약용 녹두장군 전봉준 순교 김대건 서화가무 황진 홍경래 삼일천하 김옥균 안중근 애국 이완용 매국 역사 별헤 윤동주 종두 지석영 삼십삼 손병희 만세만세 유관순 도산 안창호 어린이날 방정환 이수일 심순애 장군 아들 김두한 날자꾸 이상 황소그림 중섭 역사,sostoken 한국을 빛낸 명의 위인들,한국을 빛낸 명의 위인들 eostoken
축하합니다 생일 축하 노래,축하 축하 당신 생일 축하 축하 축하 당신 생일 축하 하늘 별빛 방안 따사로운 웃음 우리 사랑 따뜻한 마음 축하 축하 당신 생일 축하 축하 축하 당신 생일 축하 반복,sostoken 축하합니다 생일 축하 노래,축하합니다 생일 축하 노래 eostoken
